// Auto-generated by firmware/assets/convert_font.py from
// Montserrat-Variable.ttf (ExtraBold weight) - do not hand-edit.
// Re-run the script if the weight or source font changes.
#include "font_montserrat_extrabold_48.h"

static const uint8_t glyph_bitmap[] = {
    0x02,0x99,0x99,0x99,0x99,0x99,0x60,0x02,0xFF,0xFF,0xFF,0xFF,0xFF,0x90,0x00,0xFF,
    0xFF,0xFF,0xFF,0xFF,0x70,0x00,0xEF,0xFF,0xFF,0xFF,0xFF,0x60,0x00,0xDF,0xFF,0xFF,
    0xFF,0xFF,0x50,0x00,0xCF,0xFF,0xFF,0xFF,0xFF,0x40,0x00,0xAF,0xFF,0xFF,0xFF,0xFF,
    0x20,0x00,0x9F,0xFF,0xFF,0xFF,0xFF,0x10,0x00,0x8F,0xFF,0xFF,0xFF,0xFF,0x00,0x00,
    0x7F,0xFF,0xFF,0xFF,0xFE,0x00,0x00,0x5F,0xFF,0xFF,0xFF,0xFC,0x00,0x00,0x4F,0xFF,
    0xFF,0xFF,0xFB,0x00,0x00,0x3F,0xFF,0xFF,0xFF,0xFA,0x00,0x00,0x1F,0xFF,0xFF,0xFF,
    0xF8,0x00,0x00,0x0F,0xFF,0xFF,0xFF,0xF7,0x00,0x00,0x0E,0xFF,0xFF,0xFF,0xF6,0x00,
    0x00,0x0D,0xFF,0xFF,0xFF,0xF5,0x00,0x00,0x0B,0xFF,0xFF,0xFF,0xF3,0x00,0x00,0x0A,
    0xFF,0xFF,0xFF,0xF2,0x00,0x00,0x09,0xFF,0xFF,0xFF,0xF1,0x00,0x00,0x08,0xFF,0xFF,
    0xFF,0xE0,0x00,0x00,0x05,0xBB,0xBB,0xBB,0xA0,0x00,0x00,0x00,0x00,0x00,0x00,0x00,
    0x00,0x00,0x00,0x00,0x00,0x00,0x00,0x00,0x00,0x00,0x15,0x88,0x73,0x00,0x00,0x00,
    0x04,0xEF,0xFF,0xFF,0xA1,0x00,0x00,0x4F,0xFF,0xFF,0xFF,0xFB,0x00,0x00,0xCF,0xFF,
    0xFF,0xFF,0xFF,0x40,0x02,0xFF,0xFF,0xFF,0xFF,0xFF,0x90,0x03,0xFF,0xFF,0xFF,0xFF,
    0xFF,0xA0,0x01,0xFF,0xFF,0xFF,0xFF,0xFF,0x80,0x00,0xBF,0xFF,0xFF,0xFF,0xFF,0x30,
    0x00,0x2E,0xFF,0xFF,0xFF,0xF8,0x00,0x00,0x02,0xCF,0xFF,0xFE,0x70,0x00,0x00,0x00,
    0x03,0x56,0x41,0x00,0x00,0x00,0x99,0x99,0x99,0x96,0x00,0x09,0x99,0x99,0x99,0x60,
    0x00,0xFF,0xFF,0xFF,0xF9,0x00,0x0F,0xFF,0xFF,0xFF,0x90,0x00,0xEF,0xFF,0xFF,0xF8,
    0x00,0x0E,0xFF,0xFF,0xFF,0x80,0x00,0xEF,0xFF,0xFF,0xF8,0x00,0x0E,0xFF,0xFF,0xFF,
    0x80,0x00,0xDF,0xFF,0xFF,0xF7,0x00,0x0D,0xFF,0xFF,0xFF,0x70,0x00,0xDF,0xFF,0xFF,
    0xF6,0x00,0x0D,0xFF,0xFF,0xFF,0x60,0x00,0xCF,0xFF,0xFF,0xF6,0x00,0x0C,0xFF,0xFF,
    0xFF,0x60,0x00,0xBF,0xFF,0xFF,0xF5,0x00,0x0B,0xFF,0xFF,0xFF,0x50,0x00,0xBF,0xFF,
    0xFF,0xF5,0x00,0x0B,0xFF,0xFF,0xFF,0x50,0x00,0xAF,0xFF,0xFF,0xF4,0x00,0x0A,0xFF,
    0xFF,0xFF,0x40,0x00,0x9F,0xFF,0xFF,0xF3,0x00,0x09,0xFF,0xFF,0xFF,0x30,0x00,0x9F,
    0xFF,0xFF,0xF3,0x00,0x09,0xFF,0xFF,0xFF,0x30,0x00,0x8F,0xFF,0xFF,0xF2,0x00,0x08,
    0xFF,0xFF,0xFF,0x20,0x00,0x7F,0xFF,0xFF,0xF1,0x00,0x07,0xFF,0xFF,0xFF,0x10,0x00,
    0x36,0x66,0x66,0x60,0x00,0x03,0x66,0x66,0x66,0x00,0x00,0x00,0x00,0x00,0x00,0x00,
    0x00,0x00,0x00,0x00,0x00,0x00,0x00,0x00,0x00,0x00,0x00,0x00,0x00,0x00,0x00,0x00,
    0x00,0x00,0x00,0x00,0x00,0x00,0x00,0x00,0x00,0x00,0x00,0x00,0x00,0x00,0x00,0x00,
    0x00,0x00,0x00,0x00,0x00,0x00,0x00,0x00,0x00,0x00,0x00,0x00,0x00,0x00,0x00,0x00,
    0x00,0x00,0x00,0x00,0x00,0x00,0x00,0x00,0x00,0x00,0x00,0x00,0x00,0x00,0x00,0x00,
    0x00,0x00,0x00,0x00,0x00,0x00,0x00,0x00,0x00,0x00,0x00,0x00,0x00,0x00,0x00,0x00,
    0x00,0x00,0x00,0x00,0x00,0x00,0x00,0x00,0x00,0x00,0x00,0x00,0x00,0x00,0x00,0x00,
    0x00,0x00,0x00,0x00,0x00,0x00,0x00,0x00,0x00,0x00,0x00,0x00,0x00,0x00,0x00,0x00,
    0x00,0x00,0x00,0x00,0x00,0x00,0x00,0x00,0x00,0x00,0x00,0x00,0x00,0x00,0x00,0x00,
    0x00,0x00,0x00,0x00,0x00,0x00,0x00,0x00,0x00,0x00,0x00,0x00,0x00,0x00,0x00,0x00,
    0x00,0x00,0x00,0x00,0x00,0x00,0x00,0x00,0x00,0x00,0x00,0x00,0x00,0x00,0x00,0x00,
    0x00,0x00,0x00,0x00,0x00,0x00,0x00,0x00,0x00,0x00,0x00,0x00,0x00,0x00,0x00,0x00,
    0x00,0x00,0x00,0x00,0x00,0x00,0x00,0x00,0x00,0x00,0x00,0x00,0x00,0x00,0x00,0x00,
    0x00,0x00,0x00,0x00,0x00,0x00,0x00,0x00,0x00,0x00,0x00,0x00,0x00,0x00,0x00,0x00,
    0x89,0x99,0x99,0x50,0x00,0x00,0x49,0x99,0x99,0x90,0x00,0x00,0x00,0x00,0x00,0x00,
    0x00,0x0F,0xFF,0xFF,0xF8,0x00,0x00,0x09,0xFF,0xFF,0xFE,0x00,0x00,0x00,0x00,0x00,
    0x00,0x00,0x02,0xFF,0xFF,0xFF,0x60,0x00,0x00,0xBF,0xFF,0xFF,0xC0,0x00,0x00,0x00,
    0x00,0x00,0x00,0x00,0x4F,0xFF,0xFF,0xF4,0x00,0x00,0x0C,0xFF,0xFF,0xFA,0x00,0x00,
    0x00,0x00,0x00,0x00,0x00,0x06,0xFF,0xFF,0xFF,0x20,0x00,0x00,0xEF,0xFF,0xFF,0x80,
    0x00,0x00,0x00,0x00,0x00,0x00,0x00,0x7F,0xFF,0xFF,0xF0,0x00,0x00,0x1F,0xFF,0xFF,
    0xF6,0x00,0x00,0x00,0x00,0x00,0x00,0x00,0x09,0xFF,0xFF,0xFD,0x00,0x00,0x03,0xFF,
    0xFF,0xFF,0x50,0x00,0x00,0x00,0x04,0x77,0x77,0x77,0xFF,0xFF,0xFF,0xF7,0x77,0x77,
    0xCF,0xFF,0xFF,0xFA,0x77,0x77,0x71,0x00,0x9F,0xFF,0xFF,0xFF,0xFF,0xFF,0xFF,0xFF,
    0xFF,0xFF,0xFF,0xFF,0xFF,0xFF,0xFF,0xFF,0x30,0x09,0xFF,0xFF,0xFF,0xFF,0xFF,0xFF,
    0xFF,0xFF,0xFF,0xFF,0xFF,0xFF,0xFF,0xFF,0xFF,0xF3,0x00,0x9F,0xFF,0xFF,0xFF,0xFF,
    0xFF,0xFF,0xFF,0xFF,0xFF,0xFF,0xFF,0xFF,0xFF,0xFF,0xFF,0x30,0x09,0xFF,0xFF,0xFF,
    0xFF,0xFF,0xFF,0xFF,0xFF,0xFF,0xFF,0xFF,0xFF,0xFF,0xFF,0xFF,0xF3,0x00,0x9F,0xFF,
    0xFF,0xFF,0xFF,0xFF,0xFF,0xFF,0xFF,0xFF,0xFF,0xFF,0xFF,0xFF,0xFF,0xFF,0x30,0x06,
    0xBB,0xBB,0xBF,0xFF,0xFF,0xFF,0xBB,0xBB,0xBC,0xFF,0xFF,0xFF,0xFB,0xBB,0xBB,0xB2,
    0x00,0x00,0x00,0x00,0x9F,0xFF,0xFF,0xD0,0x00,0x00,0x3F,0xFF,0xFF,0xF5,0x00,0x00,
    0x00,0x00,0x00,0x00,0x00,0x0B,0xFF,0xFF,0xFC,0x00,0x00,0x05,0xFF,0xFF,0xFF,0x30,
    0x00,0x00,0x00,0x00,0x00,0x00,0x00,0xDF,0xFF,0xFF,0xA0,0x00,0x00,0x6F,0xFF,0xFF,
    0xF1,0x00,0x00,0x00,0x00,0x00,0x00,0x00,0x0F,0xFF,0xFF,0xF8,0x00,0x00,0x08,0xFF,
    0xFF,0xFE,0x00,0x00,0x00,0x00,0x00,0x00,0x00,0x02,0xFF,0xFF,0xFF,0x60,0x00,0x00,
    0xAF,0xFF,0xFF,0xC0,0x00,0x00,0x00,0x00,0x00,0x00,0x00,0x4F,0xFF,0xFF,0xF4,0x00,
    0x00,0x0C,0xFF,0xFF,0xFB,0x00,0x00,0x00,0x00,0x15,0x55,0x55,0x5A,0xFF,0xFF,0xFF,
    0x75,0x55,0x55,0xFF,0xFF,0xFF,0xE5,0x55,0x55,0x30,0x03,0xFF,0xFF,0xFF,0xFF,0xFF,
    0xFF,0xFF,0xFF,0xFF,0xFF,0xFF,0xFF,0xFF,0xFF,0xFF,0xF9,0x00,0x3F,0xFF,0xFF,0xFF,
    0xFF,0xFF,0xFF,0xFF,0xFF,0xFF,0xFF,0xFF,0xFF,0xFF,0xFF,0xFF,0x90,0x03,0xFF,0xFF,
    0xFF,0xFF,0xFF,0xFF,0xFF,0xFF,0xFF,0xFF,0xFF,0xFF,0xFF,0xFF,0xFF,0xF9,0x00,0x3F,
    0xFF,0xFF,0xFF,0xFF,0xFF,0xFF,0xFF,0xFF,0xFF,0xFF,0xFF,0xFF,0xFF,0xFF,0xFF,0x90,
    0x03,0xFF,0xFF,0xFF,0xFF,0xFF,0xFF,0xFF,0xFF,0xFF,0xFF,0xFF,0xFF,0xFF,0xFF,0xFF,
    0xF9,0x00,0x3D,0xDD,0xDD,0xFF,0xFF,0xFF,0xFF,0xDD,0xDD,0xDF,0xFF,0xFF,0xFF,0xDD,
    0xDD,0xDD,0x80,0x00,0x00,0x00,0x04,0xFF,0xFF,0xFF,0x40,0x00,0x00,0xCF,0xFF,0xFF,
    0xB0,0x00,0x00,0x00,0x00,0x00,0x00,0x00,0x5F,0xFF,0xFF,0xF2,0x00,0x00,0x0E,0xFF,
    0xFF,0xF9,0x00,0x00,0x00,0x00,0x00,0x00,0x00,0x07,0xFF,0xFF,0xFF,0x00,0x00,0x01,
    0xFF,0xFF,0xFF,0x70,0x00,0x00,0x00,0x00,0x00,0x00,0x00,0x9F,0xFF,0xFF,0xE0,0x00,
    0x00,0x2F,0xFF,0xFF,0xF5,0x00,0x00,0x00,0x00,0x00,0x00,0x00,0x0B,0xFF,0xFF,0xFC,
    0x00,0x00,0x04,0xFF,0xFF,0xFF,0x30,0x00,0x00,0x00,0x00,0x00,0x00,0x00,0xDF,0xFF,
    0xFF,0xA0,0x00,0x00,0x6F,0xFF,0xFF,0xF1,0x00,0x00,0x00,0x00,0x00,0x00,0x00,0x0F,
    0xFF,0xFF,0xF8,0x00,0x00,0x08,0xFF,0xFF,0xFE,0x00,0x00,0x00,0x00,0x00,0x00,0x00,
    0x00,0x00,0x00,0x00,0x05,0x55,0x55,0x40,0x00,0x00,0x00,0x00,0x00,0x00,0x00,0x00,
    0x00,0x00,0x00,0x01,0xFF,0xFF,0xFB,0x00,0x00,0x00,0x00,0x00,0x00,0x00,0x00,0x00,
    0x00,0x00,0x00,0x1F,0xFF,0xFF,0xB0,0x00,0x00,0x00,0x00,0x00,0x00,0x00,0x00,0x00,
    0x00,0x00,0x01,0xFF,0xFF,0xFB,0x00,0x00,0x00,0x00,0x00,0x00,0x00,0x00,0x00,0x00,
    0x00,0x00,0x1F,0xFF,0xFF,0xB0,0x00,0x00,0x00,0x00,0x00,0x00,0x00,0x00,0x00,0x00,
    0x00,0x01,0xFF,0xFF,0xFD,0x10,0x00,0x00,0x00,0x00,0x00,0x00,0x00,0x00,0x00,0x04,
    0x8C,0xFF,0xFF,0xFF,0xFF,0xEC,0x95,0x10,0x00,0x00,0x00,0x00,0x00,0x00,0x6D,0xFF,
    0xFF,0xFF,0xFF,0xFF,0xFF,0xFF,0xFF,0xB5,0x00,0x00,0x00,0x00,0x03,0xDF,0xFF,0xFF,
    0xFF,0xFF,0xFF,0xFF,0xFF,0xFF,0xFF,0xFD,0x40,0x00,0x00,0x05,0xFF,0xFF,0xFF,0xFF,
    0xFF,0xFF,0xFF,0xFF,0xFF,0xFF,0xFF,0xF4,0x00,0x00,0x04,0xFF,0xFF,0xFF,0xFF,0xFF,
    0xFF,0xFF,0xFF,0xFF,0xFF,0xFF,0xFD,0x00,0x00,0x01,0xEF,0xFF,0xFF,0xFF,0xFF,0xFF,
    0xFF,0xFF,0xFF,0xFF,0xFF,0xFF,0x70,0x00,0x00,0x8F,0xFF,0xFF,0xFF,0xFF,0xFF,0xFF,
    0xFF,0xFF,0xFF,0xFF,0xFF,0xF1,0x00,0x00,0x0D,0xFF,0xFF,0xFF,0xFF,0xFE,0xFF,0xFF,
    0xFF,0x7A,0xEF,0xFF,0xFA,0x00,0x00,0x02,0xFF,0xFF,0xFF,0xFF,0xFA,0x1F,0xFF,0xFF,
    0xB0,0x00,0x4A,0xFF,0x30,0x00,0x00,0x5F,0xFF,0xFF,0xFF,0xFF,0x21,0xFF,0xFF,0xFB,
    0x00,0x00,0x02,0x70,0x00,0x00,0x06,0xFF,0xFF,0xFF,0xFF,0xF1,0x1F,0xFF,0xFF,0xB0,
    0x00,0x00,0x00,0x00,0x00,0x00,0x5F,0xFF,0xFF,0xFF,0xFF,0x91,0xFF,0xFF,0xFB,0x00,
    0x00,0x00,0x00,0x00,0x00,0x04,0xFF,0xFF,0xFF,0xFF,0xFF,0xEF,0xFF,0xFF,0xB0,0x00,
    0x00,0x00,0x00,0x00,0x00,0x1F,0xFF,0xFF,0xFF,0xFF,0xFF,0xFF,0xFF,0xFE,0x00,0x00,
    0x00,0x00,0x00,0x00,0x00,0xAF,0xFF,0xFF,0xFF,0xFF,0xFF,0xFF,0xFF,0xFE,0xA6,0x20,
    0x00,0x00,0x00,0x00,0x02,0xEF,0xFF,0xFF,0xFF,0xFF,0xFF,0xFF,0xFF,0xFF,0xFF,0xC5,
    0x00,0x00,0x00,0x00,0x04,0xFF,0xFF,0xFF,0xFF,0xFF,0xFF,0xFF,0xFF,0xFF,0xFF,0xFC,
    0x40,0x00,0x00,0x00,0x04,0xEF,0xFF,0xFF,0xFF,0xFF,0xFF,0xFF,0xFF,0xFF,0xFF,0xFF,
    0x60,0x00,0x00,0x00,0x01,0x8F,0xFF,0xFF,0xFF,0xFF,0xFF,0xFF,0xFF,0xFF,0xFF,0xFF,
    0x50,0x00,0x00,0x00,0x00,0x16,0xCF,0xFF,0xFF,0xFF,0xFF,0xFF,0xFF,0xFF,0xFF,0xFE,
    0x10,0x00,0x00,0x00,0x00,0x00,0x15,0xAF,0xFF,0xFF,0xFF,0xFF,0xFF,0xFF,0xFF,0xF8,
    0x00,0x00,0x00,0x00,0x00,0x00,0x01,0xFF,0xFF,0xFF,0xFF,0xFF,0xFF,0xFF,0xFF,0xC0,
    0x00,0x00,0x00,0x00,0x00,0x00,0x1F,0xFF,0xFF,0xDA,0xFF,0xFF,0xFF,0xFF,0xFF,0x00,
    0x00,0x00,0x00,0x00,0x00,0x01,0xFF,0xFF,0xFB,0x0A,0xFF,0xFF,0xFF,0xFF,0xF1,0x00,
    0x02,0xC4,0x00,0x00,0x00,0x1F,0xFF,0xFF,0xB0,0x5F,0xFF,0xFF,0xFF,0xFF,0x00,0x00,
    0x8F,0xFB,0x50,0x00,0x01,0xFF,0xFF,0xFB,0x09,0xFF,0xFF,0xFF,0xFF,0xD0,0x00,0x1E,
    0xFF,0xFF,0xE9,0x62,0x1F,0xFF,0xFF,0xD9,0xFF,0xFF,0xFF,0xFF,0xFA,0x00,0x07,0xFF,
    0xFF,0xFF,0xFF,0xFF,0xFF,0xFF,0xFF,0xFF,0xFF,0xFF,0xFF,0xFF,0x50,0x00,0xDF,0xFF,
    0xFF,0xFF,0xFF,0xFF,0xFF,0xFF,0xFF,0xFF,0xFF,0xFF,0xFF,0xC0,0x00,0x5F,0xFF,0xFF,
    0xFF,0xFF,0xFF,0xFF,0xFF,0xFF,0xFF,0xFF,0xFF,0xFF,0xF3,0x00,0x0C,0xFF,0xFF,0xFF,
    0xFF,0xFF,0xFF,0xFF,0xFF,0xFF,0xFF,0xFF,0xFF,0xF5,0x00,0x00,0x5D,0xFF,0xFF,0xFF,
    0xFF,0xFF,0xFF,0xFF,0xFF,0xFF,0xFF,0xFF,0xE4,0x00,0x00,0x00,0x05,0xBF,0xFF,0xFF,
    0xFF,0xFF,0xFF,0xFF,0xFF,0xFF,0xFF,0x91,0x00,0x00,0x00,0x00,0x00,0x27,0xBE,0xFF,
    0xFF,0xFF,0xFF,0xFF,0xFF,0xD8,0x20,0x00,0x00,0x00,0x00,0x00,0x00,0x00,0x02,0x57,
    0x9F,0xFF,0xFF,0xF5,0x20,0x00,0x00,0x00,0x00,0x00,0x00,0x00,0x00,0x00,0x00,0x01,
    0xFF,0xFF,0xFB,0x00,0x00,0x00,0x00,0x00,0x00,0x00,0x00,0x00,0x00,0x00,0x00,0x1F,
    0xFF,0xFF,0xB0,0x00,0x00,0x00,0x00,0x00,0x00,0x00,0x00,0x00,0x00,0x00,0x01,0xFF,
    0xFF,0xFB,0x00,0x00,0x00,0x00,0x00,0x00,0x00,0x00,0x00,0x00,0x00,0x00,0x1F,0xFF,
    0xFF,0xB0,0x00,0x00,0x00,0x00,0x00,0x00,0x00,0x00,0x00,0x00,0x00,0x01,0xCC,0xCC,
    0xC8,0x00,0x00,0x00,0x00,0x00,0x00,0x00,0x00,0x00,0x00,0x00,0x00,0x00,0x00,0x00,
    0x00,0x00,0x00,0x00,0x00,0x00,0x00,0x00,0x00,0x00,0x00,0x00,0x00,0x00,0x00,0x17,
    0xBE,0xFF,0xC9,0x30,0x00,0x00,0x00,0x00,0x00,0x00,0x00,0x69,0x99,0x99,0x92,0x00,
    0x00,0x00,0x00,0x00,0x5E,0xFF,0xFF,0xFF,0xFF,0x90,0x00,0x00,0x00,0x00,0x00,0x00,
    0x3F,0xFF,0xFF,0xFA,0x00,0x00,0x00,0x00,0x00,0x7F,0xFF,0xFF,0xFF,0xFF,0xFF,0xC0,
    0x00,0x00,0x00,0x00,0x00,0x1D,0xFF,0xFF,0xFE,0x10,0x00,0x00,0x00,0x00,0x4F,0xFF,
    0xFF,0xFF,0xFF,0xFF,0xFF,0x90,0x00,0x00,0x00,0x00,0x09,0xFF,0xFF,0xFF,0x50,0x00,
    0x00,0x00,0x00,0x0D,0xFF,0xFF,0xFD,0x8A,0xFF,0xFF,0xFF,0x40,0x00,0x00,0x00,0x04,
    0xFF,0xFF,0xFF,0xA0,0x00,0x00,0x00,0x00,0x05,0xFF,0xFF,0xFC,0x10,0x07,0xFF,0xFF,
    0xFA,0x00,0x00,0x00,0x01,0xDF,0xFF,0xFF,0xD1,0x00,0x00,0x00,0x00,0x00,0xAF,0xFF,
    0xFF,0x40,0x00,0x0D,0xFF,0xFF,0xE0,0x00,0x00,0x00,0x9F,0xFF,0xFF,0xF4,0x00,0x00,
    0x00,0x00,0x00,0x0C,0xFF,0xFF,0xF0,0x00,0x00,0xAF,0xFF,0xFF,0x20,0x00,0x00,0x5F,
    0xFF,0xFF,0xF9,0x00,0x00,0x00,0x00,0x00,0x00,0xEF,0xFF,0xFD,0x00,0x00,0x08,0xFF,
    0xFF,0xF4,0x00,0x00,0x1E,0xFF,0xFF,0xFD,0x10,0x00,0x00,0x00,0x00,0x00,0x0E,0xFF,
    0xFF,0xD0,0x00,0x00,0x8F,0xFF,0xFF,0x40,0x00,0x0A,0xFF,0xFF,0xFF,0x30,0x00,0x00,
    0x00,0x00,0x00,0x00,0xDF,0xFF,0xFE,0x00,0x00,0x09,0xFF,0xFF,0xF3,0x00,0x05,0xFF,
    0xFF,0xFF,0x80,0x00,0x00,0x00,0x00,0x00,0x00,0x0B,0xFF,0xFF,0xF1,0x00,0x00,0xBF,
    0xFF,0xFF,0x10,0x02,0xEF,0xFF,0xFF,0xC0,0x00,0x00,0x00,0x00,0x00,0x00,0x00,0x8F,
    0xFF,0xFF,0x70,0x00,0x2F,0xFF,0xFF,0xD0,0x00,0xBF,0xFF,0xFF,0xF3,0x00,0x00,0x00,
    0x00,0x00,0x00,0x00,0x03,0xFF,0xFF,0xFE,0x50,0x2C,0xFF,0xFF,0xF8,0x00,0x6F,0xFF,
    0xFF,0xF7,0x00,0x00,0x00,0x00,0x00,0x00,0x00,0x00,0x0A,0xFF,0xFF,0xFF,0xFF,0xFF,
    0xFF,0xFE,0x10,0x2E,0xFF,0xFF,0xFC,0x00,0x00,0x00,0x00,0x00,0x00,0x00,0x00,0x00,
    0x1D,0xFF,0xFF,0xFF,0xFF,0xFF,0xFF,0x40,0x0B,0xFF,0xFF,0xFF,0x20,0x00,0x00,0x23,
    0x20,0x00,0x00,0x00,0x00,0x00,0x3D,0xFF,0xFF,0xFF,0xFF,0xFF,0x60,0x07,0xFF,0xFF,
    0xFF,0x70,0x00,0x5B,0xFF,0xFF,0xEA,0x30,0x00,0x00,0x00,0x00,0x19,0xFF,0xFF,0xFF,
    0xFC,0x30,0x02,0xFF,0xFF,0xFF,0xB0,0x01,0xBF,0xFF,0xFF,0xFF,0xFF,0x80,0x00,0x00,
    0x00,0x00,0x01,0x58,0x88,0x62,0x00,0x00,0xCF,0xFF,0xFF,0xE2,0x01,0xDF,0xFF,0xFF,
    0xFF,0xFF,0xFF,0xA0,0x00,0x00,0x00,0x00,0x00,0x00,0x00,0x00,0x00,0x8F,0xFF,0xFF,
    0xF6,0x00,0xAF,0xFF,0xFF,0xFF,0xFF,0xFF,0xFF,0x60,0x00,0x00,0x00,0x00,0x00,0x00,
    0x00,0x00,0x3F,0xFF,0xFF,0xFB,0x00,0x4F,0xFF,0xFF,0xF8,0x6A,0xFF,0xFF,0xFE,0x10,
    0x00,0x00,0x00,0x00,0x00,0x00,0x00,0x0D,0xFF,0xFF,0xFE,0x10,0x0B,0xFF,0xFF,0xF6,
    0x00,0x0A,0xFF,0xFF,0xF6,0x00,0x00,0x00,0x00,0x00,0x00,0x00,0x08,0xFF,0xFF,0xFF,
    0x50,0x00,0xEF,0xFF,0xFD,0x00,0x00,0x2F,0xFF,0xFF,0xB0,0x00,0x00,0x00,0x00,0x00,
    0x00,0x04,0xFF,0xFF,0xFF,0xA0,0x00,0x2F,0xFF,0xFF,0xA0,0x00,0x00,0xEF,0xFF,0xFD,
    0x00,0x00,0x00,0x00,0x00,0x00,0x01,0xDF,0xFF,0xFF,0xE1,0x00,0x03,0xFF,0xFF,0xF9,
    0x00,0x00,0x0D,0xFF,0xFF,0xE0,0x00,0x00,0x00,0x00,0x00,0x00,0x9F,0xFF,0xFF,0xF4,
    0x00,0x00,0x3F,0xFF,0xFF,0x80,0x00,0x00,0xCF,0xFF,0xFE,0x00,0x00,0x00,0x00,0x00,
    0x00,0x4F,0xFF,0xFF,0xF9,0x00,0x00,0x03,0xFF,0xFF,0xF9,0x00,0x00,0x0E,0xFF,0xFF,
    0xE0,0x00,0x00,0x00,0x00,0x00,0x1D,0xFF,0xFF,0xFD,0x10,0x00,0x00,0x1F,0xFF,0xFF,
    0xC0,0x00,0x01,0xFF,0xFF,0xFB,0x00,0x00,0x00,0x00,0x00,0x0A,0xFF,0xFF,0xFF,0x40,
    0x00,0x00,0x00,0xCF,0xFF,0xFF,0x30,0x00,0x7F,0xFF,0xFF,0x80,0x00,0x00,0x00,0x00,
    0x05,0xFF,0xFF,0xFF,0x80,0x00,0x00,0x00,0x06,0xFF,0xFF,0xFE,0x52,0x7F,0xFF,0xFF,
    0xF2,0x00,0x00,0x00,0x00,0x01,0xEF,0xFF,0xFF,0xD0,0x00,0x00,0x00,0x00,0x1D,0xFF,
    0xFF,0xFF,0xFF,0xFF,0xFF,0xF9,0x00,0x00,0x00,0x00,0x00,0xAF,0xFF,0xFF,0xF3,0x00,
    0x00,0x00,0x00,0x00,0x3F,0xFF,0xFF,0xFF,0xFF,0xFF,0xFD,0x10,0x00,0x00,0x00,0x00,
    0x6F,0xFF,0xFF,0xF8,0x00,0x00,0x00,0x00,0x00,0x00,0x4E,0xFF,0xFF,0xFF,0xFF,0xFB,
    0x10,0x00,0x00,0x00,0x00,0x2E,0xFF,0xFF,0xFC,0x00,0x00,0x00,0x00,0x00,0x00,0x00,
    0x19,0xEF,0xFF,0xFF,0xD7,0x00,0x00,0x00,0x00,0x00,0x00,0x00,0x00,0x00,0x00,0x00,
    0x00,0x00,0x00,0x00,0x00,0x00,0x00,0x46,0x65,0x30,0x00,0x00,0x00,0x00,0x00,0x00,
    0x00,0x00,0x00,0x00,0x01,0x10,0x00,0x00,0x00,0x00,0x00,0x00,0x00,0x00,0x00,0x00,
    0x00,0x00,0x00,0x00,0x05,0x9D,0xFF,0xFF,0xED,0x84,0x00,0x00,0x00,0x00,0x00,0x00,
    0x00,0x00,0x00,0x00,0x00,0x07,0xEF,0xFF,0xFF,0xFF,0xFF,0xFF,0xD5,0x00,0x00,0x00,
    0x00,0x00,0x00,0x00,0x00,0x00,0x01,0xCF,0xFF,0xFF,0xFF,0xFF,0xFF,0xFF,0xFF,0x80,
    0x00,0x00,0x00,0x00,0x00,0x00,0x00,0x00,0x1C,0xFF,0xFF,0xFF,0xFF,0xFF,0xFF,0xFF,
    0xFF,0xF7,0x00,0x00,0x00,0x00,0x00,0x00,0x00,0x00,0x9F,0xFF,0xFF,0xFF,0xFF,0xFF,
    0xFF,0xFF,0xFF,0xFE,0x20,0x00,0x00,0x00,0x00,0x00,0x00,0x02,0xFF,0xFF,0xFF,0xFF,
    0xFF,0xEF,0xFF,0xFF,0xFF,0xFF,0x80,0x00,0x00,0x00,0x00,0x00,0x00,0x07,0xFF,0xFF,
    0xFF,0xFF,0x91,0x01,0x9F,0xFF,0xFF,0xFF,0xB0,0x00,0x00,0x00,0x00,0x00,0x00,0x0A,
    0xFF,0xFF,0xFF,0xFC,0x00,0x00,0x0D,0xFF,0xFF,0xFF,0xD0,0x00,0x00,0x00,0x00,0x00,
    0x00,0x0B,0xFF,0xFF,0xFF,0xF9,0x00,0x00,0x0C,0xFF,0xFF,0xFF,0xD0,0x00,0x00,0x00,
    0x00,0x00,0x00,0x09,0xFF,0xFF,0xFF,0xFC,0x00,0x00,0x3F,0xFF,0xFF,0xFF,0xB0,0x00,
    0x00,0x00,0x00,0x00,0x00,0x07,0xFF,0xFF,0xFF,0xFF,0x60,0x03,0xEF,0xFF,0xFF,0xFF,
    0x70,0x00,0x00,0x00,0x00,0x00,0x00,0x02,0xFF,0xFF,0xFF,0xFF,0xF6,0x8F,0xFF,0xFF,
    0xFF,0xFE,0x10,0x00,0x00,0x00,0x00,0x00,0x00,0x00,0xAF,0xFF,0xFF,0xFF,0xFF,0xFF,
    0xFF,0xFF,0xFF,0xF7,0x00,0x00,0x00,0x00,0x00,0x00,0x00,0x00,0x1E,0xFF,0xFF,0xFF,
    0xFF,0xFF,0xFF,0xFF,0xFF,0x90,0x00,0x00,0x00,0x00,0x00,0x00,0x00,0x00,0x04,0xFF,
    0xFF,0xFF,0xFF,0xFF,0xFF,0xFF,0xF8,0x00,0x00,0x00,0x00,0x00,0x00,0x00,0x00,0x00,
    0x02,0xFF,0xFF,0xFF,0xFF,0xFF,0xFF,0xFD,0x40,0x00,0x00,0x00,0x00,0x00,0x00,0x00,
    0x00,0x00,0x6E,0xFF,0xFF,0xFF,0xFF,0xFF,0xFF,0xF1,0x00,0x00,0x1D,0x95,0x10,0x00,
    0x00,0x00,0x00,0x1A,0xFF,0xFF,0xFF,0xFF,0xFF,0xFF,0xFF,0xFD,0x20,0x00,0x4F,0xFF,
    0xFB,0x62,0x00,0x00,0x01,0xBF,0xFF,0xFF,0xFF,0xFF,0xFF,0xFF,0xFF,0xFF,0xD3,0x00,
    0x8F,0xFF,0xFF,0xFF,0x40,0x00,0x0A,0xFF,0xFF,0xFF,0xFF,0xFF,0xFF,0xFF,0xFF,0xFF,
    0xFE,0x40,0xDF,0xFF,0xFF,0xFF,0x10,0x00,0x5F,0xFF,0xFF,0xFF,0xFF,0x81,0xCF,0xFF,
    0xFF,0xFF,0xFF,0xFA,0xFF,0xFF,0xFF,0xFC,0x00,0x00,0xCF,0xFF,0xFF,0xFF,0xF7,0x00,
    0x1A,0xFF,0xFF,0xFF,0xFF,0xFF,0xFF,0xFF,0xFF,0xF6,0x00,0x02,0xFF,0xFF,0xFF,0xFF,
    0xC0,0x00,0x00,0x9F,0xFF,0xFF,0xFF,0xFF,0xFF,0xFF,0xFF,0xF1,0x00,0x05,0xFF,0xFF,
    0xFF,0xFF,0x80,0x00,0x00,0x07,0xFF,0xFF,0xFF,0xFF,0xFF,0xFF,0xFF,0x90,0x00,0x07,
    0xFF,0xFF,0xFF,0xFF,0x70,0x00,0x00,0x00,0x6F,0xFF,0xFF,0xFF,0xFF,0xFF,0xFE,0x10,
    0x00,0x07,0xFF,0xFF,0xFF,0xFF,0xC0,0x00,0x00,0x00,0x04,0xEF,0xFF,0xFF,0xFF,0xFF,
    0xF9,0x00,0x00,0x06,0xFF,0xFF,0xFF,0xFF,0xF9,0x00,0x00,0x00,0x01,0xBF,0xFF,0xFF,
    0xFF,0xFF,0xFE,0x30,0x00,0x02,0xFF,0xFF,0xFF,0xFF,0xFF,0xD8,0x54,0x57,0xBF,0xFF,
    0xFF,0xFF,0xFF,0xFF,0xFF,0xE4,0x00,0x00,0xBF,0xFF,0xFF,0xFF,0xFF,0xFF,0xFF,0xFF,
    0xFF,0xFF,0xFF,0xFF,0xFF,0xFF,0xFF,0xFF,0x50,0x00,0x3F,0xFF,0xFF,0xFF,0xFF,0xFF,
    0xFF,0xFF,0xFF,0xFF,0xFF,0xFF,0xFF,0xFF,0xFF,0xFF,0x60,0x00,0x05,0xFF,0xFF,0xFF,
    0xFF,0xFF,0xFF,0xFF,0xFF,0xFF,0xFF,0xFF,0xFF,0xFF,0xFF,0xF8,0x00,0x00,0x00,0x5E,
    0xFF,0xFF,0xFF,0xFF,0xFF,0xFF,0xFF,0xFF,0xFF,0xF9,0x9F,0xFF,0xFF,0x90,0x00,0x00,
    0x00,0x02,0xBF,0xFF,0xFF,0xFF,0xFF,0xFF,0xFF,0xFF,0xFB,0x30,0x06,0xFF,0xFB,0x00,
    0x00,0x00,0x00,0x00,0x03,0x9E,0xFF,0xFF,0xFF,0xFF,0xFF,0xD9,0x30,0x00,0x00,0x5F,
    0xC1,0x00,0x00,0x00,0x00,0x00,0x00,0x00,0x36,0x89,0xA9,0x97,0x52,0x00,0x00,0x00,
    0x00,0x04,0x20,0x00,0x00,0x00,0x99,0x99,0x99,0x96,0x00,0x00,0xFF,0xFF,0xFF,0xF9,
    0x00,0x00,0xEF,0xFF,0xFF,0xF8,0x00,0x00,0xEF,0xFF,0xFF,0xF8,0x00,0x00,0xDF,0xFF,
    0xFF,0xF7,0x00,0x00,0xDF,0xFF,0xFF,0xF6,0x00,0x00,0xCF,0xFF,0xFF,0xF6,0x00,0x00,
    0xBF,0xFF,0xFF,0xF5,0x00,0x00,0xBF,0xFF,0xFF,0xF5,0x00,0x00,0xAF,0xFF,0xFF,0xF4,
    0x00,0x00,0x9F,0xFF,0xFF,0xF3,0x00,0x00,0x9F,0xFF,0xFF,0xF3,0x00,0x00,0x8F,0xFF,
    0xFF,0xF2,0x00,0x00,0x7F,0xFF,0xFF,0xF1,0x00,0x00,0x36,0x66,0x66,0x60,0x00,0x00,
    0x00,0x00,0x00,0x00,0x00,0x00,0x00,0x00,0x00,0x00,0x00,0x00,0x00,0x00,0x00,0x00,
    0x00,0x00,0x00,0x00,0x00,0x00,0x00,0x00,0x00,0x00,0x00,0x00,0x00,0x00,0x00,0x00,
    0x00,0x00,0x00,0x00,0x00,0x00,0x00,0x00,0x00,0x00,0x00,0x00,0x00,0x00,0x00,0x00,
    0x00,0x00,0x00,0x00,0x00,0x00,0x00,0x00,0x00,0x00,0x00,0x00,0x00,0x00,0x00,0x00,
    0x00,0x00,0x00,0x00,0x00,0x00,0x00,0x00,0x00,0x00,0x00,0x00,0x00,0x00,0x00,0x00,
    0x00,0x00,0x00,0x00,0x00,0x00,0x00,0x00,0x00,0x00,0x00,0x00,0x00,0x00,0x00,0x00,
    0x00,0x00,0x00,0x00,0x00,0x00,0x00,0x00,0x00,0x00,0x00,0x00,0x00,0x00,0x00,0x00,
    0x00,0x00,0x00,0x00,0x00,0x19,0x99,0x99,0x99,0x96,0x00,0x00,0x00,0x00,0x9F,0xFF,
    0xFF,0xFF,0xF3,0x00,0x00,0x00,0x03,0xFF,0xFF,0xFF,0xFF,0xA0,0x00,0x00,0x00,0x0B,
    0xFF,0xFF,0xFF,0xFF,0x30,0x00,0x00,0x00,0x4F,0xFF,0xFF,0xFF,0xFB,0x00,0x00,0x00,
    0x00,0xBF,0xFF,0xFF,0xFF,0xF4,0x00,0x00,0x00,0x02,0xFF,0xFF,0xFF,0xFF,0xD0,0x00,
    0x00,0x00,0x08,0xFF,0xFF,0xFF,0xFF,0x80,0x00,0x00,0x00,0x0D,0xFF,0xFF,0xFF,0xFF,
    0x20,0x00,0x00,0x00,0x3F,0xFF,0xFF,0xFF,0xFC,0x00,0x00,0x00,0x00,0x7F,0xFF,0xFF,
    0xFF,0xF8,0x00,0x00,0x00,0x00,0xBF,0xFF,0xFF,0xFF,0xF4,0x00,0x00,0x00,0x00,0xEF,
    0xFF,0xFF,0xFF,0xF0,0x00,0x00,0x00,0x03,0xFF,0xFF,0xFF,0xFF,0xC0,0x00,0x00,0x00,
    0x06,0xFF,0xFF,0xFF,0xFF,0x90,0x00,0x00,0x00,0x08,0xFF,0xFF,0xFF,0xFF,0x60,0x00,
    0x00,0x00,0x0B,0xFF,0xFF,0xFF,0xFF,0x40,0x00,0x00,0x00,0x0C,0xFF,0xFF,0xFF,0xFF,
    0x20,0x00,0x00,0x00,0x0E,0xFF,0xFF,0xFF,0xFF,0x10,0x00,0x00,0x00,0x0F,0xFF,0xFF,
    0xFF,0xFE,0x00,0x00,0x00,0x00,0x1F,0xFF,0xFF,0xFF,0xFD,0x00,0x00,0x00,0x00,0x1F,
    0xFF,0xFF,0xFF,0xFD,0x00,0x00,0x00,0x00,0x1F,0xFF,0xFF,0xFF,0xFD,0x00,0x00,0x00,
    0x00,0x1F,0xFF,0xFF,0xFF,0xFD,0x00,0x00,0x00,0x00,0x1F,0xFF,0xFF,0xFF,0xFD,0x00,
    0x00,0x00,0x00,0x0F,0xFF,0xFF,0xFF,0xFE,0x00,0x00,0x00,0x00,0x0F,0xFF,0xFF,0xFF,
    0xFF,0x00,0x00,0x00,0x00,0x0D,0xFF,0xFF,0xFF,0xFF,0x10,0x00,0x00,0x00,0x0C,0xFF,
    0xFF,0xFF,0xFF,0x30,0x00,0x00,0x00,0x0A,0xFF,0xFF,0xFF,0xFF,0x50,0x00,0x00,0x00,
    0x08,0xFF,0xFF,0xFF,0xFF,0x70,0x00,0x00,0x00,0x05,0xFF,0xFF,0xFF,0xFF,0x90,0x00,
    0x00,0x00,0x02,0xFF,0xFF,0xFF,0xFF,0xD0,0x00,0x00,0x00,0x00,0xEF,0xFF,0xFF,0xFF,
    0xF1,0x00,0x00,0x00,0x00,0xAF,0xFF,0xFF,0xFF,0xF5,0x00,0x00,0x00,0x00,0x6F,0xFF,
    0xFF,0xFF,0xF9,0x00,0x00,0x00,0x00,0x1F,0xFF,0xFF,0xFF,0xFE,0x00,0x00,0x00,0x00,
    0x0C,0xFF,0xFF,0xFF,0xFF,0x40,0x00,0x00,0x00,0x06,0xFF,0xFF,0xFF,0xFF,0x90,0x00,
    0x00,0x00,0x01,0xEF,0xFF,0xFF,0xFF,0xE1,0x00,0x00,0x00,0x00,0x9F,0xFF,0xFF,0xFF,
    0xF6,0x00,0x00,0x00,0x00,0x2F,0xFF,0xFF,0xFF,0xFD,0x00,0x00,0x00,0x00,0x09,0xFF,
    0xFF,0xFF,0xFF,0x50,0x00,0x00,0x00,0x01,0xEF,0xFF,0xFF,0xFF,0xD0,0x00,0x00,0x00,
    0x00,0x6F,0xFF,0xFF,0xFF,0xF6,0x00,0x00,0x00,0x00,0x05,0x55,0x55,0x55,0x53,0x08,
    0x99,0x99,0x99,0x97,0x00,0x00,0x00,0x00,0x00,0x8F,0xFF,0xFF,0xFF,0xF5,0x00,0x00,
    0x00,0x00,0x01,0xEF,0xFF,0xFF,0xFF,0xE1,0x00,0x00,0x00,0x00,0x07,0xFF,0xFF,0xFF,
    0xFF,0x70,0x00,0x00,0x00,0x00,0x1E,0xFF,0xFF,0xFF,0xFE,0x10,0x00,0x00,0x00,0x00,
    0x8F,0xFF,0xFF,0xFF,0xF7,0x00,0x00,0x00,0x00,0x02,0xFF,0xFF,0xFF,0xFF,0xD0,0x00,
    0x00,0x00,0x00,0x0C,0xFF,0xFF,0xFF,0xFF,0x40,0x00,0x00,0x00,0x00,0x6F,0xFF,0xFF,
    0xFF,0xF9,0x00,0x00,0x00,0x00,0x01,0xFF,0xFF,0xFF,0xFF,0xE0,0x00,0x00,0x00,0x00,
    0x0C,0xFF,0xFF,0xFF,0xFF,0x30,0x00,0x00,0x00,0x00,0x8F,0xFF,0xFF,0xFF,0xF7,0x00,
    0x00,0x00,0x00,0x04,0xFF,0xFF,0xFF,0xFF,0xB0,0x00,0x00,0x00,0x00,0x1F,0xFF,0xFF,
    0xFF,0xFE,0x00,0x00,0x00,0x00,0x00,0xDF,0xFF,0xFF,0xFF,0xF2,0x00,0x00,0x00,0x00,
    0x0A,0xFF,0xFF,0xFF,0xFF,0x40,0x00,0x00,0x00,0x00,0x8F,0xFF,0xFF,0xFF,0xF6,0x00,
    0x00,0x00,0x00,0x06,0xFF,0xFF,0xFF,0xFF,0x80,0x00,0x00,0x00,0x00,0x5F,0xFF,0xFF,
    0xFF,0xF9,0x00,0x00,0x00,0x00,0x03,0xFF,0xFF,0xFF,0xFF,0xB0,0x00,0x00,0x00,0x00,
    0x3F,0xFF,0xFF,0xFF,0xFB,0x00,0x00,0x00,0x00,0x02,0xFF,0xFF,0xFF,0xFF,0xC0,0x00,
    0x00,0x00,0x00,0x2F,0xFF,0xFF,0xFF,0xFC,0x00,0x00,0x00,0x00,0x02,0xFF,0xFF,0xFF,
    0xFF,0xC0,0x00,0x00,0x00,0x00,0x2F,0xFF,0xFF,0xFF,0xFC,0x00,0x00,0x00,0x00,0x03,
    0xFF,0xFF,0xFF,0xFF,0xB0,0x00,0x00,0x00,0x00,0x4F,0xFF,0xFF,0xFF,0xFA,0x00,0x00,
    0x00,0x00,0x05,0xFF,0xFF,0xFF,0xFF,0x90,0x00,0x00,0x00,0x00,0x7F,0xFF,0xFF,0xFF,
    0xF7,0x00,0x00,0x00,0x00,0x09,0xFF,0xFF,0xFF,0xFF,0x60,0x00,0x00,0x00,0x00,0xBF,
    0xFF,0xFF,0xFF,0xF3,0x00,0x00,0x00,0x00,0x0E,0xFF,0xFF,0xFF,0xFF,0x10,0x00,0x00,
    0x00,0x02,0xFF,0xFF,0xFF,0xFF,0xD0,0x00,0x00,0x00,0x00,0x5F,0xFF,0xFF,0xFF,0xFA,
    0x00,0x00,0x00,0x00,0x09,0xFF,0xFF,0xFF,0xFF,0x60,0x00,0x00,0x00,0x00,0xDF,0xFF,
    0xFF,0xFF,0xF2,0x00,0x00,0x00,0x00,0x3F,0xFF,0xFF,0xFF,0xFC,0x00,0x00,0x00,0x00,
    0x08,0xFF,0xFF,0xFF,0xFF,0x80,0x00,0x00,0x00,0x00,0xDF,0xFF,0xFF,0xFF,0xF2,0x00,
    0x00,0x00,0x00,0x4F,0xFF,0xFF,0xFF,0xFB,0x00,0x00,0x00,0x00,0x0B,0xFF,0xFF,0xFF,
    0xFF,0x50,0x00,0x00,0x00,0x02,0xFF,0xFF,0xFF,0xFF,0xD0,0x00,0x00,0x00,0x00,0x9F,
    0xFF,0xFF,0xFF,0xF5,0x00,0x00,0x00,0x00,0x2F,0xFF,0xFF,0xFF,0xFB,0x00,0x00,0x00,
    0x00,0x0A,0xFF,0xFF,0xFF,0xFF,0x20,0x00,0x00,0x00,0x00,0x55,0x55,0x55,0x55,0x30,
    0x00,0x00,0x00,0x00,0x00,0x00,0x00,0x00,0x89,0x99,0x95,0x00,0x00,0x00,0x00,0x00,
    0x00,0x00,0x00,0xDF,0xFF,0xF8,0x00,0x00,0x00,0x00,0x00,0x00,0x00,0x00,0xDF,0xFF,
    0xF8,0x00,0x00,0x00,0x00,0x00,0x2D,0x60,0x00,0xCF,0xFF,0xF8,0x00,0x18,0xC0,0x00,
    0x00,0xBF,0xFB,0x30,0xCF,0xFF,0xF8,0x05,0xDF,0xF7,0x00,0x05,0xFF,0xFF,0xF8,0xDF,
    0xFF,0xF9,0xBF,0xFF,0xFE,0x20,0x1D,0xFF,0xFF,0xFF,0xFF,0xFF,0xFF,0xFF,0xFF,0xFF,
    0xA0,0x4E,0xFF,0xFF,0xFF,0xFF,0xFF,0xFF,0xFF,0xFF,0xFF,0xD1,0x02,0x9F,0xFF,0xFF,
    0xFF,0xFF,0xFF,0xFF,0xFF,0xE7,0x10,0x00,0x02,0xAF,0xFF,0xFF,0xFF,0xFF,0xFF,0xF8,
    0x10,0x00,0x00,0x00,0x5F,0xFF,0xFF,0xFF,0xFF,0xFF,0xD3,0x00,0x00,0x00,0x4C,0xFF,
    0xFF,0xFF,0xFF,0xFF,0xFF,0xFF,0xA2,0x00,0x2B,0xFF,0xFF,0xFF,0xFF,0xFF,0xFF,0xFF,
    0xFF,0xFF,0x91,0x2F,0xFF,0xFF,0xFF,0xFF,0xFF,0xFF,0xFF,0xFF,0xFF,0xC0,0x08,0xFF,
    0xFF,0xFD,0xFF,0xFF,0xFE,0xEF,0xFF,0xFF,0x40,0x01,0xDF,0xFE,0x70,0xCF,0xFF,0xF8,
    0x1A,0xFF,0xFA,0x00,0x00,0x5F,0xA2,0x00,0xCF,0xFF,0xF8,0x00,0x4D,0xE1,0x00,0x00,
    0x03,0x00,0x00,0xDF,0xFF,0xF8,0x00,0x00,0x30,0x00,0x00,0x00,0x00,0x00,0xDF,0xFF,
    0xF8,0x00,0x00,0x00,0x00,0x00,0x00,0x00,0x00,0xCE,0xEE,0xE8,0x00,0x00,0x00,0x00,
    0x00,0x00,0x00,0x00,0x00,0x00,0x00,0x00,0x00,0x00,0x00,0x00,0x00,0x00,0x00,0x00,
    0x00,0x00,0x00,0x00,0x00,0x00,0x00,0x00,0x00,0x00,0x00,0x00,0x00,0x00,0x00,0x00,
    0x00,0x00,0x00,0x00,0x00,0x00,0x00,0x00,0x00,0x00,0x00,0x00,0x00,0x00,0x00,0x00,
    0x00,0x00,0x00,0x00,0x00,0x00,0x00,0x00,0x00,0x00,0x00,0x00,0x00,0x00,0x00,0x00,
    0x00,0x00,0x00,0x00,0x00,0x00,0x00,0x00,0x00,0x00,0x00,0x00,0x00,0x00,0x00,0x00,
    0x00,0x00,0x00,0x00,0x00,0x00,0x00,0x00,0x00,0x00,0x00,0x00,0x00,0x00,0x00,0x00,
    0x00,0x00,0x00,0x00,0x00,0x00,0x00,0x00,0x00,0x00,0x00,0x00,0x00,0x00,0x00,0x00,
    0x00,0x00,0x00,0x00,0x00,0x00,0x00,0x00,0x00,0x00,0x00,0x00,0x00,0x00,0x00,0x00,
    0x00,0x00,0x00,0x00,0x00,0x00,0x00,0x00,0x00,0x00,0x00,0x00,0x00,0x00,0x00,0x00,
    0x00,0x00,0x00,0x00,0x00,0x00,0x00,0x00,0x00,0x00,0x00,0x00,0x00,0x00,0x00,0x00,
    0x00,0x00,0x00,0x00,0x00,0x00,0x00,0x00,0x00,0x00,0x00,0x00,0x00,0x00,0x00,0x00,
    0x00,0x00,0x00,0x00,0x00,0x03,0x33,0x33,0x33,0x10,0x00,0x00,0x00,0x00,0x00,0x00,
    0x00,0x00,0x00,0x01,0xFF,0xFF,0xFF,0xF5,0x00,0x00,0x00,0x00,0x00,0x00,0x00,0x00,
    0x00,0x00,0x1F,0xFF,0xFF,0xFF,0x50,0x00,0x00,0x00,0x00,0x00,0x00,0x00,0x00,0x00,
    0x01,0xFF,0xFF,0xFF,0xF5,0x00,0x00,0x00,0x00,0x00,0x00,0x00,0x00,0x00,0x00,0x1F,
    0xFF,0xFF,0xFF,0x50,0x00,0x00,0x00,0x00,0x00,0x00,0x00,0x00,0x00,0x01,0xFF,0xFF,
    0xFF,0xF5,0x00,0x00,0x00,0x00,0x00,0x00,0x00,0x00,0x00,0x00,0x1F,0xFF,0xFF,0xFF,
    0x50,0x00,0x00,0x00,0x00,0x00,0x00,0x00,0x00,0x00,0x01,0xFF,0xFF,0xFF,0xF5,0x00,
    0x00,0x00,0x00,0x00,0x00,0x14,0x44,0x44,0x44,0x5F,0xFF,0xFF,0xFF,0x94,0x44,0x44,
    0x44,0x20,0x00,0x03,0xFF,0xFF,0xFF,0xFF,0xFF,0xFF,0xFF,0xFF,0xFF,0xFF,0xFF,0xF7,
    0x00,0x00,0x3F,0xFF,0xFF,0xFF,0xFF,0xFF,0xFF,0xFF,0xFF,0xFF,0xFF,0xFF,0x70,0x00,
    0x03,0xFF,0xFF,0xFF,0xFF,0xFF,0xFF,0xFF,0xFF,0xFF,0xFF,0xFF,0xF7,0x00,0x00,0x3F,
    0xFF,0xFF,0xFF,0xFF,0xFF,0xFF,0xFF,0xFF,0xFF,0xFF,0xFF,0x70,0x00,0x03,0xFF,0xFF,
    0xFF,0xFF,0xFF,0xFF,0xFF,0xFF,0xFF,0xFF,0xFF,0xF7,0x00,0x00,0x3F,0xFF,0xFF,0xFF,
    0xFF,0xFF,0xFF,0xFF,0xFF,0xFF,0xFF,0xFF,0x70,0x00,0x02,0xAA,0xAA,0xAA,0xAB,0xFF,
    0xFF,0xFF,0xFF,0xAA,0xAA,0xAA,0xA5,0x00,0x00,0x00,0x00,0x00,0x00,0x1F,0xFF,0xFF,
    0xFF,0x50,0x00,0x00,0x00,0x00,0x00,0x00,0x00,0x00,0x00,0x01,0xFF,0xFF,0xFF,0xF5,
    0x00,0x00,0x00,0x00,0x00,0x00,0x00,0x00,0x00,0x00,0x1F,0xFF,0xFF,0xFF,0x50,0x00,
    0x00,0x00,0x00,0x00,0x00,0x00,0x00,0x00,0x01,0xFF,0xFF,0xFF,0xF5,0x00,0x00,0x00,
    0x00,0x00,0x00,0x00,0x00,0x00,0x00,0x1F,0xFF,0xFF,0xFF,0x50,0x00,0x00,0x00,0x00,
    0x00,0x00,0x00,0x00,0x00,0x01,0xFF,0xFF,0xFF,0xF5,0x00,0x00,0x00,0x00,0x00,0x00,
    0x00,0x00,0x00,0x00,0x1F,0xFF,0xFF,0xFF,0x50,0x00,0x00,0x00,0x00,0x00,0x00,0x00,
    0x00,0x00,0x01,0x99,0x99,0x99,0x93,0x00,0x00,0x00,0x00,0x00,0x00,0x00,0x00,0x00,
    0x00,0x00,0x00,0x00,0x00,0x00,0x00,0x00,0x00,0x00,0x00,0x00,0x00,0x00,0x00,0x00,
    0x00,0x00,0x00,0x00,0x00,0x00,0x00,0x00,0x00,0x00,0x00,0x00,0x00,0x00,0x00,0x00,
    0x00,0x00,0x00,0x00,0x00,0x00,0x00,0x00,0x00,0x00,0x00,0x00,0x00,0x00,0x00,0x00,
    0x00,0x00,0x00,0x00,0x00,0x00,0x00,0x00,0x00,0x00,0x00,0x00,0x00,0x00,0x00,0x00,
    0x00,0x00,0x00,0x00,0x00,0x00,0x00,0x04,0x55,0x20,0x00,0x00,0x00,0x06,0xEF,0xFF,
    0xFB,0x20,0x00,0x00,0x7F,0xFF,0xFF,0xFF,0xE2,0x00,0x02,0xFF,0xFF,0xFF,0xFF,0xFB,
    0x00,0x07,0xFF,0xFF,0xFF,0xFF,0xFF,0x10,0x09,0xFF,0xFF,0xFF,0xFF,0xFF,0x30,0x09,
    0xFF,0xFF,0xFF,0xFF,0xFF,0x30,0x07,0xFF,0xFF,0xFF,0xFF,0xFF,0x10,0x02,0xFF,0xFF,
    0xFF,0xFF,0xFD,0x00,0x00,0x6F,0xFF,0xFF,0xFF,0xF8,0x00,0x00,0x04,0xFF,0xFF,0xFF,
    0xF2,0x00,0x00,0x01,0xFF,0xFF,0xFF,0xA0,0x00,0x00,0x05,0xFF,0xFF,0xFF,0x40,0x00,
    0x00,0x0A,0xFF,0xFF,0xFC,0x00,0x00,0x00,0x0E,0xFF,0xFF,0xF6,0x00,0x00,0x00,0x3F,
    0xFF,0xFF,0xE0,0x00,0x00,0x00,0x7F,0xFF,0xFF,0x80,0x00,0x00,0x00,0xCF,0xFF,0xFF,
    0x10,0x00,0x00,0x00,0x88,0x88,0x86,0x00,0x00,0x00,0x00,0x23,0x33,0x33,0x33,0x33,
    0x33,0x33,0x10,0x00,0x0A,0xFF,0xFF,0xFF,0xFF,0xFF,0xFF,0xF5,0x00,0x00,0xAF,0xFF,
    0xFF,0xFF,0xFF,0xFF,0xFF,0x50,0x00,0x0A,0xFF,0xFF,0xFF,0xFF,0xFF,0xFF,0xF5,0x00,
    0x00,0xAF,0xFF,0xFF,0xFF,0xFF,0xFF,0xFF,0x50,0x00,0x0A,0xFF,0xFF,0xFF,0xFF,0xFF,
    0xFF,0xF5,0x00,0x00,0xAF,0xFF,0xFF,0xFF,0xFF,0xFF,0xFF,0x50,0x00,0x08,0xCC,0xCC,
    0xCC,0xCC,0xCC,0xCC,0xC4,0x00,0x00,0x00,0x00,0x00,0x00,0x00,0x00,0x00,0x00,0x00,
    0x00,0x00,0x00,0x00,0x00,0x00,0x00,0x00,0x00,0x00,0x00,0x00,0x00,0x00,0x00,0x00,
    0x00,0x00,0x00,0x00,0x00,0x00,0x00,0x00,0x00,0x00,0x00,0x00,0x00,0x00,0x00,0x00,
    0x00,0x00,0x00,0x00,0x00,0x00,0x00,0x00,0x00,0x00,0x00,0x00,0x00,0x00,0x00,0x00,
    0x00,0x00,0x00,0x00,0x00,0x00,0x00,0x00,0x00,0x00,0x00,0x00,0x00,0x00,0x00,0x00,
    0x00,0x00,0x00,0x00,0x00,0x00,0x00,0x00,0x00,0x00,0x00,0x00,0x00,0x00,0x00,0x00,
    0x00,0x00,0x00,0x00,0x00,0x00,0x00,0x04,0x55,0x20,0x00,0x00,0x00,0x06,0xEF,0xFF,
    0xFB,0x20,0x00,0x00,0x7F,0xFF,0xFF,0xFF,0xE2,0x00,0x02,0xFF,0xFF,0xFF,0xFF,0xFA,
    0x00,0x08,0xFF,0xFF,0xFF,0xFF,0xFF,0x10,0x0A,0xFF,0xFF,0xFF,0xFF,0xFF,0x30,0x0A,
    0xFF,0xFF,0xFF,0xFF,0xFF,0x30,0x07,0xFF,0xFF,0xFF,0xFF,0xFF,0x10,0x02,0xFF,0xFF,
    0xFF,0xFF,0xFA,0x00,0x00,0x7F,0xFF,0xFF,0xFF,0xD2,0x00,0x00,0x06,0xEF,0xFF,0xFB,
    0x20,0x00,0x00,0x00,0x04,0x65,0x20,0x00,0x00,0x00,0x00,0x00,0x00,0x00,0x00,0x00,
    0x00,0x66,0x66,0x66,0x66,0x10,0x00,0x00,0x00,0x00,0x00,0x00,0x00,0x4F,0xFF,0xFF,
    0xFF,0xD0,0x00,0x00,0x00,0x00,0x00,0x00,0x00,0x09,0xFF,0xFF,0xFF,0xF8,0x00,0x00,
    0x00,0x00,0x00,0x00,0x00,0x00,0xEF,0xFF,0xFF,0xFF,0x20,0x00,0x00,0x00,0x00,0x00,
    0x00,0x00,0x4F,0xFF,0xFF,0xFF,0xC0,0x00,0x00,0x00,0x00,0x00,0x00,0x00,0x0A,0xFF,
    0xFF,0xFF,0xF7,0x00,0x00,0x00,0x00,0x00,0x00,0x00,0x01,0xEF,0xFF,0xFF,0xFF,0x20,
    0x00,0x00,0x00,0x00,0x00,0x00,0x00,0x5F,0xFF,0xFF,0xFF,0xB0,0x00,0x00,0x00,0x00,
    0x00,0x00,0x00,0x0A,0xFF,0xFF,0xFF,0xF6,0x00,0x00,0x00,0x00,0x00,0x00,0x00,0x01,
    0xFF,0xFF,0xFF,0xFF,0x10,0x00,0x00,0x00,0x00,0x00,0x00,0x00,0x6F,0xFF,0xFF,0xFF,
    0xB0,0x00,0x00,0x00,0x00,0x00,0x00,0x00,0x0B,0xFF,0xFF,0xFF,0xF5,0x00,0x00,0x00,
    0x00,0x00,0x00,0x00,0x02,0xFF,0xFF,0xFF,0xFE,0x10,0x00,0x00,0x00,0x00,0x00,0x00,
    0x00,0x7F,0xFF,0xFF,0xFF,0xA0,0x00,0x00,0x00,0x00,0x00,0x00,0x00,0x0C,0xFF,0xFF,
    0xFF,0xF5,0x00,0x00,0x00,0x00,0x00,0x00,0x00,0x02,0xFF,0xFF,0xFF,0xFE,0x00,0x00,
    0x00,0x00,0x00,0x00,0x00,0x00,0x7F,0xFF,0xFF,0xFF,0x90,0x00,0x00,0x00,0x00,0x00,
    0x00,0x00,0x0D,0xFF,0xFF,0xFF,0xF4,0x00,0x00,0x00,0x00,0x00,0x00,0x00,0x03,0xFF,
    0xFF,0xFF,0xFD,0x00,0x00,0x00,0x00,0x00,0x00,0x00,0x00,0x8F,0xFF,0xFF,0xFF,0x80,
    0x00,0x00,0x00,0x00,0x00,0x00,0x00,0x0D,0xFF,0xFF,0xFF,0xF3,0x00,0x00,0x00,0x00,
    0x00,0x00,0x00,0x04,0xFF,0xFF,0xFF,0xFD,0x00,0x00,0x00,0x00,0x00,0x00,0x00,0x00,
    0x9F,0xFF,0xFF,0xFF,0x80,0x00,0x00,0x00,0x00,0x00,0x00,0x00,0x0E,0xFF,0xFF,0xFF,
    0xF2,0x00,0x00,0x00,0x00,0x00,0x00,0x00,0x04,0xFF,0xFF,0xFF,0xFC,0x00,0x00,0x00,
    0x00,0x00,0x00,0x00,0x00,0xAF,0xFF,0xFF,0xFF,0x70,0x00,0x00,0x00,0x00,0x00,0x00,
    0x00,0x1E,0xFF,0xFF,0xFF,0xF2,0x00,0x00,0x00,0x00,0x00,0x00,0x00,0x05,0xFF,0xFF,
    0xFF,0xFB,0x00,0x00,0x00,0x00,0x00,0x00,0x00,0x00,0xAF,0xFF,0xFF,0xFF,0x60,0x00,
    0x00,0x00,0x00,0x00,0x00,0x00,0x1F,0xFF,0xFF,0xFF,0xF1,0x00,0x00,0x00,0x00,0x00,
    0x00,0x00,0x06,0xFF,0xFF,0xFF,0xFB,0x00,0x00,0x00,0x00,0x00,0x00,0x00,0x00,0xBF,
    0xFF,0xFF,0xFF,0x50,0x00,0x00,0x00,0x00,0x00,0x00,0x00,0x2F,0xFF,0xFF,0xFF,0xE1,
    0x00,0x00,0x00,0x00,0x00,0x00,0x00,0x07,0xFF,0xFF,0xFF,0xFA,0x00,0x00,0x00,0x00,
    0x00,0x00,0x00,0x00,0xCF,0xFF,0xFF,0xFF,0x50,0x00,0x00,0x00,0x00,0x00,0x00,0x00,
    0x2F,0xFF,0xFF,0xFF,0xE0,0x00,0x00,0x00,0x00,0x00,0x00,0x00,0x07,0xFF,0xFF,0xFF,
    0xF9,0x00,0x00,0x00,0x00,0x00,0x00,0x00,0x00,0xDF,0xFF,0xFF,0xFF,0x40,0x00,0x00,
    0x00,0x00,0x00,0x00,0x00,0x3F,0xFF,0xFF,0xFF,0xD0,0x00,0x00,0x00,0x00,0x00,0x00,
    0x00,0x08,0xFF,0xFF,0xFF,0xF8,0x00,0x00,0x00,0x00,0x00,0x00,0x00,0x00,0xDF,0xFF,
    0xFF,0xFF,0x30,0x00,0x00,0x00,0x00,0x00,0x00,0x00,0x4F,0xFF,0xFF,0xFF,0xD0,0x00,
    0x00,0x00,0x00,0x00,0x00,0x00,0x09,0xFF,0xFF,0xFF,0xF7,0x00,0x00,0x00,0x00,0x00,
    0x00,0x00,0x00,0xEF,0xFF,0xFF,0xFF,0x20,0x00,0x00,0x00,0x00,0x00,0x00,0x00,0x4F,
    0xFF,0xFF,0xFF,0xC0,0x00,0x00,0x00,0x00,0x00,0x00,0x00,0x07,0xCC,0xCC,0xCC,0xC6,
    0x00,0x00,0x00,0x00,0x00,0x00,0x00,0x00,0x00,0x00,0x00,0x00,0x00,0x00,0x00,0x23,
    0x43,0x20,0x00,0x00,0x00,0x00,0x00,0x00,0x00,0x00,0x00,0x00,0x00,0x02,0x7B,0xEF,
    0xFF,0xFF,0xEB,0x61,0x00,0x00,0x00,0x00,0x00,0x00,0x00,0x00,0x00,0x19,0xFF,0xFF,
    0xFF,0xFF,0xFF,0xFF,0xE8,0x10,0x00,0x00,0x00,0x00,0x00,0x00,0x00,0x4E,0xFF,0xFF,
    0xFF,0xFF,0xFF,0xFF,0xFF,0xFD,0x30,0x00,0x00,0x00,0x00,0x00,0x00,0x6F,0xFF,0xFF,
    0xFF,0xFF,0xFF,0xFF,0xFF,0xFF,0xFF,0x40,0x00,0x00,0x00,0x00,0x00,0x5F,0xFF,0xFF,
    0xFF,0xFF,0xFF,0xFF,0xFF,0xFF,0xFF,0xFF,0x40,0x00,0x00,0x00,0x00,0x2E,0xFF,0xFF,
    0xFF,0xFF,0xFF,0xFF,0xFF,0xFF,0xFF,0xFF,0xFE,0x10,0x00,0x00,0x00,0x0B,0xFF,0xFF,
    0xFF,0xFF,0xFF,0xFF,0xFF,0xFF,0xFF,0xFF,0xFF,0xFA,0x00,0x00,0x00,0x05,0xFF,0xFF,
    0xFF,0xFF,0xFF,0xEA,0x8A,0xFF,0xFF,0xFF,0xFF,0xFF,0xF3,0x00,0x00,0x00,0xCF,0xFF,
    0xFF,0xFF,0xFF,0xA1,0x00,0x02,0xCF,0xFF,0xFF,0xFF,0xFF,0xA0,0x00,0x00,0x3F,0xFF,
    0xFF,0xFF,0xFF,0xC0,0x00,0x00,0x01,0xDF,0xFF,0xFF,0xFF,0xFF,0x10,0x00,0x07,0xFF,
    0xFF,0xFF,0xFF,0xF4,0x00,0x00,0x00,0x06,0xFF,0xFF,0xFF,0xFF,0xF5,0x00,0x00,0xBF,
    0xFF,0xFF,0xFF,0xFD,0x00,0x00,0x00,0x00,0x1F,0xFF,0xFF,0xFF,0xFF,0x90,0x00,0x0E,
    0xFF,0xFF,0xFF,0xFF,0x90,0x00,0x00,0x00,0x00,0xBF,0xFF,0xFF,0xFF,0xFD,0x00,0x01,
    0xFF,0xFF,0xFF,0xFF,0xF7,0x00,0x00,0x00,0x00,0x09,0xFF,0xFF,0xFF,0xFF,0xF0,0x00,
    0x3F,0xFF,0xFF,0xFF,0xFF,0x50,0x00,0x00,0x00,0x00,0x7F,0xFF,0xFF,0xFF,0xFF,0x20,
    0x04,0xFF,0xFF,0xFF,0xFF,0xF4,0x00,0x00,0x00,0x00,0x05,0xFF,0xFF,0xFF,0xFF,0xF3,
    0x00,0x5F,0xFF,0xFF,0xFF,0xFF,0x30,0x00,0x00,0x00,0x00,0x5F,0xFF,0xFF,0xFF,0xFF,
    0x30,0x05,0xFF,0xFF,0xFF,0xFF,0xF3,0x00,0x00,0x00,0x00,0x05,0xFF,0xFF,0xFF,0xFF,
    0xF3,0x00,0x5F,0xFF,0xFF,0xFF,0xFF,0x30,0x00,0x00,0x00,0x00,0x5F,0xFF,0xFF,0xFF,
    0xFF,0x30,0x04,0xFF,0xFF,0xFF,0xFF,0xF4,0x00,0x00,0x00,0x00,0x06,0xFF,0xFF,0xFF,
    0xFF,0xF2,0x00,0x2F,0xFF,0xFF,0xFF,0xFF,0x60,0x00,0x00,0x00,0x00,0x8F,0xFF,0xFF,
    0xFF,0xFF,0x10,0x00,0xFF,0xFF,0xFF,0xFF,0xF8,0x00,0x00,0x00,0x00,0x0A,0xFF,0xFF,
    0xFF,0xFF,0xD0,0x00,0x0D,0xFF,0xFF,0xFF,0xFF,0xC0,0x00,0x00,0x00,0x00,0xEF,0xFF,
    0xFF,0xFF,0xFB,0x00,0x00,0x9F,0xFF,0xFF,0xFF,0xFF,0x20,0x00,0x00,0x00,0x4F,0xFF,
    0xFF,0xFF,0xFF,0x70,0x00,0x05,0xFF,0xFF,0xFF,0xFF,0xF9,0x00,0x00,0x00,0x0B,0xFF,
    0xFF,0xFF,0xFF,0xF3,0x00,0x00,0x0E,0xFF,0xFF,0xFF,0xFF,0xF5,0x00,0x00,0x06,0xFF,
    0xFF,0xFF,0xFF,0xFC,0x00,0x00,0x00,0x8F,0xFF,0xFF,0xFF,0xFF,0xF9,0x42,0x4A,0xFF,
    0xFF,0xFF,0xFF,0xFF,0x60,0x00,0x00,0x01,0xEF,0xFF,0xFF,0xFF,0xFF,0xFF,0xFF,0xFF,
    0xFF,0xFF,0xFF,0xFF,0xD0,0x00,0x00,0x00,0x06,0xFF,0xFF,0xFF,0xFF,0xFF,0xFF,0xFF,
    0xFF,0xFF,0xFF,0xFF,0xF4,0x00,0x00,0x00,0x00,0x0A,0xFF,0xFF,0xFF,0xFF,0xFF,0xFF,
    0xFF,0xFF,0xFF,0xFF,0xF8,0x00,0x00,0x00,0x00,0x00,0x1B,0xFF,0xFF,0xFF,0xFF,0xFF,
    0xFF,0xFF,0xFF,0xFF,0xFA,0x00,0x00,0x00,0x00,0x00,0x00,0x1A,0xFF,0xFF,0xFF,0xFF,
    0xFF,0xFF,0xFF,0xFF,0xF9,0x00,0x00,0x00,0x00,0x00,0x00,0x00,0x06,0xEF,0xFF,0xFF,
    0xFF,0xFF,0xFF,0xFF,0xD5,0x00,0x00,0x00,0x00,0x00,0x00,0x00,0x00,0x01,0x7D,0xFF,
    0xFF,0xFF,0xFF,0xFC,0x60,0x00,0x00,0x00,0x00,0x00,0x00,0x00,0x00,0x00,0x00,0x02,
    0x68,0x9A,0x98,0x52,0x00,0x00,0x00,0x00,0x00,0x00,0x69,0x99,0x99,0x99,0x99,0x99,
    0x99,0x99,0x00,0x0B,0xFF,0xFF,0xFF,0xFF,0xFF,0xFF,0xFF,0xF1,0x00,0xBF,0xFF,0xFF,
    0xFF,0xFF,0xFF,0xFF,0xFF,0x10,0x0B,0xFF,0xFF,0xFF,0xFF,0xFF,0xFF,0xFF,0xF1,0x00,
    0xBF,0xFF,0xFF,0xFF,0xFF,0xFF,0xFF,0xFF,0x10,0x0B,0xFF,0xFF,0xFF,0xFF,0xFF,0xFF,
    0xFF,0xF1,0x00,0xBF,0xFF,0xFF,0xFF,0xFF,0xFF,0xFF,0xFF,0x10,0x08,0xCC,0xCC,0xCF,
    0xFF,0xFF,0xFF,0xFF,0xF1,0x00,0x00,0x00,0x00,0x7F,0xFF,0xFF,0xFF,0xFF,0x10,0x00,
    0x00,0x00,0x07,0xFF,0xFF,0xFF,0xFF,0xF1,0x00,0x00,0x00,0x00,0x7F,0xFF,0xFF,0xFF,
    0xFF,0x10,0x00,0x00,0x00,0x07,0xFF,0xFF,0xFF,0xFF,0xF1,0x00,0x00,0x00,0x00,0x7F,
    0xFF,0xFF,0xFF,0xFF,0x10,0x00,0x00,0x00,0x07,0xFF,0xFF,0xFF,0xFF,0xF1,0x00,0x00,
    0x00,0x00,0x7F,0xFF,0xFF,0xFF,0xFF,0x10,0x00,0x00,0x00,0x07,0xFF,0xFF,0xFF,0xFF,
    0xF1,0x00,0x00,0x00,0x00,0x7F,0xFF,0xFF,0xFF,0xFF,0x10,0x00,0x00,0x00,0x07,0xFF,
    0xFF,0xFF,0xFF,0xF1,0x00,0x00,0x00,0x00,0x7F,0xFF,0xFF,0xFF,0xFF,0x10,0x00,0x00,
    0x00,0x07,0xFF,0xFF,0xFF,0xFF,0xF1,0x00,0x00,0x00,0x00,0x7F,0xFF,0xFF,0xFF,0xFF,
    0x10,0x00,0x00,0x00,0x07,0xFF,0xFF,0xFF,0xFF,0xF1,0x00,0x00,0x00,0x00,0x7F,0xFF,
    0xFF,0xFF,0xFF,0x10,0x00,0x00,0x00,0x07,0xFF,0xFF,0xFF,0xFF,0xF1,0x00,0x00,0x00,
    0x00,0x7F,0xFF,0xFF,0xFF,0xFF,0x10,0x00,0x00,0x00,0x07,0xFF,0xFF,0xFF,0xFF,0xF1,
    0x00,0x00,0x00,0x00,0x7F,0xFF,0xFF,0xFF,0xFF,0x10,0x00,0x00,0x00,0x07,0xFF,0xFF,
    0xFF,0xFF,0xF1,0x00,0x00,0x00,0x00,0x7F,0xFF,0xFF,0xFF,0xFF,0x10,0x00,0x00,0x00,
    0x07,0xFF,0xFF,0xFF,0xFF,0xF1,0x00,0x00,0x00,0x00,0x7F,0xFF,0xFF,0xFF,0xFF,0x10,
    0x00,0x00,0x00,0x07,0xFF,0xFF,0xFF,0xFF,0xF1,0x00,0x00,0x00,0x00,0x7F,0xFF,0xFF,
    0xFF,0xFF,0x10,0x00,0x00,0x00,0x07,0xFF,0xFF,0xFF,0xFF,0xF1,0x00,0x00,0x00,0x00,
    0x00,0x00,0x00,0x23,0x43,0x31,0x00,0x00,0x00,0x00,0x00,0x00,0x00,0x00,0x00,0x01,
    0x59,0xDF,0xFF,0xFF,0xFF,0xDA,0x51,0x00,0x00,0x00,0x00,0x00,0x00,0x01,0x8E,0xFF,
    0xFF,0xFF,0xFF,0xFF,0xFF,0xFE,0x70,0x00,0x00,0x00,0x00,0x00,0x5D,0xFF,0xFF,0xFF,
    0xFF,0xFF,0xFF,0xFF,0xFF,0xFD,0x30,0x00,0x00,0x00,0x08,0xFF,0xFF,0xFF,0xFF,0xFF,
    0xFF,0xFF,0xFF,0xFF,0xFF,0xE3,0x00,0x00,0x00,0x8F,0xFF,0xFF,0xFF,0xFF,0xFF,0xFF,
    0xFF,0xFF,0xFF,0xFF,0xFD,0x10,0x00,0x06,0xFF,0xFF,0xFF,0xFF,0xFF,0xFF,0xFF,0xFF,
    0xFF,0xFF,0xFF,0xFF,0x90,0x00,0x1E,0xFF,0xFF,0xFF,0xFF,0xFF,0xFF,0xFF,0xFF,0xFF,
    0xFF,0xFF,0xFF,0xF1,0x00,0x02,0xBF,0xFF,0xFF,0xFF,0xFC,0x87,0x79,0xEF,0xFF,0xFF,
    0xFF,0xFF,0xF5,0x00,0x00,0x04,0xCF,0xFF,0xFC,0x30,0x00,0x00,0x1C,0xFF,0xFF,0xFF,
    0xFF,0xF8,0x00,0x00,0x00,0x06,0xEF,0xB0,0x00,0x00,0x00,0x02,0xFF,0xFF,0xFF,0xFF,
    0xFA,0x00,0x00,0x00,0x00,0x17,0x10,0x00,0x00,0x00,0x00,0xEF,0xFF,0xFF,0xFF,0xFA,
    0x00,0x00,0x00,0x00,0x00,0x00,0x00,0x00,0x00,0x00,0xFF,0xFF,0xFF,0xFF,0xF8,0x00,
    0x00,0x00,0x00,0x00,0x00,0x00,0x00,0x00,0x03,0xFF,0xFF,0xFF,0xFF,0xF6,0x00,0x00,
    0x00,0x00,0x00,0x00,0x00,0x00,0x00,0x0A,0xFF,0xFF,0xFF,0xFF,0xF2,0x00,0x00,0x00,
    0x00,0x00,0x00,0x00,0x00,0x00,0x5F,0xFF,0xFF,0xFF,0xFF,0xB0,0x00,0x00,0x00,0x00,
    0x00,0x00,0x00,0x00,0x04,0xEF,0xFF,0xFF,0xFF,0xFF,0x40,0x00,0x00,0x00,0x00,0x00,
    0x00,0x00,0x00,0x4E,0xFF,0xFF,0xFF,0xFF,0xFA,0x00,0x00,0x00,0x00,0x00,0x00,0x00,
    0x00,0x04,0xEF,0xFF,0xFF,0xFF,0xFF,0xD1,0x00,0x00,0x00,0x00,0x00,0x00,0x00,0x00,
    0x5F,0xFF,0xFF,0xFF,0xFF,0xFE,0x20,0x00,0x00,0x00,0x00,0x00,0x00,0x00,0x06,0xFF,
    0xFF,0xFF,0xFF,0xFF,0xE3,0x00,0x00,0x00,0x00,0x00,0x00,0x00,0x00,0x7F,0xFF,0xFF,
    0xFF,0xFF,0xFE,0x30,0x00,0x00,0x00,0x00,0x00,0x00,0x00,0x08,0xFF,0xFF,0xFF,0xFF,
    0xFF,0xD2,0x00,0x00,0x00,0x00,0x00,0x00,0x00,0x00,0x9F,0xFF,0xFF,0xFF,0xFF,0xFC,
    0x20,0x00,0x00,0x00,0x00,0x00,0x00,0x00,0x0A,0xFF,0xFF,0xFF,0xFF,0xFF,0xC1,0x00,
    0x00,0x00,0x00,0x00,0x00,0x00,0x01,0xBF,0xFF,0xFF,0xFF,0xFF,0xFB,0x10,0x00,0x00,
    0x00,0x00,0x00,0x00,0x00,0x1B,0xFF,0xFF,0xFF,0xFF,0xFF,0xA0,0x00,0x00,0x00,0x00,
    0x00,0x00,0x00,0x01,0xCF,0xFF,0xFF,0xFF,0xFF,0xFF,0x88,0x88,0x88,0x88,0x88,0x88,
    0x50,0x00,0x2D,0xFF,0xFF,0xFF,0xFF,0xFF,0xFF,0xFF,0xFF,0xFF,0xFF,0xFF,0xFF,0x90,
    0x00,0x8F,0xFF,0xFF,0xFF,0xFF,0xFF,0xFF,0xFF,0xFF,0xFF,0xFF,0xFF,0xFF,0x90,0x00,
    0x8F,0xFF,0xFF,0xFF,0xFF,0xFF,0xFF,0xFF,0xFF,0xFF,0xFF,0xFF,0xFF,0x90,0x00,0x8F,
    0xFF,0xFF,0xFF,0xFF,0xFF,0xFF,0xFF,0xFF,0xFF,0xFF,0xFF,0xFF,0x90,0x00,0x8F,0xFF,
    0xFF,0xFF,0xFF,0xFF,0xFF,0xFF,0xFF,0xFF,0xFF,0xFF,0xFF,0x90,0x00,0x8F,0xFF,0xFF,
    0xFF,0xFF,0xFF,0xFF,0xFF,0xFF,0xFF,0xFF,0xFF,0xFF,0x90,0x00,0x8F,0xFF,0xFF,0xFF,
    0xFF,0xFF,0xFF,0xFF,0xFF,0xFF,0xFF,0xFF,0xFF,0x90,0x00,0x49,0x99,0x99,0x99,0x99,
    0x99,0x99,0x99,0x99,0x99,0x99,0x99,0x70,0x00,0x00,0x7F,0xFF,0xFF,0xFF,0xFF,0xFF,
    0xFF,0xFF,0xFF,0xFF,0xFF,0xFF,0xC0,0x00,0x00,0x7F,0xFF,0xFF,0xFF,0xFF,0xFF,0xFF,
    0xFF,0xFF,0xFF,0xFF,0xFF,0xC0,0x00,0x00,0x7F,0xFF,0xFF,0xFF,0xFF,0xFF,0xFF,0xFF,
    0xFF,0xFF,0xFF,0xFF,0xC0,0x00,0x00,0x7F,0xFF,0xFF,0xFF,0xFF,0xFF,0xFF,0xFF,0xFF,
    0xFF,0xFF,0xFF,0xC0,0x00,0x00,0x7F,0xFF,0xFF,0xFF,0xFF,0xFF,0xFF,0xFF,0xFF,0xFF,
    0xFF,0xFF,0xC0,0x00,0x00,0x7F,0xFF,0xFF,0xFF,0xFF,0xFF,0xFF,0xFF,0xFF,0xFF,0xFF,
    0xFF,0x90,0x00,0x00,0x5C,0xCC,0xCC,0xCC,0xCC,0xCC,0xCD,0xFF,0xFF,0xFF,0xFF,0xFB,
    0x00,0x00,0x00,0x00,0x00,0x00,0x00,0x00,0x00,0x1D,0xFF,0xFF,0xFF,0xFF,0xC1,0x00,
    0x00,0x00,0x00,0x00,0x00,0x00,0x00,0x01,0xCF,0xFF,0xFF,0xFF,0xFD,0x10,0x00,0x00,
    0x00,0x00,0x00,0x00,0x00,0x00,0x0B,0xFF,0xFF,0xFF,0xFF,0xD2,0x00,0x00,0x00,0x00,
    0x00,0x00,0x00,0x00,0x00,0xAF,0xFF,0xFF,0xFF,0xFE,0x20,0x00,0x00,0x00,0x00,0x00,
    0x00,0x00,0x00,0x09,0xFF,0xFF,0xFF,0xFF,0xE3,0x00,0x00,0x00,0x00,0x00,0x00,0x00,
    0x00,0x00,0x8F,0xFF,0xFF,0xFF,0xFF,0x40,0x00,0x00,0x00,0x00,0x00,0x00,0x00,0x00,
    0x03,0xFF,0xFF,0xFF,0xFF,0xFF,0xEB,0x50,0x00,0x00,0x00,0x00,0x00,0x00,0x00,0x03,
    0xFF,0xFF,0xFF,0xFF,0xFF,0xFF,0xFD,0x40,0x00,0x00,0x00,0x00,0x00,0x00,0x03,0xFF,
    0xFF,0xFF,0xFF,0xFF,0xFF,0xFF,0xF7,0x00,0x00,0x00,0x00,0x00,0x00,0x03,0xFF,0xFF,
    0xFF,0xFF,0xFF,0xFF,0xFF,0xFF,0x60,0x00,0x00,0x00,0x00,0x00,0x03,0xFF,0xFF,0xFF,
    0xFF,0xFF,0xFF,0xFF,0xFF,0xE2,0x00,0x00,0x00,0x00,0x00,0x03,0xFF,0xFF,0xFF,0xFF,
    0xFF,0xFF,0xFF,0xFF,0xFA,0x00,0x00,0x00,0x00,0x00,0x01,0x44,0x44,0x46,0x9E,0xFF,
    0xFF,0xFF,0xFF,0xFE,0x10,0x00,0x00,0x00,0x00,0x00,0x00,0x00,0x00,0x01,0xCF,0xFF,
    0xFF,0xFF,0xFF,0x40,0x00,0x00,0x00,0x00,0x00,0x00,0x00,0x00,0x00,0x4F,0xFF,0xFF,
    0xFF,0xFF,0x60,0x00,0x00,0x00,0x00,0x00,0x00,0x00,0x00,0x00,0x2F,0xFF,0xFF,0xFF,
    0xFF,0x70,0x00,0x00,0x82,0x00,0x00,0x00,0x00,0x00,0x00,0x4F,0xFF,0xFF,0xFF,0xFF,
    0x60,0x00,0x06,0xFF,0x93,0x00,0x00,0x00,0x00,0x01,0xCF,0xFF,0xFF,0xFF,0xFF,0x40,
    0x00,0x0D,0xFF,0xFF,0xC8,0x53,0x11,0x23,0x8E,0xFF,0xFF,0xFF,0xFF,0xFE,0x10,0x00,
    0x5F,0xFF,0xFF,0xFF,0xFF,0xFF,0xFF,0xFF,0xFF,0xFF,0xFF,0xFF,0xFA,0x00,0x00,0xCF,
    0xFF,0xFF,0xFF,0xFF,0xFF,0xFF,0xFF,0xFF,0xFF,0xFF,0xFF,0xF2,0x00,0x04,0xFF,0xFF,
    0xFF,0xFF,0xFF,0xFF,0xFF,0xFF,0xFF,0xFF,0xFF,0xFF,0x80,0x00,0x0C,0xFF,0xFF,0xFF,
    0xFF,0xFF,0xFF,0xFF,0xFF,0xFF,0xFF,0xFF,0xFA,0x00,0x00,0x1A,0xFF,0xFF,0xFF,0xFF,
    0xFF,0xFF,0xFF,0xFF,0xFF,0xFF,0xFF,0x90,0x00,0x00,0x00,0x3A,0xFF,0xFF,0xFF,0xFF,
    0xFF,0xFF,0xFF,0xFF,0xFF,0xD4,0x00,0x00,0x00,0x00,0x00,0x16,0xAE,0xFF,0xFF,0xFF,
    0xFF,0xFF,0xFF,0xB5,0x00,0x00,0x00,0x00,0x00,0x00,0x00,0x00,0x24,0x78,0x9A,0xA9,
    0x86,0x40,0x00,0x00,0x00,0x00,0x00,0x00,0x00,0x00,0x00,0x00,0x00,0x00,0x00,0x79,
    0x99,0x99,0x99,0x98,0x00,0x00,0x00,0x00,0x00,0x00,0x00,0x00,0x00,0x00,0x00,0x06,
    0xFF,0xFF,0xFF,0xFF,0xF7,0x00,0x00,0x00,0x00,0x00,0x00,0x00,0x00,0x00,0x00,0x00,
    0x2E,0xFF,0xFF,0xFF,0xFF,0xB0,0x00,0x00,0x00,0x00,0x00,0x00,0x00,0x00,0x00,0x00,
    0x00,0xCF,0xFF,0xFF,0xFF,0xFE,0x20,0x00,0x00,0x00,0x00,0x00,0x00,0x00,0x00,0x00,
    0x00,0x09,0xFF,0xFF,0xFF,0xFF,0xF5,0x00,0x00,0x00,0x00,0x00,0x00,0x00,0x00,0x00,
    0x00,0x00,0x4F,0xFF,0xFF,0xFF,0xFF,0xA0,0x00,0x00,0x00,0x00,0x00,0x00,0x00,0x00,
    0x00,0x00,0x01,0xEF,0xFF,0xFF,0xFF,0xFD,0x10,0x00,0x00,0x00,0x00,0x00,0x00,0x00,
    0x00,0x00,0x00,0x0B,0xFF,0xFF,0xFF,0xFF,0xF4,0x00,0x00,0x00,0x00,0x00,0x00,0x00,
    0x00,0x00,0x00,0x00,0x7F,0xFF,0xFF,0xFF,0xFF,0x90,0x00,0x00,0x00,0x00,0x00,0x00,
    0x00,0x00,0x00,0x00,0x03,0xFF,0xFF,0xFF,0xFF,0xFD,0x10,0x00,0x00,0x00,0x00,0x00,
    0x00,0x00,0x00,0x00,0x00,0x1D,0xFF,0xFF,0xFF,0xFF,0xF3,0x00,0x00,0x00,0x00,0x00,
    0x00,0x00,0x00,0x00,0x00,0x00,0x9F,0xFF,0xFF,0xFF,0xFF,0x70,0x00,0x00,0x00,0x00,
    0x00,0x00,0x00,0x00,0x00,0x00,0x05,0xFF,0xFF,0xFF,0xFF,0xFC,0x00,0x00,0x00,0x00,
    0x00,0x00,0x00,0x00,0x00,0x00,0x00,0x2E,0xFF,0xFF,0xFF,0xFF,0xE2,0x00,0x00,0x00,
    0x00,0x00,0x00,0x00,0x00,0x00,0x00,0x00,0xBF,0xFF,0xFF,0xFF,0xFF,0x60,0x07,0xAA,
    0xAA,0xAA,0xAA,0x30,0x00,0x00,0x00,0x00,0x07,0xFF,0xFF,0xFF,0xFF,0xFA,0x00,0x0A,
    0xFF,0xFF,0xFF,0xFF,0x50,0x00,0x00,0x00,0x00,0x3F,0xFF,0xFF,0xFF,0xFF,0xE1,0x00,
    0x0A,0xFF,0xFF,0xFF,0xFF,0x50,0x00,0x00,0x00,0x01,0xDF,0xFF,0xFF,0xFF,0xFF,0x40,
    0x00,0x0A,0xFF,0xFF,0xFF,0xFF,0x50,0x00,0x00,0x00,0x09,0xFF,0xFF,0xFF,0xFF,0xF9,
    0x00,0x00,0x0A,0xFF,0xFF,0xFF,0xFF,0x50,0x00,0x00,0x00,0x5F,0xFF,0xFF,0xFF,0xFF,
    0xD1,0x00,0x00,0x0A,0xFF,0xFF,0xFF,0xFF,0x50,0x00,0x00,0x02,0xEF,0xFF,0xFF,0xFF,
    0xFF,0xFF,0xFF,0xFF,0xFF,0xFF,0xFF,0xFF,0xFF,0xFF,0xFF,0xF4,0x0A,0xFF,0xFF,0xFF,
    0xFF,0xFF,0xFF,0xFF,0xFF,0xFF,0xFF,0xFF,0xFF,0xFF,0xFF,0xFF,0xF4,0x0B,0xFF,0xFF,
    0xFF,0xFF,0xFF,0xFF,0xFF,0xFF,0xFF,0xFF,0xFF,0xFF,0xFF,0xFF,0xFF,0xF4,0x0B,0xFF,
    0xFF,0xFF,0xFF,0xFF,0xFF,0xFF,0xFF,0xFF,0xFF,0xFF,0xFF,0xFF,0xFF,0xFF,0xF4,0x0B,
    0xFF,0xFF,0xFF,0xFF,0xFF,0xFF,0xFF,0xFF,0xFF,0xFF,0xFF,0xFF,0xFF,0xFF,0xFF,0xF4,
    0x0B,0xFF,0xFF,0xFF,0xFF,0xFF,0xFF,0xFF,0xFF,0xFF,0xFF,0xFF,0xFF,0xFF,0xFF,0xFF,
    0xF4,0x0B,0xFF,0xFF,0xFF,0xFF,0xFF,0xFF,0xFF,0xFF,0xFF,0xFF,0xFF,0xFF,0xFF,0xFF,
    0xFF,0xF4,0x06,0x88,0x88,0x88,0x88,0x88,0x88,0x88,0x88,0x8F,0xFF,0xFF,0xFF,0xFF,
    0xD8,0x88,0x82,0x00,0x00,0x00,0x00,0x00,0x00,0x00,0x00,0x00,0x0E,0xFF,0xFF,0xFF,
    0xFF,0x50,0x00,0x00,0x00,0x00,0x00,0x00,0x00,0x00,0x00,0x00,0x00,0x0E,0xFF,0xFF,
    0xFF,0xFF,0x50,0x00,0x00,0x00,0x00,0x00,0x00,0x00,0x00,0x00,0x00,0x00,0x0E,0xFF,
    0xFF,0xFF,0xFF,0x50,0x00,0x00,0x00,0x00,0x00,0x00,0x00,0x00,0x00,0x00,0x00,0x0E,
    0xFF,0xFF,0xFF,0xFF,0x50,0x00,0x00,0x00,0x00,0x00,0x00,0x00,0x00,0x00,0x00,0x00,
    0x0E,0xFF,0xFF,0xFF,0xFF,0x50,0x00,0x00,0x00,0x00,0x00,0x00,0x00,0x00,0x00,0x00,
    0x00,0x0E,0xFF,0xFF,0xFF,0xFF,0x50,0x00,0x00,0x00,0x00,0x59,0x99,0x99,0x99,0x99,
    0x99,0x99,0x99,0x99,0x99,0x98,0x00,0x00,0x00,0x09,0xFF,0xFF,0xFF,0xFF,0xFF,0xFF,
    0xFF,0xFF,0xFF,0xFF,0xE0,0x00,0x00,0x00,0xAF,0xFF,0xFF,0xFF,0xFF,0xFF,0xFF,0xFF,
    0xFF,0xFF,0xFE,0x00,0x00,0x00,0x0B,0xFF,0xFF,0xFF,0xFF,0xFF,0xFF,0xFF,0xFF,0xFF,
    0xFF,0xE0,0x00,0x00,0x00,0xDF,0xFF,0xFF,0xFF,0xFF,0xFF,0xFF,0xFF,0xFF,0xFF,0xFE,
    0x00,0x00,0x00,0x0E,0xFF,0xFF,0xFF,0xFF,0xFF,0xFF,0xFF,0xFF,0xFF,0xFF,0xE0,0x00,
    0x00,0x00,0xFF,0xFF,0xFF,0xFF,0xFF,0xFF,0xFF,0xFF,0xFF,0xFF,0xFE,0x00,0x00,0x00,
    0x2F,0xFF,0xFF,0xFF,0xFF,0xCC,0xCC,0xCC,0xCC,0xCC,0xCC,0xA0,0x00,0x00,0x03,0xFF,
    0xFF,0xFF,0xFF,0x50,0x00,0x00,0x00,0x00,0x00,0x00,0x00,0x00,0x00,0x4F,0xFF,0xFF,
    0xFF,0xF4,0x00,0x00,0x00,0x00,0x00,0x00,0x00,0x00,0x00,0x05,0xFF,0xFF,0xFF,0xFF,
    0x20,0x00,0x00,0x00,0x00,0x00,0x00,0x00,0x00,0x00,0x7F,0xFF,0xFF,0xFF,0xF1,0x00,
    0x00,0x00,0x00,0x00,0x00,0x00,0x00,0x00,0x08,0xFF,0xFF,0xFF,0xFF,0x55,0x54,0x42,
    0x00,0x00,0x00,0x00,0x00,0x00,0x00,0x9F,0xFF,0xFF,0xFF,0xFF,0xFF,0xFF,0xFF,0xC8,
    0x30,0x00,0x00,0x00,0x00,0x0B,0xFF,0xFF,0xFF,0xFF,0xFF,0xFF,0xFF,0xFF,0xFF,0xC4,
    0x00,0x00,0x00,0x00,0xCF,0xFF,0xFF,0xFF,0xFF,0xFF,0xFF,0xFF,0xFF,0xFF,0xF8,0x00,
    0x00,0x00,0x0D,0xFF,0xFF,0xFF,0xFF,0xFF,0xFF,0xFF,0xFF,0xFF,0xFF,0xF9,0x00,0x00,
    0x00,0xFF,0xFF,0xFF,0xFF,0xFF,0xFF,0xFF,0xFF,0xFF,0xFF,0xFF,0xF6,0x00,0x00,0x1F,
    0xFF,0xFF,0xFF,0xFF,0xFF,0xFF,0xFF,0xFF,0xFF,0xFF,0xFF,0xE1,0x00,0x02,0xFF,0xFF,
    0xFF,0xFF,0xFF,0xFF,0xFF,0xFF,0xFF,0xFF,0xFF,0xFF,0x60,0x00,0x01,0x11,0x11,0x11,
    0x11,0x11,0x36,0xBF,0xFF,0xFF,0xFF,0xFF,0xFA,0x00,0x00,0x00,0x00,0x00,0x00,0x00,
    0x00,0x00,0x5F,0xFF,0xFF,0xFF,0xFF,0xD0,0x00,0x00,0x00,0x00,0x00,0x00,0x00,0x00,
    0x00,0xBF,0xFF,0xFF,0xFF,0xFF,0x00,0x00,0x00,0x00,0x00,0x00,0x00,0x00,0x00,0x08,
    0xFF,0xFF,0xFF,0xFF,0xF0,0x00,0x04,0x60,0x00,0x00,0x00,0x00,0x00,0x00,0xBF,0xFF,
    0xFF,0xFF,0xFE,0x00,0x00,0xCF,0xC6,0x10,0x00,0x00,0x00,0x00,0x6F,0xFF,0xFF,0xFF,
    0xFF,0xB0,0x00,0x5F,0xFF,0xFE,0xA7,0x42,0x11,0x25,0xBF,0xFF,0xFF,0xFF,0xFF,0xF7,
    0x00,0x0C,0xFF,0xFF,0xFF,0xFF,0xFF,0xFF,0xFF,0xFF,0xFF,0xFF,0xFF,0xFF,0x20,0x04,
    0xFF,0xFF,0xFF,0xFF,0xFF,0xFF,0xFF,0xFF,0xFF,0xFF,0xFF,0xFF,0x90,0x00,0xBF,0xFF,
    0xFF,0xFF,0xFF,0xFF,0xFF,0xFF,0xFF,0xFF,0xFF,0xFF,0xE1,0x00,0x3F,0xFF,0xFF,0xFF,
    0xFF,0xFF,0xFF,0xFF,0xFF,0xFF,0xFF,0xFF,0xE3,0x00,0x04,0xDF,0xFF,0xFF,0xFF,0xFF,
    0xFF,0xFF,0xFF,0xFF,0xFF,0xFF,0xD3,0x00,0x00,0x00,0x6D,0xFF,0xFF,0xFF,0xFF,0xFF,
    0xFF,0xFF,0xFF,0xFF,0x91,0x00,0x00,0x00,0x00,0x03,0x8C,0xFF,0xFF,0xFF,0xFF,0xFF,
    0xFF,0xD8,0x20,0x00,0x00,0x00,0x00,0x00,0x00,0x00,0x36,0x78,0x9A,0x99,0x75,0x20,
    0x00,0x00,0x00,0x00,0x00,0x00,0x00,0x00,0x00,0x00,0x00,0x00,0x00,0x12,0x34,0x32,
    0x10,0x00,0x00,0x00,0x00,0x00,0x00,0x00,0x00,0x00,0x02,0x6A,0xDF,0xFF,0xFF,0xFF,
    0xDB,0x72,0x00,0x00,0x00,0x00,0x00,0x00,0x00,0x4A,0xFF,0xFF,0xFF,0xFF,0xFF,0xFF,
    0xFF,0xFB,0x40,0x00,0x00,0x00,0x00,0x01,0xAF,0xFF,0xFF,0xFF,0xFF,0xFF,0xFF,0xFF,
    0xFF,0xFF,0x20,0x00,0x00,0x00,0x04,0xEF,0xFF,0xFF,0xFF,0xFF,0xFF,0xFF,0xFF,0xFF,
    0xFF,0xA0,0x00,0x00,0x00,0x05,0xFF,0xFF,0xFF,0xFF,0xFF,0xFF,0xFF,0xFF,0xFF,0xFF,
    0xF3,0x00,0x00,0x00,0x04,0xFF,0xFF,0xFF,0xFF,0xFF,0xFF,0xFF,0xFF,0xFF,0xFF,0xFA,
    0x00,0x00,0x00,0x01,0xEF,0xFF,0xFF,0xFF,0xFF,0xFF,0xFF,0xFF,0xFF,0xFF,0xFF,0x30,
    0x00,0x00,0x00,0xAF,0xFF,0xFF,0xFF,0xFF,0xFF,0xC7,0x54,0x46,0x8C,0xFF,0xA0,0x00,
    0x00,0x00,0x4F,0xFF,0xFF,0xFF,0xFF,0xFC,0x30,0x00,0x00,0x00,0x03,0xB2,0x00,0x00,
    0x00,0x0B,0xFF,0xFF,0xFF,0xFF,0xFA,0x00,0x00,0x00,0x00,0x00,0x00,0x00,0x00,0x00,
    0x02,0xFF,0xFF,0xFF,0xFF,0xFC,0x00,0x00,0x00,0x00,0x00,0x00,0x00,0x00,0x00,0x00,
    0x7F,0xFF,0xFF,0xFF,0xFF,0x40,0x00,0x00,0x00,0x00,0x00,0x00,0x00,0x00,0x00,0x0B,
    0xFF,0xFF,0xFF,0xFF,0xC0,0x00,0x03,0x45,0x54,0x20,0x00,0x00,0x00,0x00,0x00,0xEF,
    0xFF,0xFF,0xFF,0xF8,0x05,0xBE,0xFF,0xFF,0xFF,0xD8,0x20,0x00,0x00,0x00,0x1F,0xFF,
    0xFF,0xFF,0xFF,0x7C,0xFF,0xFF,0xFF,0xFF,0xFF,0xFF,0x80,0x00,0x00,0x03,0xFF,0xFF,
    0xFF,0xFF,0xFF,0xFF,0xFF,0xFF,0xFF,0xFF,0xFF,0xFF,0xC2,0x00,0x00,0x4F,0xFF,0xFF,
    0xFF,0xFF,0xFF,0xFF,0xFF,0xFF,0xFF,0xFF,0xFF,0xFF,0xD1,0x00,0x05,0xFF,0xFF,0xFF,
    0xFF,0xFF,0xFF,0xFF,0xFF,0xFF,0xFF,0xFF,0xFF,0xFF,0xA0,0x00,0x5F,0xFF,0xFF,0xFF,
    0xFF,0xFF,0xFF,0xFF,0xFF,0xFF,0xFF,0xFF,0xFF,0xFF,0x40,0x04,0xFF,0xFF,0xFF,0xFF,
    0xFF,0xFF,0xC8,0x67,0xBF,0xFF,0xFF,0xFF,0xFF,0xFB,0x00,0x4F,0xFF,0xFF,0xFF,0xFF,
    0xFF,0x60,0x00,0x00,0x4E,0xFF,0xFF,0xFF,0xFF,0xF1,0x02,0xFF,0xFF,0xFF,0xFF,0xFF,
    0x80,0x00,0x00,0x00,0x6F,0xFF,0xFF,0xFF,0xFF,0x30,0x0E,0xFF,0xFF,0xFF,0xFF,0xF1,
    0x00,0x00,0x00,0x00,0xFF,0xFF,0xFF,0xFF,0xF5,0x00,0xCF,0xFF,0xFF,0xFF,0xFE,0x00,
    0x00,0x00,0x00,0x0D,0xFF,0xFF,0xFF,0xFF,0x50,0x07,0xFF,0xFF,0xFF,0xFF,0xF0,0x00,
    0x00,0x00,0x00,0xEF,0xFF,0xFF,0xFF,0xF4,0x00,0x3F,0xFF,0xFF,0xFF,0xFF,0x50,0x00,
    0x00,0x00,0x4F,0xFF,0xFF,0xFF,0xFF,0x20,0x00,0xBF,0xFF,0xFF,0xFF,0xFD,0x20,0x00,
    0x00,0x1D,0xFF,0xFF,0xFF,0xFF,0xD0,0x00,0x04,0xFF,0xFF,0xFF,0xFF,0xFE,0x84,0x23,
    0x7E,0xFF,0xFF,0xFF,0xFF,0xF8,0x00,0x00,0x0A,0xFF,0xFF,0xFF,0xFF,0xFF,0xFF,0xFF,
    0xFF,0xFF,0xFF,0xFF,0xFE,0x10,0x00,0x00,0x1D,0xFF,0xFF,0xFF,0xFF,0xFF,0xFF,0xFF,
    0xFF,0xFF,0xFF,0xFF,0x60,0x00,0x00,0x00,0x2D,0xFF,0xFF,0xFF,0xFF,0xFF,0xFF,0xFF,
    0xFF,0xFF,0xFF,0x90,0x00,0x00,0x00,0x00,0x2C,0xFF,0xFF,0xFF,0xFF,0xFF,0xFF,0xFF,
    0xFF,0xFF,0x90,0x00,0x00,0x00,0x00,0x00,0x07,0xEF,0xFF,0xFF,0xFF,0xFF,0xFF,0xFF,
    0xFD,0x50,0x00,0x00,0x00,0x00,0x00,0x00,0x01,0x7C,0xFF,0xFF,0xFF,0xFF,0xFF,0xC6,
    0x00,0x00,0x00,0x00,0x00,0x00,0x00,0x00,0x00,0x01,0x57,0x99,0xA9,0x75,0x10,0x00,
    0x00,0x00,0x00,0x08,0x99,0x99,0x99,0x99,0x99,0x99,0x99,0x99,0x99,0x99,0x99,0x99,
    0x99,0x80,0x0D,0xFF,0xFF,0xFF,0xFF,0xFF,0xFF,0xFF,0xFF,0xFF,0xFF,0xFF,0xFF,0xFF,
    0xE0,0x0D,0xFF,0xFF,0xFF,0xFF,0xFF,0xFF,0xFF,0xFF,0xFF,0xFF,0xFF,0xFF,0xFF,0xE0,
    0x0D,0xFF,0xFF,0xFF,0xFF,0xFF,0xFF,0xFF,0xFF,0xFF,0xFF,0xFF,0xFF,0xFF,0xE0,0x0D,
    0xFF,0xFF,0xFF,0xFF,0xFF,0xFF,0xFF,0xFF,0xFF,0xFF,0xFF,0xFF,0xFF,0xE0,0x0D,0xFF,
    0xFF,0xFF,0xFF,0xFF,0xFF,0xFF,0xFF,0xFF,0xFF,0xFF,0xFF,0xFF,0xE0,0x0D,0xFF,0xFF,
    0xFF,0xFF,0xFF,0xFF,0xFF,0xFF,0xFF,0xFF,0xFF,0xFF,0xFF,0xD0,0x0D,0xFF,0xFF,0xFF,
    0xFF,0xEE,0xEE,0xEE,0xEE,0xFF,0xFF,0xFF,0xFF,0xFF,0x70,0x0D,0xFF,0xFF,0xFF,0xF3,
    0x00,0x00,0x00,0x03,0xFF,0xFF,0xFF,0xFF,0xFE,0x10,0x0D,0xFF,0xFF,0xFF,0xF3,0x00,
    0x00,0x00,0x09,0xFF,0xFF,0xFF,0xFF,0xF9,0x00,0x0D,0xFF,0xFF,0xFF,0xF3,0x00,0x00,
    0x00,0x1E,0xFF,0xFF,0xFF,0xFF,0xF2,0x00,0x0D,0xFF,0xFF,0xFF,0xF3,0x00,0x00,0x00,
    0x7F,0xFF,0xFF,0xFF,0xFF,0xB0,0x00,0x0D,0xFF,0xFF,0xFF,0xF3,0x00,0x00,0x00,0xDF,
    0xFF,0xFF,0xFF,0xFF,0x50,0x00,0x02,0x22,0x22,0x22,0x20,0x00,0x00,0x05,0xFF,0xFF,
    0xFF,0xFF,0xFD,0x00,0x00,0x00,0x00,0x00,0x00,0x00,0x00,0x00,0x0C,0xFF,0xFF,0xFF,
    0xFF,0xF7,0x00,0x00,0x00,0x00,0x00,0x00,0x00,0x00,0x00,0x3F,0xFF,0xFF,0xFF,0xFF,
    0xE1,0x00,0x00,0x00,0x00,0x00,0x00,0x00,0x00,0x00,0xAF,0xFF,0xFF,0xFF,0xFF,0x90,
    0x00,0x00,0x00,0x00,0x00,0x00,0x00,0x00,0x01,0xFF,0xFF,0xFF,0xFF,0xFF,0x20,0x00,
    0x00,0x00,0x00,0x00,0x00,0x00,0x00,0x08,0xFF,0xFF,0xFF,0xFF,0xFB,0x00,0x00,0x00,
    0x00,0x00,0x00,0x00,0x00,0x00,0x0E,0xFF,0xFF,0xFF,0xFF,0xF5,0x00,0x00,0x00,0x00,
    0x00,0x00,0x00,0x00,0x00,0x6F,0xFF,0xFF,0xFF,0xFF,0xD0,0x00,0x00,0x00,0x00,0x00,
    0x00,0x00,0x00,0x00,0xCF,0xFF,0xFF,0xFF,0xFF,0x70,0x00,0x00,0x00,0x00,0x00,0x00,
    0x00,0x00,0x04,0xFF,0xFF,0xFF,0xFF,0xFE,0x10,0x00,0x00,0x00,0x00,0x00,0x00,0x00,
    0x00,0x0A,0xFF,0xFF,0xFF,0xFF,0xF9,0x00,0x00,0x00,0x00,0x00,0x00,0x00,0x00,0x00,
    0x2F,0xFF,0xFF,0xFF,0xFF,0xF2,0x00,0x00,0x00,0x00,0x00,0x00,0x00,0x00,0x00,0x8F,
    0xFF,0xFF,0xFF,0xFF,0xB0,0x00,0x00,0x00,0x00,0x00,0x00,0x00,0x00,0x01,0xEF,0xFF,
    0xFF,0xFF,0xFF,0x50,0x00,0x00,0x00,0x00,0x00,0x00,0x00,0x00,0x06,0xFF,0xFF,0xFF,
    0xFF,0xFD,0x00,0x00,0x00,0x00,0x00,0x00,0x00,0x00,0x00,0x0D,0xFF,0xFF,0xFF,0xFF,
    0xF7,0x00,0x00,0x00,0x00,0x00,0x00,0x00,0x00,0x00,0x4F,0xFF,0xFF,0xFF,0xFF,0xE1,
    0x00,0x00,0x00,0x00,0x00,0x00,0x00,0x00,0x00,0xBF,0xFF,0xFF,0xFF,0xFF,0x90,0x00,
    0x00,0x00,0x00,0x00,0x00,0x00,0x00,0x02,0xFF,0xFF,0xFF,0xFF,0xFF,0x30,0x00,0x00,
    0x00,0x00,0x00,0x00,0x00,0x00,0x09,0xFF,0xFF,0xFF,0xFF,0xFB,0x00,0x00,0x00,0x00,
    0x00,0x00,0x00,0x00,0x00,0x1E,0xFF,0xFF,0xFF,0xFF,0xF5,0x00,0x00,0x00,0x00,0x00,
    0x00,0x00,0x00,0x00,0x00,0x00,0x00,0x02,0x34,0x43,0x20,0x00,0x00,0x00,0x00,0x00,
    0x00,0x00,0x00,0x00,0x00,0x03,0x8C,0xFF,0xFF,0xFF,0xFF,0xC8,0x30,0x00,0x00,0x00,
    0x00,0x00,0x00,0x00,0x04,0xCF,0xFF,0xFF,0xFF,0xFF,0xFF,0xFF,0xFC,0x50,0x00,0x00,
    0x00,0x00,0x00,0x01,0xAF,0xFF,0xFF,0xFF,0xFF,0xFF,0xFF,0xFF,0xFF,0xFB,0x10,0x00,
    0x00,0x00,0x00,0x1C,0xFF,0xFF,0xFF,0xFF,0xFF,0xFF,0xFF,0xFF,0xFF,0xFF,0xD1,0x00,
    0x00,0x00,0x00,0xBF,0xFF,0xFF,0xFF,0xFF,0xFF,0xFF,0xFF,0xFF,0xFF,0xFF,0xFC,0x00,
    0x00,0x00,0x06,0xFF,0xFF,0xFF,0xFF,0xFF,0xFF,0xFF,0xFF,0xFF,0xFF,0xFF,0xFF,0x70,
    0x00,0x00,0x0C,0xFF,0xFF,0xFF,0xFF,0xFF,0xA7,0x79,0xFF,0xFF,0xFF,0xFF,0xFF,0xD0,
    0x00,0x00,0x2F,0xFF,0xFF,0xFF,0xFF,0xD2,0x00,0x00,0x2C,0xFF,0xFF,0xFF,0xFF,0xF3,
    0x00,0x00,0x4F,0xFF,0xFF,0xFF,0xFF,0x50,0x00,0x00,0x04,0xFF,0xFF,0xFF,0xFF,0xF5,
    0x00,0x00,0x5F,0xFF,0xFF,0xFF,0xFF,0x10,0x00,0x00,0x00,0xFF,0xFF,0xFF,0xFF,0xF6,
    0x00,0x00,0x4F,0xFF,0xFF,0xFF,0xFF,0x20,0x00,0x00,0x00,0xFF,0xFF,0xFF,0xFF,0xF5,
    0x00,0x00,0x2F,0xFF,0xFF,0xFF,0xFF,0x60,0x00,0x00,0x05,0xFF,0xFF,0xFF,0xFF,0xF3,
    0x00,0x00,0x0C,0xFF,0xFF,0xFF,0xFF,0xE4,0x00,0x00,0x3E,0xFF,0xFF,0xFF,0xFF,0xD0,
    0x00,0x00,0x05,0xFF,0xFF,0xFF,0xFF,0xFF,0xC9,0x9B,0xFF,0xFF,0xFF,0xFF,0xFF,0x60,
    0x00,0x00,0x00,0xAF,0xFF,0xFF,0xFF,0xFF,0xFF,0xFF,0xFF,0xFF,0xFF,0xFF,0xFB,0x00,
    0x00,0x00,0x00,0x0A,0xFF,0xFF,0xFF,0xFF,0xFF,0xFF,0xFF,0xFF,0xFF,0xFF,0xB1,0x00,
    0x00,0x00,0x00,0x04,0xFF,0xFF,0xFF,0xFF,0xFF,0xFF,0xFF,0xFF,0xFF,0xFF,0x40,0x00,
    0x00,0x00,0x00,0x7F,0xFF,0xFF,0xFF,0xFF,0xFF,0xFF,0xFF,0xFF,0xFF,0xFF,0xF8,0x00,
    0x00,0x00,0x07,0xFF,0xFF,0xFF,0xFF,0xFF,0xFF,0xFF,0xFF,0xFF,0xFF,0xFF,0xFF,0x80,
    0x00,0x00,0x4F,0xFF,0xFF,0xFF,0xFF,0xFF,0xCA,0xAC,0xFF,0xFF,0xFF,0xFF,0xFF,0xF5,
    0x00,0x00,0xCF,0xFF,0xFF,0xFF,0xFF,0xB2,0x00,0x00,0x2A,0xFF,0xFF,0xFF,0xFF,0xFD,
    0x00,0x02,0xFF,0xFF,0xFF,0xFF,0xFB,0x00,0x00,0x00,0x00,0xAF,0xFF,0xFF,0xFF,0xFF,
    0x40,0x06,0xFF,0xFF,0xFF,0xFF,0xF3,0x00,0x00,0x00,0x00,0x2F,0xFF,0xFF,0xFF,0xFF,
    0x70,0x08,0xFF,0xFF,0xFF,0xFF,0xF1,0x00,0x00,0x00,0x00,0x0E,0xFF,0xFF,0xFF,0xFF,
    0x90,0x08,0xFF,0xFF,0xFF,0xFF,0xF1,0x00,0x00,0x00,0x00,0x0F,0xFF,0xFF,0xFF,0xFF,
    0x90,0x07,0xFF,0xFF,0xFF,0xFF,0xF5,0x00,0x00,0x00,0x00,0x4F,0xFF,0xFF,0xFF,0xFF,
    0x80,0x04,0xFF,0xFF,0xFF,0xFF,0xFD,0x20,0x00,0x00,0x01,0xDF,0xFF,0xFF,0xFF,0xFF,
    0x50,0x00,0xEF,0xFF,0xFF,0xFF,0xFF,0xE7,0x20,0x02,0x6E,0xFF,0xFF,0xFF,0xFF,0xFE,
    0x10,0x00,0x7F,0xFF,0xFF,0xFF,0xFF,0xFF,0xFF,0xFF,0xFF,0xFF,0xFF,0xFF,0xFF,0xF8,
    0x00,0x00,0x0C,0xFF,0xFF,0xFF,0xFF,0xFF,0xFF,0xFF,0xFF,0xFF,0xFF,0xFF,0xFF,0xD1,
    0x00,0x00,0x02,0xDF,0xFF,0xFF,0xFF,0xFF,0xFF,0xFF,0xFF,0xFF,0xFF,0xFF,0xFE,0x20,
    0x00,0x00,0x00,0x2C,0xFF,0xFF,0xFF,0xFF,0xFF,0xFF,0xFF,0xFF,0xFF,0xFF,0xC2,0x00,
    0x00,0x00,0x00,0x00,0x7E,0xFF,0xFF,0xFF,0xFF,0xFF,0xFF,0xFF,0xFF,0xE7,0x00,0x00,
    0x00,0x00,0x00,0x00,0x01,0x6B,0xFF,0xFF,0xFF,0xFF,0xFF,0xFF,0xB6,0x10,0x00,0x00,
    0x00,0x00,0x00,0x00,0x00,0x00,0x14,0x68,0x9A,0xA9,0x86,0x41,0x00,0x00,0x00,0x00,
    0x00,0x00,0x00,0x00,0x00,0x00,0x01,0x34,0x43,0x10,0x00,0x00,0x00,0x00,0x00,0x00,
    0x00,0x00,0x00,0x00,0x05,0xAE,0xFF,0xFF,0xFF,0xEB,0x72,0x00,0x00,0x00,0x00,0x00,
    0x00,0x00,0x00,0x6E,0xFF,0xFF,0xFF,0xFF,0xFF,0xFF,0xFA,0x30,0x00,0x00,0x00,0x00,
    0x00,0x02,0xCF,0xFF,0xFF,0xFF,0xFF,0xFF,0xFF,0xFF,0xFF,0x80,0x00,0x00,0x00,0x00,
    0x03,0xEF,0xFF,0xFF,0xFF,0xFF,0xFF,0xFF,0xFF,0xFF,0xFF,0xB1,0x00,0x00,0x00,0x01,
    0xDF,0xFF,0xFF,0xFF,0xFF,0xFF,0xFF,0xFF,0xFF,0xFF,0xFF,0xB0,0x00,0x00,0x00,0xAF,
    0xFF,0xFF,0xFF,0xFF,0xFF,0xFF,0xFF,0xFF,0xFF,0xFF,0xFF,0x80,0x00,0x00,0x3F,0xFF,
    0xFF,0xFF,0xFF,0xFE,0xA8,0x9D,0xFF,0xFF,0xFF,0xFF,0xFF,0x30,0x00,0x09,0xFF,0xFF,
    0xFF,0xFF,0xF8,0x00,0x00,0x05,0xEF,0xFF,0xFF,0xFF,0xFB,0x00,0x00,0xEF,0xFF,0xFF,
    0xFF,0xF9,0x00,0x00,0x00,0x06,0xFF,0xFF,0xFF,0xFF,0xF2,0x00,0x1F,0xFF,0xFF,0xFF,
    0xFF,0x30,0x00,0x00,0x00,0x0E,0xFF,0xFF,0xFF,0xFF,0x80,0x03,0xFF,0xFF,0xFF,0xFF,
    0xF0,0x00,0x00,0x00,0x00,0xCF,0xFF,0xFF,0xFF,0xFC,0x00,0x3F,0xFF,0xFF,0xFF,0xFF,
    0x10,0x00,0x00,0x00,0x0D,0xFF,0xFF,0xFF,0xFF,0xF1,0x02,0xFF,0xFF,0xFF,0xFF,0xF5,
    0x00,0x00,0x00,0x02,0xFF,0xFF,0xFF,0xFF,0xFF,0x30,0x0E,0xFF,0xFF,0xFF,0xFF,0xD1,
    0x00,0x00,0x00,0xBF,0xFF,0xFF,0xFF,0xFF,0xF5,0x00,0xBF,0xFF,0xFF,0xFF,0xFF,0xD6,
    0x20,0x15,0xCF,0xFF,0xFF,0xFF,0xFF,0xFF,0x60,0x05,0xFF,0xFF,0xFF,0xFF,0xFF,0xFF,
    0xFF,0xFF,0xFF,0xFF,0xFF,0xFF,0xFF,0xF7,0x00,0x0C,0xFF,0xFF,0xFF,0xFF,0xFF,0xFF,
    0xFF,0xFF,0xFF,0xFF,0xFF,0xFF,0xFF,0x70,0x00,0x2E,0xFF,0xFF,0xFF,0xFF,0xFF,0xFF,
    0xFF,0xFF,0xFF,0xFF,0xFF,0xFF,0xF7,0x00,0x00,0x4E,0xFF,0xFF,0xFF,0xFF,0xFF,0xFF,
    0xFF,0xFF,0xFF,0xFF,0xFF,0xFF,0x60,0x00,0x00,0x3D,0xFF,0xFF,0xFF,0xFF,0xFF,0xFF,
    0xFC,0xFF,0xFF,0xFF,0xFF,0xF4,0x00,0x00,0x00,0x07,0xDF,0xFF,0xFF,0xFF,0xFF,0xC4,
    0x5F,0xFF,0xFF,0xFF,0xFF,0x20,0x00,0x00,0x00,0x00,0x37,0xAB,0xBB,0x96,0x30,0x08,
    0xFF,0xFF,0xFF,0xFF,0xE0,0x00,0x00,0x00,0x00,0x00,0x00,0x00,0x00,0x00,0x00,0xDF,
    0xFF,0xFF,0xFF,0xFB,0x00,0x00,0x00,0x00,0x00,0x00,0x00,0x00,0x00,0x00,0x6F,0xFF,
    0xFF,0xFF,0xFF,0x60,0x00,0x00,0x00,0x00,0x00,0x00,0x00,0x00,0x00,0x3E,0xFF,0xFF,
    0xFF,0xFF,0xE1,0x00,0x00,0x00,0x05,0x00,0x00,0x00,0x00,0x00,0x4E,0xFF,0xFF,0xFF,
    0xFF,0xF9,0x00,0x00,0x00,0x05,0xFD,0x73,0x00,0x00,0x15,0xBF,0xFF,0xFF,0xFF,0xFF,
    0xFE,0x20,0x00,0x00,0x00,0xCF,0xFF,0xFF,0xED,0xEF,0xFF,0xFF,0xFF,0xFF,0xFF,0xFF,
    0x70,0x00,0x00,0x00,0x5F,0xFF,0xFF,0xFF,0xFF,0xFF,0xFF,0xFF,0xFF,0xFF,0xFF,0xB0,
    0x00,0x00,0x00,0x0D,0xFF,0xFF,0xFF,0xFF,0xFF,0xFF,0xFF,0xFF,0xFF,0xFF,0xC1,0x00,
    0x00,0x00,0x05,0xFF,0xFF,0xFF,0xFF,0xFF,0xFF,0xFF,0xFF,0xFF,0xFF,0xB1,0x00,0x00,
    0x00,0x00,0xDF,0xFF,0xFF,0xFF,0xFF,0xFF,0xFF,0xFF,0xFF,0xFF,0x80,0x00,0x00,0x00,
    0x00,0x19,0xFF,0xFF,0xFF,0xFF,0xFF,0xFF,0xFF,0xFF,0xFB,0x30,0x00,0x00,0x00,0x00,
    0x00,0x02,0x7C,0xFF,0xFF,0xFF,0xFF,0xFF,0xFD,0x93,0x00,0x00,0x00,0x00,0x00,0x00,
    0x00,0x00,0x01,0x46,0x89,0xA9,0x87,0x52,0x00,0x00,0x00,0x00,0x00,0x00,0x00,0x00,
    0x00,0x04,0x55,0x20,0x00,0x00,0x00,0x06,0xEF,0xFF,0xFB,0x20,0x00,0x00,0x7F,0xFF,
    0xFF,0xFF,0xE2,0x00,0x02,0xFF,0xFF,0xFF,0xFF,0xFA,0x00,0x08,0xFF,0xFF,0xFF,0xFF,
    0xFF,0x10,0x0A,0xFF,0xFF,0xFF,0xFF,0xFF,0x30,0x0A,0xFF,0xFF,0xFF,0xFF,0xFF,0x30,
    0x07,0xFF,0xFF,0xFF,0xFF,0xFF,0x10,0x02,0xFF,0xFF,0xFF,0xFF,0xFA,0x00,0x00,0x7F,
    0xFF,0xFF,0xFF,0xD2,0x00,0x00,0x06,0xEF,0xFF,0xFB,0x20,0x00,0x00,0x00,0x04,0x65,
    0x20,0x00,0x00,0x00,0x00,0x00,0x00,0x00,0x00,0x00,0x00,0x00,0x00,0x00,0x00,0x00,
    0x00,0x00,0x00,0x00,0x00,0x00,0x00,0x00,0x00,0x00,0x00,0x00,0x00,0x00,0x00,0x00,
    0x00,0x04,0x55,0x20,0x00,0x00,0x00,0x06,0xEF,0xFF,0xFB,0x20,0x00,0x00,0x7F,0xFF,
    0xFF,0xFF,0xE2,0x00,0x02,0xFF,0xFF,0xFF,0xFF,0xFA,0x00,0x08,0xFF,0xFF,0xFF,0xFF,
    0xFF,0x10,0x0A,0xFF,0xFF,0xFF,0xFF,0xFF,0x30,0x0A,0xFF,0xFF,0xFF,0xFF,0xFF,0x30,
    0x07,0xFF,0xFF,0xFF,0xFF,0xFF,0x10,0x02,0xFF,0xFF,0xFF,0xFF,0xFA,0x00,0x00,0x7F,
    0xFF,0xFF,0xFF,0xD2,0x00,0x00,0x06,0xEF,0xFF,0xFB,0x20,0x00,0x00,0x00,0x04,0x65,
    0x20,0x00,0x00,0x00,0x00,0x04,0x55,0x20,0x00,0x00,0x00,0x06,0xEF,0xFF,0xFB,0x20,
    0x00,0x00,0x7F,0xFF,0xFF,0xFF,0xE2,0x00,0x02,0xFF,0xFF,0xFF,0xFF,0xFA,0x00,0x08,
    0xFF,0xFF,0xFF,0xFF,0xFF,0x10,0x0A,0xFF,0xFF,0xFF,0xFF,0xFF,0x30,0x0A,0xFF,0xFF,
    0xFF,0xFF,0xFF,0x30,0x07,0xFF,0xFF,0xFF,0xFF,0xFF,0x10,0x02,0xFF,0xFF,0xFF,0xFF,
    0xFA,0x00,0x00,0x7F,0xFF,0xFF,0xFF,0xD2,0x00,0x00,0x06,0xEF,0xFF,0xFB,0x20,0x00,
    0x00,0x00,0x04,0x65,0x20,0x00,0x00,0x00,0x00,0x00,0x00,0x00,0x00,0x00,0x00,0x00,
    0x00,0x00,0x00,0x00,0x00,0x00,0x00,0x00,0x00,0x00,0x00,0x00,0x00,0x00,0x00,0x00,
    0x00,0x00,0x00,0x00,0x00,0x04,0x55,0x20,0x00,0x00,0x00,0x06,0xEF,0xFF,0xFB,0x20,
    0x00,0x00,0x7F,0xFF,0xFF,0xFF,0xE2,0x00,0x02,0xFF,0xFF,0xFF,0xFF,0xFB,0x00,0x07,
    0xFF,0xFF,0xFF,0xFF,0xFF,0x10,0x09,0xFF,0xFF,0xFF,0xFF,0xFF,0x30,0x09,0xFF,0xFF,
    0xFF,0xFF,0xFF,0x30,0x07,0xFF,0xFF,0xFF,0xFF,0xFF,0x10,0x02,0xFF,0xFF,0xFF,0xFF,
    0xFD,0x00,0x00,0x6F,0xFF,0xFF,0xFF,0xF8,0x00,0x00,0x04,0xFF,0xFF,0xFF,0xF2,0x00,
    0x00,0x01,0xFF,0xFF,0xFF,0xA0,0x00,0x00,0x05,0xFF,0xFF,0xFF,0x40,0x00,0x00,0x0A,
    0xFF,0xFF,0xFC,0x00,0x00,0x00,0x0E,0xFF,0xFF,0xF6,0x00,0x00,0x00,0x3F,0xFF,0xFF,
    0xE0,0x00,0x00,0x00,0x7F,0xFF,0xFF,0x80,0x00,0x00,0x00,0xCF,0xFF,0xFF,0x10,0x00,
    0x00,0x00,0x88,0x88,0x86,0x00,0x00,0x00,0x00,0x00,0x00,0x00,0x00,0x00,0x00,0x00,
    0x00,0x00,0x00,0x00,0x00,0x10,0x00,0x00,0x00,0x00,0x00,0x00,0x00,0x00,0x00,0x00,
    0x00,0x00,0x28,0xD7,0x00,0x00,0x00,0x00,0x00,0x00,0x00,0x00,0x00,0x00,0x00,0x16,
    0xCF,0xFF,0x70,0x00,0x00,0x00,0x00,0x00,0x00,0x00,0x00,0x00,0x05,0xAF,0xFF,0xFF,
    0xF7,0x00,0x00,0x00,0x00,0x00,0x00,0x00,0x00,0x03,0x8E,0xFF,0xFF,0xFF,0xFF,0x70,
    0x00,0x00,0x00,0x00,0x00,0x00,0x01,0x7C,0xFF,0xFF,0xFF,0xFF,0xFF,0xF7,0x00,0x00,
    0x00,0x00,0x00,0x00,0x5B,0xFF,0xFF,0xFF,0xFF,0xFF,0xFF,0xFF,0x70,0x00,0x00,0x00,
    0x00,0x39,0xEF,0xFF,0xFF,0xFF,0xFF,0xFF,0xFF,0xFF,0xF6,0x00,0x00,0x00,0x27,0xDF,
    0xFF,0xFF,0xFF,0xFF,0xFF,0xFF,0xFF,0xFC,0x72,0x00,0x00,0x02,0xBF,0xFF,0xFF,0xFF,
    0xFF,0xFF,0xFF,0xFF,0xFD,0x83,0x00,0x00,0x00,0x00,0x3F,0xFF,0xFF,0xFF,0xFF,0xFF,
    0xFF,0xFE,0x94,0x00,0x00,0x00,0x00,0x00,0x03,0xFF,0xFF,0xFF,0xFF,0xFF,0xFE,0xA5,
    0x00,0x00,0x00,0x00,0x00,0x00,0x00,0x3F,0xFF,0xFF,0xFF,0xFF,0xB5,0x10,0x00,0x00,
    0x00,0x00,0x00,0x00,0x00,0x03,0xFF,0xFF,0xFF,0xFF,0xB5,0x00,0x00,0x00,0x00,0x00,
    0x00,0x00,0x00,0x00,0x3F,0xFF,0xFF,0xFF,0xFF,0xFE,0x94,0x00,0x00,0x00,0x00,0x00,
    0x00,0x00,0x03,0xFF,0xFF,0xFF,0xFF,0xFF,0xFF,0xFD,0x83,0x00,0x00,0x00,0x00,0x00,
    0x00,0x3F,0xFF,0xFF,0xFF,0xFF,0xFF,0xFF,0xFF,0xFD,0x72,0x00,0x00,0x00,0x00,0x00,
    0x28,0xDF,0xFF,0xFF,0xFF,0xFF,0xFF,0xFF,0xFF,0xFC,0x61,0x00,0x00,0x00,0x00,0x00,
    0x49,0xEF,0xFF,0xFF,0xFF,0xFF,0xFF,0xFF,0xFF,0xFB,0x30,0x00,0x00,0x00,0x00,0x01,
    0x5B,0xFF,0xFF,0xFF,0xFF,0xFF,0xFF,0xFF,0xF7,0x00,0x00,0x00,0x00,0x00,0x00,0x02,
    0x7D,0xFF,0xFF,0xFF,0xFF,0xFF,0xFF,0x70,0x00,0x00,0x00,0x00,0x00,0x00,0x00,0x03,
    0x9E,0xFF,0xFF,0xFF,0xFF,0xF7,0x00,0x00,0x00,0x00,0x00,0x00,0x00,0x00,0x00,0x05,
    0xBF,0xFF,0xFF,0xFF,0x70,0x00,0x00,0x00,0x00,0x00,0x00,0x00,0x00,0x00,0x00,0x17,
    0xCF,0xFF,0xF7,0x00,0x00,0x00,0x00,0x00,0x00,0x00,0x00,0x00,0x00,0x00,0x00,0x38,
    0xEF,0x70,0x00,0x00,0x00,0x00,0x00,0x00,0x00,0x00,0x00,0x00,0x00,0x00,0x00,0x54,
    0x00,0x00,0x00,0x00,0x00,0x00,0x00,0x00,0x00,0x00,0x00,0x00,0x00,0x00,0x00,0x00,
    0x00,0x00,0x00,0x00,0x00,0x00,0x00,0x00,0x00,0x00,0x00,0x00,0x00,0x00,0x00,0x00,
    0x00,0x00,0x00,0x00,0x00,0x00,0x00,0x00,0x00,0x00,0x00,0x00,0x00,0x00,0x00,0x00,
    0x00,0x00,0x00,0x00,0x00,0x00,0x00,0x00,0x00,0x00,0x00,0x00,0x16,0x66,0x66,0x66,
    0x66,0x66,0x66,0x66,0x66,0x66,0x66,0x66,0x30,0x00,0x03,0xFF,0xFF,0xFF,0xFF,0xFF,
    0xFF,0xFF,0xFF,0xFF,0xFF,0xFF,0xF7,0x00,0x00,0x3F,0xFF,0xFF,0xFF,0xFF,0xFF,0xFF,
    0xFF,0xFF,0xFF,0xFF,0xFF,0x70,0x00,0x03,0xFF,0xFF,0xFF,0xFF,0xFF,0xFF,0xFF,0xFF,
    0xFF,0xFF,0xFF,0xF7,0x00,0x00,0x3F,0xFF,0xFF,0xFF,0xFF,0xFF,0xFF,0xFF,0xFF,0xFF,
    0xFF,0xFF,0x70,0x00,0x03,0xFF,0xFF,0xFF,0xFF,0xFF,0xFF,0xFF,0xFF,0xFF,0xFF,0xFF,
    0xF7,0x00,0x00,0x3F,0xFF,0xFF,0xFF,0xFF,0xFF,0xFF,0xFF,0xFF,0xFF,0xFF,0xFF,0x70,
    0x00,0x02,0x99,0x99,0x99,0x99,0x99,0x99,0x99,0x99,0x99,0x99,0x99,0x94,0x00,0x00,
    0x00,0x00,0x00,0x00,0x00,0x00,0x00,0x00,0x00,0x00,0x00,0x00,0x00,0x00,0x00,0x00,
    0x00,0x00,0x00,0x00,0x00,0x00,0x00,0x00,0x00,0x00,0x00,0x00,0x00,0x00,0x00,0x00,
    0x00,0x00,0x00,0x00,0x00,0x00,0x00,0x00,0x00,0x00,0x00,0x00,0x00,0x00,0x00,0x00,
    0x00,0x00,0x00,0x00,0x00,0x00,0x00,0x00,0x00,0x00,0x13,0x33,0x33,0x33,0x33,0x33,
    0x33,0x33,0x33,0x33,0x33,0x33,0x10,0x00,0x03,0xFF,0xFF,0xFF,0xFF,0xFF,0xFF,0xFF,
    0xFF,0xFF,0xFF,0xFF,0xF7,0x00,0x00,0x3F,0xFF,0xFF,0xFF,0xFF,0xFF,0xFF,0xFF,0xFF,
    0xFF,0xFF,0xFF,0x70,0x00,0x03,0xFF,0xFF,0xFF,0xFF,0xFF,0xFF,0xFF,0xFF,0xFF,0xFF,
    0xFF,0xF7,0x00,0x00,0x3F,0xFF,0xFF,0xFF,0xFF,0xFF,0xFF,0xFF,0xFF,0xFF,0xFF,0xFF,
    0x70,0x00,0x03,0xFF,0xFF,0xFF,0xFF,0xFF,0xFF,0xFF,0xFF,0xFF,0xFF,0xFF,0xF7,0x00,
    0x00,0x3F,0xFF,0xFF,0xFF,0xFF,0xFF,0xFF,0xFF,0xFF,0xFF,0xFF,0xFF,0x70,0x00,0x02,
    0xCC,0xCC,0xCC,0xCC,0xCC,0xCC,0xCC,0xCC,0xCC,0xCC,0xCC,0xC5,0x00,0x00,0x00,0x00,
    0x00,0x00,0x00,0x00,0x00,0x00,0x00,0x00,0x00,0x00,0x00,0x00,0x00,0x00,0x00,0x00,
    0x00,0x00,0x00,0x00,0x00,0x00,0x00,0x00,0x00,0x00,0x00,0x00,0x00,0x00,0x00,0x00,
    0x00,0x00,0x00,0x00,0x00,0x00,0x00,0x00,0x00,0x00,0x00,0x00,0x00,0x00,0x00,0x00,
    0x00,0x00,0x00,0x00,0x00,0x00,0x00,0x00,0x00,0x00,0x00,0x00,0x00,0x00,0x00,0x00,
    0x00,0x00,0x00,0x00,0x00,0x00,0x00,0x00,0x00,0x00,0x00,0x00,0x00,0x00,0x00,0x00,
    0x00,0x00,0x00,0x00,0x00,0x00,0x00,0x00,0x00,0x00,0x00,0x00,0x00,0x00,0x00,0x00,
    0x00,0x00,0x00,0x00,0x11,0x00,0x00,0x00,0x00,0x00,0x00,0x00,0x00,0x00,0x00,0x00,
    0x00,0x00,0x03,0xE9,0x40,0x00,0x00,0x00,0x00,0x00,0x00,0x00,0x00,0x00,0x00,0x00,
    0x00,0x3F,0xFF,0xD8,0x20,0x00,0x00,0x00,0x00,0x00,0x00,0x00,0x00,0x00,0x00,0x03,
    0xFF,0xFF,0xFF,0xB6,0x10,0x00,0x00,0x00,0x00,0x00,0x00,0x00,0x00,0x00,0x3F,0xFF,
    0xFF,0xFF,0xFF,0xA4,0x00,0x00,0x00,0x00,0x00,0x00,0x00,0x00,0x03,0xFF,0xFF,0xFF,
    0xFF,0xFF,0xFE,0x83,0x00,0x00,0x00,0x00,0x00,0x00,0x00,0x3F,0xFF,0xFF,0xFF,0xFF,
    0xFF,0xFF,0xFC,0x61,0x00,0x00,0x00,0x00,0x00,0x02,0xFF,0xFF,0xFF,0xFF,0xFF,0xFF,
    0xFF,0xFF,0xFA,0x50,0x00,0x00,0x00,0x00,0x01,0x6B,0xFF,0xFF,0xFF,0xFF,0xFF,0xFF,
    0xFF,0xFF,0xE9,0x30,0x00,0x00,0x00,0x00,0x02,0x7C,0xFF,0xFF,0xFF,0xFF,0xFF,0xFF,
    0xFF,0xFF,0xD4,0x00,0x00,0x00,0x00,0x00,0x02,0x8D,0xFF,0xFF,0xFF,0xFF,0xFF,0xFF,
    0xFF,0x70,0x00,0x00,0x00,0x00,0x00,0x00,0x03,0x8E,0xFF,0xFF,0xFF,0xFF,0xFF,0xF7,
    0x00,0x00,0x00,0x00,0x00,0x00,0x00,0x00,0x04,0x9E,0xFF,0xFF,0xFF,0xFF,0x70,0x00,
    0x00,0x00,0x00,0x00,0x00,0x00,0x00,0x03,0x9F,0xFF,0xFF,0xFF,0xF7,0x00,0x00,0x00,
    0x00,0x00,0x00,0x00,0x02,0x8D,0xFF,0xFF,0xFF,0xFF,0xFF,0x70,0x00,0x00,0x00,0x00,
    0x00,0x02,0x7C,0xFF,0xFF,0xFF,0xFF,0xFF,0xFF,0xF7,0x00,0x00,0x00,0x00,0x01,0x6B,
    0xFF,0xFF,0xFF,0xFF,0xFF,0xFF,0xFF,0xFF,0x60,0x00,0x00,0x00,0x5A,0xFF,0xFF,0xFF,
    0xFF,0xFF,0xFF,0xFF,0xFF,0xE9,0x30,0x00,0x00,0x19,0xEF,0xFF,0xFF,0xFF,0xFF,0xFF,
    0xFF,0xFF,0xFB,0x50,0x00,0x00,0x00,0x03,0xFF,0xFF,0xFF,0xFF,0xFF,0xFF,0xFF,0xFC,
    0x71,0x00,0x00,0x00,0x00,0x00,0x3F,0xFF,0xFF,0xFF,0xFF,0xFF,0xFE,0x93,0x00,0x00,
    0x00,0x00,0x00,0x00,0x03,0xFF,0xFF,0xFF,0xFF,0xFF,0xA5,0x00,0x00,0x00,0x00,0x00,
    0x00,0x00,0x00,0x3F,0xFF,0xFF,0xFF,0xC6,0x10,0x00,0x00,0x00,0x00,0x00,0x00,0x00,
    0x00,0x03,0xFF,0xFF,0xE8,0x30,0x00,0x00,0x00,0x00,0x00,0x00,0x00,0x00,0x00,0x00,
    0x3F,0xFA,0x40,0x00,0x00,0x00,0x00,0x00,0x00,0x00,0x00,0x00,0x00,0x00,0x02,0x61,
    0x00,0x00,0x00,0x00,0x00,0x00,0x00,0x00,0x00,0x00,0x00,0x00,0x00,0x00,0x00,0x00,
    0x00,0x00,0x00,0x00,0x00,0x00,0x00,0x00,0x00,0x00,0x00,0x00,0x00,0x00,0x00,0x00,
    0x00,0x00,0x00,0x00,0x00,0x00,0x00,0x00,0x00,0x00,0x00,0x00,0x00,0x00,0x00,0x00,
    0x00,0x00,0x00,0x00,0x00,0x00,0x00,0x00,0x00,0x00,0x00,0x00,0x00,0x00,0x00,0x00,
    0x00,0x00,0x00,0x00,0x00,0x00,0x00,0x00,0x00,0x00,0x00,0x00,0x23,0x44,0x32,0x00,
    0x00,0x00,0x00,0x00,0x00,0x00,0x00,0x00,0x00,0x59,0xDF,0xFF,0xFF,0xFF,0xFC,0x83,
    0x00,0x00,0x00,0x00,0x00,0x00,0x01,0x7E,0xFF,0xFF,0xFF,0xFF,0xFF,0xFF,0xFF,0xC4,
    0x00,0x00,0x00,0x00,0x00,0x4D,0xFF,0xFF,0xFF,0xFF,0xFF,0xFF,0xFF,0xFF,0xFF,0x90,
    0x00,0x00,0x00,0x07,0xFF,0xFF,0xFF,0xFF,0xFF,0xFF,0xFF,0xFF,0xFF,0xFF,0xFA,0x00,
    0x00,0x00,0x8F,0xFF,0xFF,0xFF,0xFF,0xFF,0xFF,0xFF,0xFF,0xFF,0xFF,0xFF,0x60,0x00,
    0x06,0xFF,0xFF,0xFF,0xFF,0xFF,0xFF,0xFF,0xFF,0xFF,0xFF,0xFF,0xFF,0xE0,0x00,0x2E,
    0xFF,0xFF,0xFF,0xFF,0xFF,0xFF,0xFF,0xFF,0xFF,0xFF,0xFF,0xFF,0xF4,0x00,0x04,0xCF,
    0xFF,0xFF,0xFF,0xFA,0x64,0x57,0xDF,0xFF,0xFF,0xFF,0xFF,0xF7,0x00,0x00,0x05,0xDF,
    0xFF,0xFB,0x20,0x00,0x00,0x0A,0xFF,0xFF,0xFF,0xFF,0xF9,0x00,0x00,0x00,0x06,0xEF,
    0xB0,0x00,0x00,0x00,0x02,0xFF,0xFF,0xFF,0xFF,0xF8,0x00,0x00,0x00,0x00,0x17,0x10,
    0x00,0x00,0x00,0x00,0xFF,0xFF,0xFF,0xFF,0xF6,0x00,0x00,0x00,0x00,0x00,0x00,0x00,
    0x00,0x00,0x04,0xFF,0xFF,0xFF,0xFF,0xF3,0x00,0x00,0x00,0x00,0x00,0x00,0x00,0x00,
    0x00,0x1C,0xFF,0xFF,0xFF,0xFF,0xC0,0x00,0x00,0x00,0x00,0x00,0x00,0x00,0x00,0x01,
    0xBF,0xFF,0xFF,0xFF,0xFF,0x40,0x00,0x00,0x00,0x00,0x00,0x00,0x00,0x00,0x1B,0xFF,
    0xFF,0xFF,0xFF,0xF8,0x00,0x00,0x00,0x00,0x00,0x00,0x00,0x00,0x01,0xCF,0xFF,0xFF,
    0xFF,0xFF,0x80,0x00,0x00,0x00,0x00,0x00,0x00,0x00,0x00,0x0B,0xFF,0xFF,0xFF,0xFF,
    0xF8,0x00,0x00,0x00,0x00,0x00,0x00,0x00,0x00,0x00,0x8F,0xFF,0xFF,0xFF,0xFF,0x70,
    0x00,0x00,0x00,0x00,0x00,0x00,0x00,0x00,0x02,0xFF,0xFF,0xFF,0xFF,0xF6,0x00,0x00,
    0x00,0x00,0x00,0x00,0x00,0x00,0x00,0x07,0xFF,0xFF,0xFF,0xFF,0x80,0x00,0x00,0x00,
    0x00,0x00,0x00,0x00,0x00,0x00,0x0B,0xFF,0xFF,0xFF,0xFE,0x10,0x00,0x00,0x00,0x00,
    0x00,0x00,0x00,0x00,0x00,0x09,0xBB,0xBB,0xBB,0xB9,0x00,0x00,0x00,0x00,0x00,0x00,
    0x00,0x00,0x00,0x00,0x00,0x00,0x00,0x00,0x00,0x00,0x00,0x00,0x00,0x00,0x00,0x00,
    0x00,0x00,0x00,0x00,0x00,0x00,0x00,0x00,0x00,0x00,0x00,0x00,0x00,0x00,0x00,0x00,
    0x00,0x00,0x00,0x04,0x78,0x74,0x00,0x00,0x00,0x00,0x00,0x00,0x00,0x00,0x00,0x00,
    0x00,0x02,0xCF,0xFF,0xFF,0xC2,0x00,0x00,0x00,0x00,0x00,0x00,0x00,0x00,0x00,0x00,
    0x1E,0xFF,0xFF,0xFF,0xFD,0x10,0x00,0x00,0x00,0x00,0x00,0x00,0x00,0x00,0x00,0x9F,
    0xFF,0xFF,0xFF,0xFF,0x80,0x00,0x00,0x00,0x00,0x00,0x00,0x00,0x00,0x00,0xDF,0xFF,
    0xFF,0xFF,0xFF,0xC0,0x00,0x00,0x00,0x00,0x00,0x00,0x00,0x00,0x00,0xEF,0xFF,0xFF,
    0xFF,0xFF,0xD0,0x00,0x00,0x00,0x00,0x00,0x00,0x00,0x00,0x00,0xDF,0xFF,0xFF,0xFF,
    0xFF,0xB0,0x00,0x00,0x00,0x00,0x00,0x00,0x00,0x00,0x00,0x7F,0xFF,0xFF,0xFF,0xFF,
    0x60,0x00,0x00,0x00,0x00,0x00,0x00,0x00,0x00,0x00,0x1C,0xFF,0xFF,0xFF,0xFB,0x00,
    0x00,0x00,0x00,0x00,0x00,0x00,0x00,0x00,0x00,0x01,0xAF,0xFF,0xFF,0x91,0x00,0x00,
    0x00,0x00,0x00,0x00,0x00,0x00,0x00,0x00,0x00,0x02,0x56,0x51,0x00,0x00,0x00,0x00,
    0x00,0x00,0x00,0x00,0x00,0x00,0x00,0x00,0x00,0x00,0x00,0x00,0x00,0x12,0x23,0x21,
    0x00,0x00,0x00,0x00,0x00,0x00,0x00,0x00,0x00,0x00,0x00,0x00,0x00,0x00,0x00,0x00,
    0x00,0x00,0x00,0x02,0x69,0xCE,0xFF,0xFF,0xFF,0xFD,0xA7,0x40,0x00,0x00,0x00,0x00,
    0x00,0x00,0x00,0x00,0x00,0x00,0x00,0x00,0x00,0x00,0x00,0x17,0xCF,0xFF,0xFF,0xFF,
    0xFF,0xFF,0xFF,0xFF,0xFE,0x93,0x00,0x00,0x00,0x00,0x00,0x00,0x00,0x00,0x00,0x00,
    0x00,0x00,0x00,0x29,0xFF,0xFF,0xFF,0xFF,0xFF,0xFF,0xFF,0xFF,0xFF,0xFF,0xFF,0xB3,
    0x00,0x00,0x00,0x00,0x00,0x00,0x00,0x00,0x00,0x00,0x00,0x07,0xEF,0xFF,0xFF,0xFF,
    0xFF,0xFF,0xFF,0xFF,0xFF,0xFF,0xFF,0xFF,0xFF,0xA1,0x00,0x00,0x00,0x00,0x00,0x00,
    0x00,0x00,0x00,0x02,0xCF,0xFF,0xFF,0xFF,0xFF,0xFF,0xFF,0xFF,0xFF,0xFF,0xFF,0xFF,
    0xFF,0xFF,0xFD,0x40,0x00,0x00,0x00,0x00,0x00,0x00,0x00,0x00,0x4E,0xFF,0xFF,0xFF,
    0xFF,0xFE,0xA7,0x53,0x32,0x34,0x68,0xCF,0xFF,0xFF,0xFF,0xFF,0xF6,0x00,0x00,0x00,
    0x00,0x00,0x00,0x00,0x04,0xFF,0xFF,0xFF,0xFF,0xFA,0x40,0x00,0x00,0x00,0x00,0x00,
    0x01,0x6D,0xFF,0xFF,0xFF,0xFF,0x60,0x00,0x00,0x00,0x00,0x00,0x00,0x3E,0xFF,0xFF,
    0xFF,0xFB,0x30,0x00,0x00,0x00,0x00,0x00,0x00,0x00,0x00,0x5D,0xFF,0xFF,0xFF,0xF5,
    0x00,0x00,0x00,0x00,0x00,0x01,0xEF,0xFF,0xFF,0xFF,0x60,0x00,0x00,0x00,0x00,0x00,
    0x00,0x00,0x00,0x00,0x01,0xAF,0xFF,0xFF,0xFE,0x20,0x00,0x00,0x00,0x00,0x0B,0xFF,
    0xFF,0xFF,0xE4,0x00,0x00,0x00,0x00,0x00,0x00,0x00,0x00,0x00,0x00,0x00,0x06,0xFF,
    0xFF,0xFF,0xC0,0x00,0x00,0x00,0x00,0x5F,0xFF,0xFF,0xFE,0x30,0x00,0x00,0x02,0x69,
    0xA9,0x84,0x00,0x03,0x44,0x44,0x44,0x41,0x6F,0xFF,0xFF,0xF7,0x00,0x00,0x00,0x00,
    0xEF,0xFF,0xFF,0xF5,0x00,0x00,0x03,0xBF,0xFF,0xFF,0xFF,0xE7,0x09,0xFF,0xFF,0xFF,
    0xF3,0x09,0xFF,0xFF,0xFE,0x10,0x00,0x00,0x06,0xFF,0xFF,0xFF,0xA0,0x00,0x00,0x8F,
    0xFF,0xFF,0xFF,0xFF,0xFF,0xBA,0xFF,0xFF,0xFF,0xF3,0x01,0xDF,0xFF,0xFF,0x70,0x00,
    0x00,0x0D,0xFF,0xFF,0xFE,0x10,0x00,0x0A,0xFF,0xFF,0xFF,0xFF,0xFF,0xFF,0xFF,0xFF,
    0xFF,0xFF,0xF3,0x00,0x6F,0xFF,0xFF,0xC0,0x00,0x00,0x3F,0xFF,0xFF,0xF8,0x00,0x00,
    0x8F,0xFF,0xFF,0xFF,0xFF,0xFF,0xFF,0xFF,0xFF,0xFF,0xFF,0xF3,0x00,0x0D,0xFF,0xFF,
    0xF3,0x00,0x00,0x8F,0xFF,0xFF,0xF2,0x00,0x03,0xFF,0xFF,0xFF,0xFF,0xFF,0xFF,0xFF,
    0xFF,0xFF,0xFF,0xFF,0xF3,0x00,0x08,0xFF,0xFF,0xF7,0x00,0x00,0xBF,0xFF,0xFF,0xC0,
    0x00,0x0B,0xFF,0xFF,0xFF,0xFF,0xFF,0xDE,0xFF,0xFF,0xFF,0xFF,0xFF,0xF3,0x00,0x04,
    0xFF,0xFF,0xFA,0x00,0x00,0xEF,0xFF,0xFF,0x80,0x00,0x2F,0xFF,0xFF,0xFF,0xFF,0x71,
    0x00,0x3B,0xFF,0xFF,0xFF,0xFF,0xF3,0x00,0x00,0xFF,0xFF,0xFD,0x00,0x02,0xFF,0xFF,
    0xFF,0x50,0x00,0x7F,0xFF,0xFF,0xFF,0xF4,0x00,0x00,0x00,0xAF,0xFF,0xFF,0xFF,0xF3,
    0x00,0x00,0xDF,0xFF,0xFF,0x00,0x04,0xFF,0xFF,0xFF,0x20,0x00,0xAF,0xFF,0xFF,0xFF,
    0x90,0x00,0x00,0x00,0x1F,0xFF,0xFF,0xFF,0xF3,0x00,0x00,0xBF,0xFF,0xFF,0x10,0x05,
    0xFF,0xFF,0xFF,0x10,0x00,0xCF,0xFF,0xFF,0xFF,0x40,0x00,0x00,0x00,0x0F,0xFF,0xFF,
    0xFF,0xF3,0x00,0x00,0xBF,0xFF,0xFF,0x10,0x05,0xFF,0xFF,0xFF,0x00,0x00,0xDF,0xFF,
    0xFF,0xFF,0x20,0x00,0x00,0x00,0x0B,0xFF,0xFF,0xFF,0xF3,0x00,0x00,0xBF,0xFF,0xFF,
    0x10,0x05,0xFF,0xFF,0xFF,0x10,0x00,0xEF,0xFF,0xFF,0xFF,0x10,0x00,0x00,0x00,0x0A,
    0xFF,0xFF,0xFF,0xF3,0x00,0x00,0xBF,0xFF,0xFF,0x00,0x04,0xFF,0xFF,0xFF,0x10,0x00,
    0xDF,0xFF,0xFF,0xFF,0x30,0x00,0x00,0x00,0x0C,0xFF,0xFF,0xFF,0xF3,0x00,0x00,0xCF,
    0xFF,0xFE,0x00,0x03,0xFF,0xFF,0xFF,0x30,0x00,0xCF,0xFF,0xFF,0xFF,0x60,0x00,0x00,
    0x00,0x0F,0xFF,0xFF,0xFF,0xF3,0x00,0x00,0xEF,0xFF,0xFC,0x00,0x01,0xFF,0xFF,0xFF,
    0x50,0x00,0x9F,0xFF,0xFF,0xFF,0xC0,0x00,0x00,0x00,0x3F,0xFF,0xFF,0xFF,0xF3,0x00,
    0x02,0xFF,0xFF,0xF8,0x00,0x00,0xEF,0xFF,0xFF,0x90,0x00,0x5F,0xFF,0xFF,0xFF,0xF8,
    0x00,0x00,0x02,0xDF,0xFF,0xFF,0xFF,0xF5,0x00,0x08,0xFF,0xFF,0xF5,0x00,0x00,0xAF,
    0xFF,0xFF,0xD0,0x00,0x1E,0xFF,0xFF,0xFF,0xFF,0xB5,0x23,0x7E,0xFF,0xFF,0xFF,0xFF,
    0xFC,0x10,0x3E,0xFF,0xFF,0xE0,0x00,0x00,0x7F,0xFF,0xFF,0xF3,0x00,0x08,0xFF,0xFF,
    0xFF,0xFF,0xFF,0xFF,0xFF,0xFF,0xFF,0xFF,0xFF,0xFF,0xEC,0xFF,0xFF,0xFF,0x80,0x00,
    0x00,0x2F,0xFF,0xFF,0xF9,0x00,0x01,0xEF,0xFF,0xFF,0xFF,0xFF,0xFF,0xFF,0xFF,0xFF,
    0xFF,0xFF,0xFF,0xFF,0xFF,0xFF,0xFE,0x10,0x00,0x00,0x0B,0xFF,0xFF,0xFF,0x20,0x00,
    0x4F,0xFF,0xFF,0xFF,0xFF,0xFF,0xFF,0xFF,0xAF,0xFF,0xFF,0xFF,0xFF,0xFF,0xFF,0xF5,
    0x00,0x00,0x00,0x05,0xFF,0xFF,0xFF,0xB0,0x00,0x05,0xFF,0xFF,0xFF,0xFF,0xFF,0xFF,
    0xF8,0x0C,0xFF,0xFF,0xFF,0xFF,0xFF,0xFF,0x70,0x00,0x00,0x00,0x00,0xCF,0xFF,0xFF,
    0xF6,0x00,0x00,0x4D,0xFF,0xFF,0xFF,0xFF,0xFF,0x90,0x01,0xCF,0xFF,0xFF,0xFF,0xFF,
    0xE6,0x00,0x00,0x00,0x00,0x00,0x4F,0xFF,0xFF,0xFF,0x40,0x00,0x01,0x7D,0xFF,0xFF,
    0xFF,0xB4,0x00,0x00,0x07,0xEF,0xFF,0xFF,0xE9,0x20,0x00,0x00,0x00,0x00,0x00,0x09,
    0xFF,0xFF,0xFF,0xF5,0x00,0x00,0x00,0x25,0x65,0x41,0x00,0x00,0x00,0x00,0x03,0x56,
    0x53,0x00,0x00,0x00,0x00,0x00,0x00,0x00,0x01,0xCF,0xFF,0xFF,0xFF,0x80,0x00,0x00,
    0x00,0x00,0x00,0x00,0x00,0x00,0x00,0x00,0x00,0x00,0x00,0x00,0x00,0x00,0x00,0x00,
    0x00,0x00,0x2E,0xFF,0xFF,0xFF,0xFD,0x40,0x00,0x00,0x00,0x00,0x00,0x00,0x00,0x01,
    0x40,0x00,0x00,0x00,0x00,0x00,0x00,0x00,0x00,0x00,0x00,0x03,0xEF,0xFF,0xFF,0xFF,
    0xFC,0x62,0x00,0x00,0x00,0x00,0x00,0x15,0xAF,0xE0,0x00,0x00,0x00,0x00,0x00,0x00,
    0x00,0x00,0x00,0x00,0x00,0x2D,0xFF,0xFF,0xFF,0xFF,0xFF,0xDA,0x86,0x66,0x78,0xAC,
    0xFF,0xFF,0xF4,0x00,0x00,0x00,0x00,0x00,0x00,0x00,0x00,0x00,0x00,0x00,0x01,0xAF,
    0xFF,0xFF,0xFF,0xFF,0xFF,0xFF,0xFF,0xFF,0xFF,0xFF,0xFF,0xF9,0x00,0x00,0x00,0x00,
    0x00,0x00,0x00,0x00,0x00,0x00,0x00,0x00,0x05,0xDF,0xFF,0xFF,0xFF,0xFF,0xFF,0xFF,
    0xFF,0xFF,0xFF,0xFF,0xFE,0x00,0x00,0x00,0x00,0x00,0x00,0x00,0x00,0x00,0x00,0x00,
    0x00,0x00,0x17,0xDF,0xFF,0xFF,0xFF,0xFF,0xFF,0xFF,0xFF,0xFF,0xFF,0xFE,0x30,0x00,
    0x00,0x00,0x00,0x00,0x00,0x00,0x00,0x00,0x00,0x00,0x00,0x00,0x05,0xAE,0xFF,0xFF,
    0xFF,0xFF,0xFF,0xFF,0xFF,0xFB,0x61,0x00,0x00,0x00,0x00,0x00,0x00,0x00,0x00,0x00,
    0x00,0x00,0x00,0x00,0x00,0x00,0x00,0x47,0x9B,0xDE,0xEE,0xDD,0xB9,0x74,0x00,0x00,
    0x00,0x00,0x00,0x00,0x00,0x00,0x00,0x00,0x00,0x00,0x00,0x00,0x00,0x00,0x08,0x99,
    0x99,0x99,0x99,0x60,0x00,0x00,0x00,0x00,0x00,0x00,0x00,0x00,0x00,0x00,0x00,0x00,
    0x00,0x00,0x5F,0xFF,0xFF,0xFF,0xFF,0xE1,0x00,0x00,0x00,0x00,0x00,0x00,0x00,0x00,
    0x00,0x00,0x00,0x00,0x00,0x00,0xCF,0xFF,0xFF,0xFF,0xFF,0xF7,0x00,0x00,0x00,0x00,
    0x00,0x00,0x00,0x00,0x00,0x00,0x00,0x00,0x00,0x03,0xFF,0xFF,0xFF,0xFF,0xFF,0xFD,
    0x00,0x00,0x00,0x00,0x00,0x00,0x00,0x00,0x00,0x00,0x00,0x00,0x00,0x0A,0xFF,0xFF,
    0xFF,0xFF,0xFF,0xFF,0x50,0x00,0x00,0x00,0x00,0x00,0x00,0x00,0x00,0x00,0x00,0x00,
    0x00,0x2F,0xFF,0xFF,0xFF,0xFF,0xFF,0xFF,0xC0,0x00,0x00,0x00,0x00,0x00,0x00,0x00,
    0x00,0x00,0x00,0x00,0x00,0x8F,0xFF,0xFF,0xFF,0xFF,0xFF,0xFF,0xF3,0x00,0x00,0x00,
    0x00,0x00,0x00,0x00,0x00,0x00,0x00,0x00,0x01,0xEF,0xFF,0xFF,0xFF,0xFF,0xFF,0xFF,
    0xFA,0x00,0x00,0x00,0x00,0x00,0x00,0x00,0x00,0x00,0x00,0x00,0x06,0xFF,0xFF,0xFF,
    0xFF,0xFF,0xFF,0xFF,0xFF,0x20,0x00,0x00,0x00,0x00,0x00,0x00,0x00,0x00,0x00,0x00,
    0x0D,0xFF,0xFF,0xFF,0xFF,0xFF,0xFF,0xFF,0xFF,0x80,0x00,0x00,0x00,0x00,0x00,0x00,
    0x00,0x00,0x00,0x00,0x5F,0xFF,0xFF,0xFF,0xF7,0xDF,0xFF,0xFF,0xFF,0xE1,0x00,0x00,
    0x00,0x00,0x00,0x00,0x00,0x00,0x00,0x00,0xBF,0xFF,0xFF,0xFF,0xF1,0x8F,0xFF,0xFF,
    0xFF,0xF6,0x00,0x00,0x00,0x00,0x00,0x00,0x00,0x00,0x00,0x03,0xFF,0xFF,0xFF,0xFF,
    0xA0,0x2F,0xFF,0xFF,0xFF,0xFD,0x00,0x00,0x00,0x00,0x00,0x00,0x00,0x00,0x00,0x09,
    0xFF,0xFF,0xFF,0xFF,0x40,0x0B,0xFF,0xFF,0xFF,0xFF,0x50,0x00,0x00,0x00,0x00,0x00,
    0x00,0x00,0x00,0x1F,0xFF,0xFF,0xFF,0xFD,0x00,0x05,0xFF,0xFF,0xFF,0xFF,0xB0,0x00,
    0x00,0x00,0x00,0x00,0x00,0x00,0x00,0x8F,0xFF,0xFF,0xFF,0xF7,0x00,0x00,0xDF,0xFF,
    0xFF,0xFF,0xF3,0x00,0x00,0x00,0x00,0x00,0x00,0x00,0x00,0xEF,0xFF,0xFF,0xFF,0xF1,
    0x00,0x00,0x8F,0xFF,0xFF,0xFF,0xFA,0x00,0x00,0x00,0x00,0x00,0x00,0x00,0x06,0xFF,
    0xFF,0xFF,0xFF,0xA0,0x00,0x00,0x2F,0xFF,0xFF,0xFF,0xFF,0x20,0x00,0x00,0x00,0x00,
    0x00,0x00,0x0C,0xFF,0xFF,0xFF,0xFF,0x40,0x00,0x00,0x0B,0xFF,0xFF,0xFF,0xFF,0x80,
    0x00,0x00,0x00,0x00,0x00,0x00,0x4F,0xFF,0xFF,0xFF,0xFD,0x00,0x00,0x00,0x05,0xFF,
    0xFF,0xFF,0xFF,0xE1,0x00,0x00,0x00,0x00,0x00,0x00,0xBF,0xFF,0xFF,0xFF,0xFF,0x88,
    0x88,0x88,0x88,0xFF,0xFF,0xFF,0xFF,0xF6,0x00,0x00,0x00,0x00,0x00,0x02,0xFF,0xFF,
    0xFF,0xFF,0xFF,0xFF,0xFF,0xFF,0xFF,0xFF,0xFF,0xFF,0xFF,0xFD,0x00,0x00,0x00,0x00,
    0x00,0x09,0xFF,0xFF,0xFF,0xFF,0xFF,0xFF,0xFF,0xFF,0xFF,0xFF,0xFF,0xFF,0xFF,0xFF,
    0x40,0x00,0x00,0x00,0x00,0x1E,0xFF,0xFF,0xFF,0xFF,0xFF,0xFF,0xFF,0xFF,0xFF,0xFF,
    0xFF,0xFF,0xFF,0xFF,0xB0,0x00,0x00,0x00,0x00,0x7F,0xFF,0xFF,0xFF,0xFF,0xFF,0xFF,
    0xFF,0xFF,0xFF,0xFF,0xFF,0xFF,0xFF,0xFF,0xF3,0x00,0x00,0x00,0x00,0xEF,0xFF,0xFF,
    0xFF,0xFF,0xFF,0xFF,0xFF,0xFF,0xFF,0xFF,0xFF,0xFF,0xFF,0xFF,0xF9,0x00,0x00,0x00,
    0x05,0xFF,0xFF,0xFF,0xFF,0xFF,0xFF,0xFF,0xFF,0xFF,0xFF,0xFF,0xFF,0xFF,0xFF,0xFF,
    0xFF,0x10,0x00,0x00,0x0C,0xFF,0xFF,0xFF,0xFF,0xF7,0x77,0x77,0x77,0x77,0x77,0x77,
    0x8F,0xFF,0xFF,0xFF,0xFF,0x80,0x00,0x00,0x4F,0xFF,0xFF,0xFF,0xFF,0x40,0x00,0x00,
    0x00,0x00,0x00,0x00,0x0A,0xFF,0xFF,0xFF,0xFF,0xE0,0x00,0x00,0xAF,0xFF,0xFF,0xFF,
    0xFD,0x00,0x00,0x00,0x00,0x00,0x00,0x00,0x04,0xFF,0xFF,0xFF,0xFF,0xF6,0x00,0x02,
    0xFF,0xFF,0xFF,0xFF,0xF6,0x00,0x00,0x00,0x00,0x00,0x00,0x00,0x00,0xDF,0xFF,0xFF,
    0xFF,0xFC,0x00,0x09,0xFF,0xFF,0xFF,0xFF,0xF1,0x00,0x00,0x00,0x00,0x00,0x00,0x00,
    0x00,0x7F,0xFF,0xFF,0xFF,0xFF,0x40,0x1E,0xFF,0xFF,0xFF,0xFF,0x90,0x00,0x00,0x00,
    0x00,0x00,0x00,0x00,0x00,0x2F,0xFF,0xFF,0xFF,0xFF,0xB0,0x7F,0xFF,0xFF,0xFF,0xFF,
    0x30,0x00,0x00,0x00,0x00,0x00,0x00,0x00,0x00,0x0A,0xFF,0xFF,0xFF,0xFF,0xF2,0x00,
    0x06,0x99,0x99,0x99,0x99,0x99,0x99,0x99,0x99,0x98,0x77,0x42,0x00,0x00,0x00,0x00,
    0x00,0x00,0x00,0x9F,0xFF,0xFF,0xFF,0xFF,0xFF,0xFF,0xFF,0xFF,0xFF,0xFF,0xFE,0x93,
    0x00,0x00,0x00,0x00,0x00,0x09,0xFF,0xFF,0xFF,0xFF,0xFF,0xFF,0xFF,0xFF,0xFF,0xFF,
    0xFF,0xFF,0xFA,0x20,0x00,0x00,0x00,0x00,0x9F,0xFF,0xFF,0xFF,0xFF,0xFF,0xFF,0xFF,
    0xFF,0xFF,0xFF,0xFF,0xFF,0xFE,0x30,0x00,0x00,0x00,0x09,0xFF,0xFF,0xFF,0xFF,0xFF,
    0xFF,0xFF,0xFF,0xFF,0xFF,0xFF,0xFF,0xFF,0xFE,0x20,0x00,0x00,0x00,0x9F,0xFF,0xFF,
    0xFF,0xFF,0xFF,0xFF,0xFF,0xFF,0xFF,0xFF,0xFF,0xFF,0xFF,0xFB,0x00,0x00,0x00,0x09,
    0xFF,0xFF,0xFF,0xFF,0xFF,0xFF,0xFF,0xFF,0xFF,0xFF,0xFF,0xFF,0xFF,0xFF,0xF3,0x00,
    0x00,0x00,0x9F,0xFF,0xFF,0xFF,0xFC,0x44,0x44,0x44,0x45,0x7D,0xFF,0xFF,0xFF,0xFF,
    0xFF,0x70,0x00,0x00,0x09,0xFF,0xFF,0xFF,0xFF,0xB0,0x00,0x00,0x00,0x00,0x0A,0xFF,
    0xFF,0xFF,0xFF,0xF9,0x00,0x00,0x00,0x9F,0xFF,0xFF,0xFF,0xFB,0x00,0x00,0x00,0x00,
    0x00,0x1F,0xFF,0xFF,0xFF,0xFF,0xA0,0x00,0x00,0x09,0xFF,0xFF,0xFF,0xFF,0xB0,0x00,
    0x00,0x00,0x00,0x00,0xEF,0xFF,0xFF,0xFF,0xF9,0x00,0x00,0x00,0x9F,0xFF,0xFF,0xFF,
    0xFB,0x00,0x00,0x00,0x00,0x00,0x1F,0xFF,0xFF,0xFF,0xFF,0x50,0x00,0x00,0x09,0xFF,
    0xFF,0xFF,0xFF,0xB0,0x00,0x00,0x00,0x00,0x0A,0xFF,0xFF,0xFF,0xFF,0xE1,0x00,0x00,
    0x00,0x9F,0xFF,0xFF,0xFF,0xFE,0x44,0x44,0x44,0x45,0x7D,0xFF,0xFF,0xFF,0xFF,0xF7,
    0x00,0x00,0x00,0x09,0xFF,0xFF,0xFF,0xFF,0xFF,0xFF,0xFF,0xFF,0xFF,0xFF,0xFF,0xFF,
    0xFF,0xFA,0x00,0x00,0x00,0x00,0x9F,0xFF,0xFF,0xFF,0xFF,0xFF,0xFF,0xFF,0xFF,0xFF,
    0xFF,0xFF,0xFF,0xF9,0x00,0x00,0x00,0x00,0x09,0xFF,0xFF,0xFF,0xFF,0xFF,0xFF,0xFF,
    0xFF,0xFF,0xFF,0xFF,0xFF,0xFA,0x00,0x00,0x00,0x00,0x00,0x9F,0xFF,0xFF,0xFF,0xFF,
    0xFF,0xFF,0xFF,0xFF,0xFF,0xFF,0xFF,0xFF,0xFE,0x50,0x00,0x00,0x00,0x09,0xFF,0xFF,
    0xFF,0xFF,0xFF,0xFF,0xFF,0xFF,0xFF,0xFF,0xFF,0xFF,0xFF,0xFF,0x90,0x00,0x00,0x00,
    0x9F,0xFF,0xFF,0xFF,0xFF,0xFF,0xFF,0xFF,0xFF,0xFF,0xFF,0xFF,0xFF,0xFF,0xFF,0x90,
    0x00,0x00,0x09,0xFF,0xFF,0xFF,0xFF,0xF5,0x55,0x55,0x55,0x55,0x7B,0xFF,0xFF,0xFF,
    0xFF,0xFF,0x40,0x00,0x00,0x9F,0xFF,0xFF,0xFF,0xFB,0x00,0x00,0x00,0x00,0x00,0x04,
    0xEF,0xFF,0xFF,0xFF,0xFB,0x00,0x00,0x09,0xFF,0xFF,0xFF,0xFF,0xB0,0x00,0x00,0x00,
    0x00,0x00,0x08,0xFF,0xFF,0xFF,0xFF,0xF1,0x00,0x00,0x9F,0xFF,0xFF,0xFF,0xFB,0x00,
    0x00,0x00,0x00,0x00,0x00,0x4F,0xFF,0xFF,0xFF,0xFF,0x30,0x00,0x09,0xFF,0xFF,0xFF,
    0xFF,0xB0,0x00,0x00,0x00,0x00,0x00,0x06,0xFF,0xFF,0xFF,0xFF,0xF4,0x00,0x00,0x9F,
    0xFF,0xFF,0xFF,0xFB,0x00,0x00,0x00,0x00,0x00,0x00,0xBF,0xFF,0xFF,0xFF,0xFF,0x30,
    0x00,0x09,0xFF,0xFF,0xFF,0xFF,0xB0,0x00,0x00,0x00,0x00,0x04,0xBF,0xFF,0xFF,0xFF,
    0xFF,0xF2,0x00,0x00,0x9F,0xFF,0xFF,0xFF,0xFE,0xDD,0xDD,0xDD,0xDD,0xDF,0xFF,0xFF,
    0xFF,0xFF,0xFF,0xFD,0x00,0x00,0x09,0xFF,0xFF,0xFF,0xFF,0xFF,0xFF,0xFF,0xFF,0xFF,
    0xFF,0xFF,0xFF,0xFF,0xFF,0xFF,0x70,0x00,0x00,0x9F,0xFF,0xFF,0xFF,0xFF,0xFF,0xFF,
    0xFF,0xFF,0xFF,0xFF,0xFF,0xFF,0xFF,0xFF,0xC0,0x00,0x00,0x09,0xFF,0xFF,0xFF,0xFF,
    0xFF,0xFF,0xFF,0xFF,0xFF,0xFF,0xFF,0xFF,0xFF,0xFF,0xD2,0x00,0x00,0x00,0x9F,0xFF,
    0xFF,0xFF,0xFF,0xFF,0xFF,0xFF,0xFF,0xFF,0xFF,0xFF,0xFF,0xFF,0xB1,0x00,0x00,0x00,
    0x09,0xFF,0xFF,0xFF,0xFF,0xFF,0xFF,0xFF,0xFF,0xFF,0xFF,0xFF,0xFF,0xFB,0x40,0x00,
    0x00,0x00,0x00,0x9F,0xFF,0xFF,0xFF,0xFF,0xFF,0xFF,0xFF,0xFF,0xFE,0xED,0xB8,0x61,
    0x00,0x00,0x00,0x00,0x00,0x00,0x00,0x00,0x00,0x00,0x00,0x00,0x01,0x34,0x43,0x20,
    0x00,0x00,0x00,0x00,0x00,0x00,0x00,0x00,0x00,0x00,0x00,0x00,0x38,0xCE,0xFF,0xFF,
    0xFF,0xFD,0x95,0x10,0x00,0x00,0x00,0x00,0x00,0x00,0x00,0x00,0x17,0xDF,0xFF,0xFF,
    0xFF,0xFF,0xFF,0xFF,0xFE,0x92,0x00,0x00,0x00,0x00,0x00,0x00,0x00,0x6E,0xFF,0xFF,
    0xFF,0xFF,0xFF,0xFF,0xFF,0xFF,0xFF,0xF8,0x00,0x00,0x00,0x00,0x00,0x01,0xAF,0xFF,
    0xFF,0xFF,0xFF,0xFF,0xFF,0xFF,0xFF,0xFF,0xFF,0xFC,0x20,0x00,0x00,0x00,0x02,0xDF,
    0xFF,0xFF,0xFF,0xFF,0xFF,0xFF,0xFF,0xFF,0xFF,0xFF,0xFF,0xFE,0x30,0x00,0x00,0x01,
    0xDF,0xFF,0xFF,0xFF,0xFF,0xFF,0xFF,0xFF,0xFF,0xFF,0xFF,0xFF,0xFF,0xFE,0x20,0x00,
    0x00,0xCF,0xFF,0xFF,0xFF,0xFF,0xFF,0xFF,0xFF,0xFF,0xFF,0xFF,0xFF,0xFF,0xFF,0xD2,
    0x00,0x00,0x8F,0xFF,0xFF,0xFF,0xFF,0xFF,0xFF,0xCA,0x9A,0xCF,0xFF,0xFF,0xFF,0xFF,
    0xD2,0x00,0x00,0x2F,0xFF,0xFF,0xFF,0xFF,0xFF,0xE6,0x10,0x00,0x00,0x16,0xEF,0xFF,
    0xFF,0xC1,0x00,0x00,0x0A,0xFF,0xFF,0xFF,0xFF,0xFF,0xA1,0x00,0x00,0x00,0x00,0x01,
    0x9F,0xFF,0xB1,0x00,0x00,0x02,0xFF,0xFF,0xFF,0xFF,0xFF,0x90,0x00,0x00,0x00,0x00,
    0x00,0x00,0x8F,0x90,0x00,0x00,0x00,0x7F,0xFF,0xFF,0xFF,0xFF,0xC0,0x00,0x00,0x00,
    0x00,0x00,0x00,0x00,0x40,0x00,0x00,0x00,0x0B,0xFF,0xFF,0xFF,0xFF,0xF5,0x00,0x00,
    0x00,0x00,0x00,0x00,0x00,0x00,0x00,0x00,0x00,0x00,0xFF,0xFF,0xFF,0xFF,0xFD,0x00,
    0x00,0x00,0x00,0x00,0x00,0x00,0x00,0x00,0x00,0x00,0x00,0x2F,0xFF,0xFF,0xFF,0xFF,
    0x90,0x00,0x00,0x00,0x00,0x00,0x00,0x00,0x00,0x00,0x00,0x00,0x04,0xFF,0xFF,0xFF,
    0xFF,0xF6,0x00,0x00,0x00,0x00,0x00,0x00,0x00,0x00,0x00,0x00,0x00,0x00,0x5F,0xFF,
    0xFF,0xFF,0xFF,0x40,0x00,0x00,0x00,0x00,0x00,0x00,0x00,0x00,0x00,0x00,0x00,0x05,
    0xFF,0xFF,0xFF,0xFF,0xF4,0x00,0x00,0x00,0x00,0x00,0x00,0x00,0x00,0x00,0x00,0x00,
    0x00,0x5F,0xFF,0xFF,0xFF,0xFF,0x50,0x00,0x00,0x00,0x00,0x00,0x00,0x00,0x00,0x00,
    0x00,0x00,0x03,0xFF,0xFF,0xFF,0xFF,0xF7,0x00,0x00,0x00,0x00,0x00,0x00,0x00,0x00,
    0x00,0x00,0x00,0x00,0x1F,0xFF,0xFF,0xFF,0xFF,0xB0,0x00,0x00,0x00,0x00,0x00,0x00,
    0x00,0x00,0x00,0x00,0x00,0x00,0xDF,0xFF,0xFF,0xFF,0xFF,0x20,0x00,0x00,0x00,0x00,
    0x00,0x00,0x00,0x00,0x00,0x00,0x00,0x09,0xFF,0xFF,0xFF,0xFF,0xF9,0x00,0x00,0x00,
    0x00,0x00,0x00,0x00,0x00,0x00,0x00,0x00,0x00,0x4F,0xFF,0xFF,0xFF,0xFF,0xF5,0x00,
    0x00,0x00,0x00,0x00,0x00,0x03,0xD4,0x00,0x00,0x00,0x00,0xDF,0xFF,0xFF,0xFF,0xFF,
    0xE4,0x00,0x00,0x00,0x00,0x00,0x04,0xEF,0xF5,0x00,0x00,0x00,0x05,0xFF,0xFF,0xFF,
    0xFF,0xFF,0xF8,0x10,0x00,0x00,0x00,0x18,0xFF,0xFF,0xF6,0x00,0x00,0x00,0x0C,0xFF,
    0xFF,0xFF,0xFF,0xFF,0xFE,0xA6,0x43,0x35,0x9E,0xFF,0xFF,0xFF,0xF8,0x00,0x00,0x00,
    0x2E,0xFF,0xFF,0xFF,0xFF,0xFF,0xFF,0xFF,0xFF,0xFF,0xFF,0xFF,0xFF,0xFF,0xF9,0x00,
    0x00,0x00,0x5F,0xFF,0xFF,0xFF,0xFF,0xFF,0xFF,0xFF,0xFF,0xFF,0xFF,0xFF,0xFF,0xFF,
    0xF4,0x00,0x00,0x00,0x6F,0xFF,0xFF,0xFF,0xFF,0xFF,0xFF,0xFF,0xFF,0xFF,0xFF,0xFF,
    0xFF,0xF7,0x00,0x00,0x00,0x00,0x5E,0xFF,0xFF,0xFF,0xFF,0xFF,0xFF,0xFF,0xFF,0xFF,
    0xFF,0xFF,0xF6,0x00,0x00,0x00,0x00,0x00,0x2C,0xFF,0xFF,0xFF,0xFF,0xFF,0xFF,0xFF,
    0xFF,0xFF,0xFF,0xD4,0x00,0x00,0x00,0x00,0x00,0x00,0x05,0xDF,0xFF,0xFF,0xFF,0xFF,
    0xFF,0xFF,0xFF,0xFE,0x71,0x00,0x00,0x00,0x00,0x00,0x00,0x00,0x00,0x4A,0xEF,0xFF,
    0xFF,0xFF,0xFF,0xFF,0xB6,0x10,0x00,0x00,0x00,0x00,0x00,0x00,0x00,0x00,0x00,0x00,
    0x35,0x79,0xAA,0x98,0x64,0x00,0x00,0x00,0x00,0x00,0x00,0x06,0x99,0x99,0x99,0x99,
    0x99,0x99,0x99,0x99,0x87,0x63,0x10,0x00,0x00,0x00,0x00,0x00,0x00,0x00,0x00,0x09,
    0xFF,0xFF,0xFF,0xFF,0xFF,0xFF,0xFF,0xFF,0xFF,0xFF,0xFC,0x83,0x00,0x00,0x00,0x00,
    0x00,0x00,0x00,0x09,0xFF,0xFF,0xFF,0xFF,0xFF,0xFF,0xFF,0xFF,0xFF,0xFF,0xFF,0xFF,
    0xB4,0x00,0x00,0x00,0x00,0x00,0x00,0x09,0xFF,0xFF,0xFF,0xFF,0xFF,0xFF,0xFF,0xFF,
    0xFF,0xFF,0xFF,0xFF,0xFF,0xB2,0x00,0x00,0x00,0x00,0x00,0x09,0xFF,0xFF,0xFF,0xFF,
    0xFF,0xFF,0xFF,0xFF,0xFF,0xFF,0xFF,0xFF,0xFF,0xFE,0x40,0x00,0x00,0x00,0x00,0x09,
    0xFF,0xFF,0xFF,0xFF,0xFF,0xFF,0xFF,0xFF,0xFF,0xFF,0xFF,0xFF,0xFF,0xFF,0xF5,0x00,
    0x00,0x00,0x00,0x09,0xFF,0xFF,0xFF,0xFF,0xFF,0xFF,0xFF,0xFF,0xFF,0xFF,0xFF,0xFF,
    0xFF,0xFF,0xFF,0x50,0x00,0x00,0x00,0x09,0xFF,0xFF,0xFF,0xFF,0xFF,0xFF,0xFF,0xFF,
    0xFF,0xFF,0xFF,0xFF,0xFF,0xFF,0xFF,0xE2,0x00,0x00,0x00,0x09,0xFF,0xFF,0xFF,0xFF,
    0xD0,0x00,0x00,0x00,0x14,0x8D,0xFF,0xFF,0xFF,0xFF,0xFF,0xFB,0x00,0x00,0x00,0x09,
    0xFF,0xFF,0xFF,0xFF,0xD0,0x00,0x00,0x00,0x00,0x00,0x8F,0xFF,0xFF,0xFF,0xFF,0xFF,
    0x40,0x00,0x00,0x09,0xFF,0xFF,0xFF,0xFF,0xD0,0x00,0x00,0x00,0x00,0x00,0x03,0xEF,
    0xFF,0xFF,0xFF,0xFF,0xB0,0x00,0x00,0x09,0xFF,0xFF,0xFF,0xFF,0xD0,0x00,0x00,0x00,
    0x00,0x00,0x00,0x5F,0xFF,0xFF,0xFF,0xFF,0xF2,0x00,0x00,0x09,0xFF,0xFF,0xFF,0xFF,
    0xD0,0x00,0x00,0x00,0x00,0x00,0x00,0x0A,0xFF,0xFF,0xFF,0xFF,0xF6,0x00,0x00,0x09,
    0xFF,0xFF,0xFF,0xFF,0xD0,0x00,0x00,0x00,0x00,0x00,0x00,0x03,0xFF,0xFF,0xFF,0xFF,
    0xF9,0x00,0x00,0x09,0xFF,0xFF,0xFF,0xFF,0xD0,0x00,0x00,0x00,0x00,0x00,0x00,0x00,
    0xEF,0xFF,0xFF,0xFF,0xFC,0x00,0x00,0x09,0xFF,0xFF,0xFF,0xFF,0xD0,0x00,0x00,0x00,
    0x00,0x00,0x00,0x00,0xBF,0xFF,0xFF,0xFF,0xFD,0x00,0x00,0x09,0xFF,0xFF,0xFF,0xFF,
    0xD0,0x00,0x00,0x00,0x00,0x00,0x00,0x00,0xAF,0xFF,0xFF,0xFF,0xFE,0x00,0x00,0x09,
    0xFF,0xFF,0xFF,0xFF,0xD0,0x00,0x00,0x00,0x00,0x00,0x00,0x00,0x9F,0xFF,0xFF,0xFF,
    0xFF,0x00,0x00,0x09,0xFF,0xFF,0xFF,0xFF,0xD0,0x00,0x00,0x00,0x00,0x00,0x00,0x00,
    0xAF,0xFF,0xFF,0xFF,0xFE,0x00,0x00,0x09,0xFF,0xFF,0xFF,0xFF,0xD0,0x00,0x00,0x00,
    0x00,0x00,0x00,0x00,0xCF,0xFF,0xFF,0xFF,0xFD,0x00,0x00,0x09,0xFF,0xFF,0xFF,0xFF,
    0xD0,0x00,0x00,0x00,0x00,0x00,0x00,0x01,0xFF,0xFF,0xFF,0xFF,0xFA,0x00,0x00,0x09,
    0xFF,0xFF,0xFF,0xFF,0xD0,0x00,0x00,0x00,0x00,0x00,0x00,0x07,0xFF,0xFF,0xFF,0xFF,
    0xF8,0x00,0x00,0x09,0xFF,0xFF,0xFF,0xFF,0xD0,0x00,0x00,0x00,0x00,0x00,0x00,0x2E,
    0xFF,0xFF,0xFF,0xFF,0xF3,0x00,0x00,0x09,0xFF,0xFF,0xFF,0xFF,0xD0,0x00,0x00,0x00,
    0x00,0x00,0x00,0xCF,0xFF,0xFF,0xFF,0xFF,0xD0,0x00,0x00,0x09,0xFF,0xFF,0xFF,0xFF,
    0xD0,0x00,0x00,0x00,0x00,0x00,0x2C,0xFF,0xFF,0xFF,0xFF,0xFF,0x70,0x00,0x00,0x09,
    0xFF,0xFF,0xFF,0xFF,0xD0,0x00,0x00,0x00,0x00,0x27,0xEF,0xFF,0xFF,0xFF,0xFF,0xFE,
    0x10,0x00,0x00,0x09,0xFF,0xFF,0xFF,0xFF,0xE8,0x88,0x88,0x89,0xAD,0xFF,0xFF,0xFF,
    0xFF,0xFF,0xFF,0xF5,0x00,0x00,0x00,0x09,0xFF,0xFF,0xFF,0xFF,0xFF,0xFF,0xFF,0xFF,
    0xFF,0xFF,0xFF,0xFF,0xFF,0xFF,0xFF,0x90,0x00,0x00,0x00,0x09,0xFF,0xFF,0xFF,0xFF,
    0xFF,0xFF,0xFF,0xFF,0xFF,0xFF,0xFF,0xFF,0xFF,0xFF,0xFB,0x00,0x00,0x00,0x00,0x09,
    0xFF,0xFF,0xFF,0xFF,0xFF,0xFF,0xFF,0xFF,0xFF,0xFF,0xFF,0xFF,0xFF,0xFF,0xA0,0x00,
    0x00,0x00,0x00,0x09,0xFF,0xFF,0xFF,0xFF,0xFF,0xFF,0xFF,0xFF,0xFF,0xFF,0xFF,0xFF,
    0xFF,0xF7,0x00,0x00,0x00,0x00,0x00,0x09,0xFF,0xFF,0xFF,0xFF,0xFF,0xFF,0xFF,0xFF,
    0xFF,0xFF,0xFF,0xFF,0xFA,0x20,0x00,0x00,0x00,0x00,0x00,0x09,0xFF,0xFF,0xFF,0xFF,
    0xFF,0xFF,0xFF,0xFF,0xFF,0xFF,0xFF,0xE9,0x20,0x00,0x00,0x00,0x00,0x00,0x00,0x09,
    0xFF,0xFF,0xFF,0xFF,0xFF,0xFF,0xFF,0xFF,0xED,0xCA,0x73,0x00,0x00,0x00,0x00,0x00,
    0x00,0x00,0x00,0x06,0x99,0x99,0x99,0x99,0x99,0x99,0x99,0x99,0x99,0x99,0x99,0x99,
    0x96,0x00,0x00,0x09,0xFF,0xFF,0xFF,0xFF,0xFF,0xFF,0xFF,0xFF,0xFF,0xFF,0xFF,0xFF,
    0xFA,0x00,0x00,0x09,0xFF,0xFF,0xFF,0xFF,0xFF,0xFF,0xFF,0xFF,0xFF,0xFF,0xFF,0xFF,
    0xFA,0x00,0x00,0x09,0xFF,0xFF,0xFF,0xFF,0xFF,0xFF,0xFF,0xFF,0xFF,0xFF,0xFF,0xFF,
    0xFA,0x00,0x00,0x09,0xFF,0xFF,0xFF,0xFF,0xFF,0xFF,0xFF,0xFF,0xFF,0xFF,0xFF,0xFF,
    0xFA,0x00,0x00,0x09,0xFF,0xFF,0xFF,0xFF,0xFF,0xFF,0xFF,0xFF,0xFF,0xFF,0xFF,0xFF,
    0xFA,0x00,0x00,0x09,0xFF,0xFF,0xFF,0xFF,0xFF,0xFF,0xFF,0xFF,0xFF,0xFF,0xFF,0xFF,
    0xFA,0x00,0x00,0x09,0xFF,0xFF,0xFF,0xFF,0xEC,0xCC,0xCC,0xCC,0xCC,0xCC,0xCC,0xCC,
    0xC8,0x00,0x00,0x09,0xFF,0xFF,0xFF,0xFF,0xB0,0x00,0x00,0x00,0x00,0x00,0x00,0x00,
    0x00,0x00,0x00,0x09,0xFF,0xFF,0xFF,0xFF,0xB0,0x00,0x00,0x00,0x00,0x00,0x00,0x00,
    0x00,0x00,0x00,0x09,0xFF,0xFF,0xFF,0xFF,0xB0,0x00,0x00,0x00,0x00,0x00,0x00,0x00,
    0x00,0x00,0x00,0x09,0xFF,0xFF,0xFF,0xFF,0xB0,0x00,0x00,0x00,0x00,0x00,0x00,0x00,
    0x00,0x00,0x00,0x09,0xFF,0xFF,0xFF,0xFF,0xB0,0x00,0x00,0x00,0x00,0x00,0x00,0x00,
    0x00,0x00,0x00,0x09,0xFF,0xFF,0xFF,0xFF,0xF9,0x99,0x99,0x99,0x99,0x99,0x99,0x96,
    0x00,0x00,0x00,0x09,0xFF,0xFF,0xFF,0xFF,0xFF,0xFF,0xFF,0xFF,0xFF,0xFF,0xFF,0xFA,
    0x00,0x00,0x00,0x09,0xFF,0xFF,0xFF,0xFF,0xFF,0xFF,0xFF,0xFF,0xFF,0xFF,0xFF,0xFA,
    0x00,0x00,0x00,0x09,0xFF,0xFF,0xFF,0xFF,0xFF,0xFF,0xFF,0xFF,0xFF,0xFF,0xFF,0xFA,
    0x00,0x00,0x00,0x09,0xFF,0xFF,0xFF,0xFF,0xFF,0xFF,0xFF,0xFF,0xFF,0xFF,0xFF,0xFA,
    0x00,0x00,0x00,0x09,0xFF,0xFF,0xFF,0xFF,0xFF,0xFF,0xFF,0xFF,0xFF,0xFF,0xFF,0xFA,
    0x00,0x00,0x00,0x09,0xFF,0xFF,0xFF,0xFF,0xFF,0xFF,0xFF,0xFF,0xFF,0xFF,0xFF,0xFA,
    0x00,0x00,0x00,0x09,0xFF,0xFF,0xFF,0xFF,0xF7,0x77,0x77,0x77,0x77,0x77,0x77,0x75,
    0x00,0x00,0x00,0x09,0xFF,0xFF,0xFF,0xFF,0xB0,0x00,0x00,0x00,0x00,0x00,0x00,0x00,
    0x00,0x00,0x00,0x09,0xFF,0xFF,0xFF,0xFF,0xB0,0x00,0x00,0x00,0x00,0x00,0x00,0x00,
    0x00,0x00,0x00,0x09,0xFF,0xFF,0xFF,0xFF,0xB0,0x00,0x00,0x00,0x00,0x00,0x00,0x00,
    0x00,0x00,0x00,0x09,0xFF,0xFF,0xFF,0xFF,0xB0,0x00,0x00,0x00,0x00,0x00,0x00,0x00,
    0x00,0x00,0x00,0x09,0xFF,0xFF,0xFF,0xFF,0xB0,0x00,0x00,0x00,0x00,0x00,0x00,0x00,
    0x00,0x00,0x00,0x09,0xFF,0xFF,0xFF,0xFF,0xD6,0x66,0x66,0x66,0x66,0x66,0x66,0x66,
    0x66,0x20,0x00,0x09,0xFF,0xFF,0xFF,0xFF,0xFF,0xFF,0xFF,0xFF,0xFF,0xFF,0xFF,0xFF,
    0xFF,0x50,0x00,0x09,0xFF,0xFF,0xFF,0xFF,0xFF,0xFF,0xFF,0xFF,0xFF,0xFF,0xFF,0xFF,
    0xFF,0x50,0x00,0x09,0xFF,0xFF,0xFF,0xFF,0xFF,0xFF,0xFF,0xFF,0xFF,0xFF,0xFF,0xFF,
    0xFF,0x50,0x00,0x09,0xFF,0xFF,0xFF,0xFF,0xFF,0xFF,0xFF,0xFF,0xFF,0xFF,0xFF,0xFF,
    0xFF,0x50,0x00,0x09,0xFF,0xFF,0xFF,0xFF,0xFF,0xFF,0xFF,0xFF,0xFF,0xFF,0xFF,0xFF,
    0xFF,0x50,0x00,0x09,0xFF,0xFF,0xFF,0xFF,0xFF,0xFF,0xFF,0xFF,0xFF,0xFF,0xFF,0xFF,
    0xFF,0x50,0x00,0x09,0xFF,0xFF,0xFF,0xFF,0xFF,0xFF,0xFF,0xFF,0xFF,0xFF,0xFF,0xFF,
    0xFF,0x50,0x00,0x06,0x99,0x99,0x99,0x99,0x99,0x99,0x99,0x99,0x99,0x99,0x99,0x99,
    0x96,0x00,0x00,0x9F,0xFF,0xFF,0xFF,0xFF,0xFF,0xFF,0xFF,0xFF,0xFF,0xFF,0xFF,0xFF,
    0xA0,0x00,0x09,0xFF,0xFF,0xFF,0xFF,0xFF,0xFF,0xFF,0xFF,0xFF,0xFF,0xFF,0xFF,0xFA,
    0x00,0x00,0x9F,0xFF,0xFF,0xFF,0xFF,0xFF,0xFF,0xFF,0xFF,0xFF,0xFF,0xFF,0xFF,0xA0,
    0x00,0x09,0xFF,0xFF,0xFF,0xFF,0xFF,0xFF,0xFF,0xFF,0xFF,0xFF,0xFF,0xFF,0xFA,0x00,
    0x00,0x9F,0xFF,0xFF,0xFF,0xFF,0xFF,0xFF,0xFF,0xFF,0xFF,0xFF,0xFF,0xFF,0xA0,0x00,
    0x09,0xFF,0xFF,0xFF,0xFF,0xFF,0xFF,0xFF,0xFF,0xFF,0xFF,0xFF,0xFF,0xFA,0x00,0x00,
    0x9F,0xFF,0xFF,0xFF,0xFF,0xCC,0xCC,0xCC,0xCC,0xCC,0xCC,0xCC,0xCC,0x80,0x00,0x09,
    0xFF,0xFF,0xFF,0xFF,0xD0,0x00,0x00,0x00,0x00,0x00,0x00,0x00,0x00,0x00,0x00,0x9F,
    0xFF,0xFF,0xFF,0xFD,0x00,0x00,0x00,0x00,0x00,0x00,0x00,0x00,0x00,0x00,0x09,0xFF,
    0xFF,0xFF,0xFF,0xD0,0x00,0x00,0x00,0x00,0x00,0x00,0x00,0x00,0x00,0x00,0x9F,0xFF,
    0xFF,0xFF,0xFD,0x00,0x00,0x00,0x00,0x00,0x00,0x00,0x00,0x00,0x00,0x09,0xFF,0xFF,
    0xFF,0xFF,0xD0,0x00,0x00,0x00,0x00,0x00,0x00,0x00,0x00,0x00,0x00,0x9F,0xFF,0xFF,
    0xFF,0xFD,0x00,0x00,0x00,0x00,0x00,0x00,0x00,0x00,0x00,0x00,0x09,0xFF,0xFF,0xFF,
    0xFF,0xD0,0x00,0x00,0x00,0x00,0x00,0x00,0x00,0x00,0x00,0x00,0x9F,0xFF,0xFF,0xFF,
    0xFF,0xDD,0xDD,0xDD,0xDD,0xDD,0xDD,0xDD,0x90,0x00,0x00,0x09,0xFF,0xFF,0xFF,0xFF,
    0xFF,0xFF,0xFF,0xFF,0xFF,0xFF,0xFF,0xFA,0x00,0x00,0x00,0x9F,0xFF,0xFF,0xFF,0xFF,
    0xFF,0xFF,0xFF,0xFF,0xFF,0xFF,0xFF,0xA0,0x00,0x00,0x09,0xFF,0xFF,0xFF,0xFF,0xFF,
    0xFF,0xFF,0xFF,0xFF,0xFF,0xFF,0xFA,0x00,0x00,0x00,0x9F,0xFF,0xFF,0xFF,0xFF,0xFF,
    0xFF,0xFF,0xFF,0xFF,0xFF,0xFF,0xA0,0x00,0x00,0x09,0xFF,0xFF,0xFF,0xFF,0xFF,0xFF,
    0xFF,0xFF,0xFF,0xFF,0xFF,0xFA,0x00,0x00,0x00,0x9F,0xFF,0xFF,0xFF,0xFF,0xFF,0xFF,
    0xFF,0xFF,0xFF,0xFF,0xFF,0xA0,0x00,0x00,0x09,0xFF,0xFF,0xFF,0xFF,0xF7,0x77,0x77,
    0x77,0x77,0x77,0x77,0x75,0x00,0x00,0x00,0x9F,0xFF,0xFF,0xFF,0xFD,0x00,0x00,0x00,
    0x00,0x00,0x00,0x00,0x00,0x00,0x00,0x09,0xFF,0xFF,0xFF,0xFF,0xD0,0x00,0x00,0x00,
    0x00,0x00,0x00,0x00,0x00,0x00,0x00,0x9F,0xFF,0xFF,0xFF,0xFD,0x00,0x00,0x00,0x00,
    0x00,0x00,0x00,0x00,0x00,0x00,0x09,0xFF,0xFF,0xFF,0xFF,0xD0,0x00,0x00,0x00,0x00,
    0x00,0x00,0x00,0x00,0x00,0x00,0x9F,0xFF,0xFF,0xFF,0xFD,0x00,0x00,0x00,0x00,0x00,
    0x00,0x00,0x00,0x00,0x00,0x09,0xFF,0xFF,0xFF,0xFF,0xD0,0x00,0x00,0x00,0x00,0x00,
    0x00,0x00,0x00,0x00,0x00,0x9F,0xFF,0xFF,0xFF,0xFD,0x00,0x00,0x00,0x00,0x00,0x00,
    0x00,0x00,0x00,0x00,0x09,0xFF,0xFF,0xFF,0xFF,0xD0,0x00,0x00,0x00,0x00,0x00,0x00,
    0x00,0x00,0x00,0x00,0x9F,0xFF,0xFF,0xFF,0xFD,0x00,0x00,0x00,0x00,0x00,0x00,0x00,
    0x00,0x00,0x00,0x09,0xFF,0xFF,0xFF,0xFF,0xD0,0x00,0x00,0x00,0x00,0x00,0x00,0x00,
    0x00,0x00,0x00,0x9F,0xFF,0xFF,0xFF,0xFD,0x00,0x00,0x00,0x00,0x00,0x00,0x00,0x00,
    0x00,0x00,0x00,0x00,0x00,0x00,0x00,0x00,0x00,0x01,0x33,0x43,0x21,0x00,0x00,0x00,
    0x00,0x00,0x00,0x00,0x00,0x00,0x00,0x00,0x00,0x00,0x38,0xBE,0xFF,0xFF,0xFF,0xFE,
    0xB7,0x20,0x00,0x00,0x00,0x00,0x00,0x00,0x00,0x00,0x00,0x06,0xDF,0xFF,0xFF,0xFF,
    0xFF,0xFF,0xFF,0xFF,0xC5,0x00,0x00,0x00,0x00,0x00,0x00,0x00,0x00,0x5D,0xFF,0xFF,
    0xFF,0xFF,0xFF,0xFF,0xFF,0xFF,0xFF,0xFD,0x40,0x00,0x00,0x00,0x00,0x00,0x01,0xAF,
    0xFF,0xFF,0xFF,0xFF,0xFF,0xFF,0xFF,0xFF,0xFF,0xFF,0xFF,0x80,0x00,0x00,0x00,0x00,
    0x02,0xCF,0xFF,0xFF,0xFF,0xFF,0xFF,0xFF,0xFF,0xFF,0xFF,0xFF,0xFF,0xFF,0xB0,0x00,
    0x00,0x00,0x01,0xDF,0xFF,0xFF,0xFF,0xFF,0xFF,0xFF,0xFF,0xFF,0xFF,0xFF,0xFF,0xFF,
    0xFF,0xA0,0x00,0x00,0x00,0xBF,0xFF,0xFF,0xFF,0xFF,0xFF,0xFF,0xFF,0xFF,0xFF,0xFF,
    0xFF,0xFF,0xFF,0xF6,0x00,0x00,0x00,0x8F,0xFF,0xFF,0xFF,0xFF,0xFF,0xFF,0xDA,0x9A,
    0xBE,0xFF,0xFF,0xFF,0xFF,0xE4,0x00,0x00,0x00,0x2F,0xFF,0xFF,0xFF,0xFF,0xFF,0xE7,
    0x20,0x00,0x00,0x04,0xAF,0xFF,0xFF,0xE3,0x00,0x00,0x00,0x0A,0xFF,0xFF,0xFF,0xFF,
    0xFF,0xB1,0x00,0x00,0x00,0x00,0x00,0x4D,0xFF,0xD2,0x00,0x00,0x00,0x02,0xFF,0xFF,
    0xFF,0xFF,0xFF,0xA0,0x00,0x00,0x00,0x00,0x00,0x00,0x1C,0xC1,0x00,0x00,0x00,0x00,
    0x7F,0xFF,0xFF,0xFF,0xFF,0xC1,0x00,0x00,0x00,0x00,0x00,0x00,0x00,0x11,0x00,0x00,
    0x00,0x00,0x0B,0xFF,0xFF,0xFF,0xFF,0xF5,0x00,0x00,0x00,0x00,0x00,0x00,0x00,0x00,
    0x00,0x00,0x00,0x00,0x00,0xFF,0xFF,0xFF,0xFF,0xFD,0x00,0x00,0x00,0x00,0x00,0x00,
    0x00,0x00,0x00,0x00,0x00,0x00,0x00,0x2F,0xFF,0xFF,0xFF,0xFF,0x90,0x00,0x00,0x00,
    0x00,0x00,0x00,0x00,0x00,0x00,0x00,0x00,0x00,0x04,0xFF,0xFF,0xFF,0xFF,0xF6,0x00,
    0x00,0x00,0x00,0x00,0x00,0x00,0x00,0x00,0x00,0x00,0x00,0x00,0x5F,0xFF,0xFF,0xFF,
    0xFF,0x40,0x00,0x00,0x00,0x00,0x00,0x00,0x18,0x88,0x88,0x88,0x82,0x00,0x05,0xFF,
    0xFF,0xFF,0xFF,0xF4,0x00,0x00,0x00,0x00,0x00,0x00,0x02,0xFF,0xFF,0xFF,0xFF,0x40,
    0x00,0x5F,0xFF,0xFF,0xFF,0xFF,0x50,0x00,0x00,0x00,0x00,0x00,0x00,0x2F,0xFF,0xFF,
    0xFF,0xF4,0x00,0x03,0xFF,0xFF,0xFF,0xFF,0xF7,0x00,0x00,0x00,0x00,0x00,0x00,0x02,
    0xFF,0xFF,0xFF,0xFF,0x40,0x00,0x1F,0xFF,0xFF,0xFF,0xFF,0xB0,0x00,0x00,0x00,0x00,
    0x00,0x00,0x2F,0xFF,0xFF,0xFF,0xF4,0x00,0x00,0xDF,0xFF,0xFF,0xFF,0xFF,0x20,0x00,
    0x00,0x00,0x00,0x00,0x02,0xFF,0xFF,0xFF,0xFF,0x40,0x00,0x09,0xFF,0xFF,0xFF,0xFF,
    0xFA,0x00,0x00,0x00,0x00,0x00,0x00,0x2F,0xFF,0xFF,0xFF,0xF4,0x00,0x00,0x4F,0xFF,
    0xFF,0xFF,0xFF,0xF5,0x00,0x00,0x00,0x00,0x00,0x02,0xFF,0xFF,0xFF,0xFF,0x40,0x00,
    0x00,0xDF,0xFF,0xFF,0xFF,0xFF,0xF5,0x00,0x00,0x00,0x00,0x00,0x2F,0xFF,0xFF,0xFF,
    0xF4,0x00,0x00,0x05,0xFF,0xFF,0xFF,0xFF,0xFF,0xF9,0x20,0x00,0x00,0x00,0x05,0xFF,
    0xFF,0xFF,0xFF,0x40,0x00,0x00,0x0C,0xFF,0xFF,0xFF,0xFF,0xFF,0xFF,0xA6,0x43,0x45,
    0x8C,0xFF,0xFF,0xFF,0xFF,0xF4,0x00,0x00,0x00,0x2E,0xFF,0xFF,0xFF,0xFF,0xFF,0xFF,
    0xFF,0xFF,0xFF,0xFF,0xFF,0xFF,0xFF,0xFF,0x40,0x00,0x00,0x00,0x5F,0xFF,0xFF,0xFF,
    0xFF,0xFF,0xFF,0xFF,0xFF,0xFF,0xFF,0xFF,0xFF,0xFF,0xF4,0x00,0x00,0x00,0x00,0x6F,
    0xFF,0xFF,0xFF,0xFF,0xFF,0xFF,0xFF,0xFF,0xFF,0xFF,0xFF,0xFF,0xFF,0x40,0x00,0x00,
    0x00,0x00,0x5E,0xFF,0xFF,0xFF,0xFF,0xFF,0xFF,0xFF,0xFF,0xFF,0xFF,0xFF,0xFF,0xF3,
    0x00,0x00,0x00,0x00,0x00,0x2C,0xFF,0xFF,0xFF,0xFF,0xFF,0xFF,0xFF,0xFF,0xFF,0xFF,
    0xFE,0x70,0x00,0x00,0x00,0x00,0x00,0x00,0x05,0xDF,0xFF,0xFF,0xFF,0xFF,0xFF,0xFF,
    0xFF,0xFF,0xD7,0x10,0x00,0x00,0x00,0x00,0x00,0x00,0x00,0x00,0x49,0xEF,0xFF,0xFF,
    0xFF,0xFF,0xFF,0xD9,0x30,0x00,0x00,0x00,0x00,0x00,0x00,0x00,0x00,0x00,0x00,0x00,
    0x25,0x79,0xAA,0x98,0x64,0x10,0x00,0x00,0x00,0x00,0x00,0x00,0x06,0x99,0x99,0x99,
    0x99,0x80,0x00,0x00,0x00,0x00,0x00,0x02,0x99,0x99,0x99,0x99,0x93,0x00,0x00,0x00,
    0x9F,0xFF,0xFF,0xFF,0xFD,0x00,0x00,0x00,0x00,0x00,0x00,0x3F,0xFF,0xFF,0xFF,0xFF,
    0x50,0x00,0x00,0x09,0xFF,0xFF,0xFF,0xFF,0xD0,0x00,0x00,0x00,0x00,0x00,0x03,0xFF,
    0xFF,0xFF,0xFF,0xF5,0x00,0x00,0x00,0x9F,0xFF,0xFF,0xFF,0xFD,0x00,0x00,0x00,0x00,
    0x00,0x00,0x3F,0xFF,0xFF,0xFF,0xFF,0x50,0x00,0x00,0x09,0xFF,0xFF,0xFF,0xFF,0xD0,
    0x00,0x00,0x00,0x00,0x00,0x03,0xFF,0xFF,0xFF,0xFF,0xF5,0x00,0x00,0x00,0x9F,0xFF,
    0xFF,0xFF,0xFD,0x00,0x00,0x00,0x00,0x00,0x00,0x3F,0xFF,0xFF,0xFF,0xFF,0x50,0x00,
    0x00,0x09,0xFF,0xFF,0xFF,0xFF,0xD0,0x00,0x00,0x00,0x00,0x00,0x03,0xFF,0xFF,0xFF,
    0xFF,0xF5,0x00,0x00,0x00,0x9F,0xFF,0xFF,0xFF,0xFD,0x00,0x00,0x00,0x00,0x00,0x00,
    0x3F,0xFF,0xFF,0xFF,0xFF,0x50,0x00,0x00,0x09,0xFF,0xFF,0xFF,0xFF,0xD0,0x00,0x00,
    0x00,0x00,0x00,0x03,0xFF,0xFF,0xFF,0xFF,0xF5,0x00,0x00,0x00,0x9F,0xFF,0xFF,0xFF,
    0xFD,0x00,0x00,0x00,0x00,0x00,0x00,0x3F,0xFF,0xFF,0xFF,0xFF,0x50,0x00,0x00,0x09,
    0xFF,0xFF,0xFF,0xFF,0xD0,0x00,0x00,0x00,0x00,0x00,0x03,0xFF,0xFF,0xFF,0xFF,0xF5,
    0x00,0x00,0x00,0x9F,0xFF,0xFF,0xFF,0xFD,0x00,0x00,0x00,0x00,0x00,0x00,0x3F,0xFF,
    0xFF,0xFF,0xFF,0x50,0x00,0x00,0x09,0xFF,0xFF,0xFF,0xFF,0xD0,0x00,0x00,0x00,0x00,
    0x00,0x03,0xFF,0xFF,0xFF,0xFF,0xF5,0x00,0x00,0x00,0x9F,0xFF,0xFF,0xFF,0xFF,0xFF,
    0xFF,0xFF,0xFF,0xFF,0xFF,0xFF,0xFF,0xFF,0xFF,0xFF,0x50,0x00,0x00,0x09,0xFF,0xFF,
    0xFF,0xFF,0xFF,0xFF,0xFF,0xFF,0xFF,0xFF,0xFF,0xFF,0xFF,0xFF,0xFF,0xF5,0x00,0x00,
    0x00,0x9F,0xFF,0xFF,0xFF,0xFF,0xFF,0xFF,0xFF,0xFF,0xFF,0xFF,0xFF,0xFF,0xFF,0xFF,
    0xFF,0x50,0x00,0x00,0x09,0xFF,0xFF,0xFF,0xFF,0xFF,0xFF,0xFF,0xFF,0xFF,0xFF,0xFF,
    0xFF,0xFF,0xFF,0xFF,0xF5,0x00,0x00,0x00,0x9F,0xFF,0xFF,0xFF,0xFF,0xFF,0xFF,0xFF,
    0xFF,0xFF,0xFF,0xFF,0xFF,0xFF,0xFF,0xFF,0x50,0x00,0x00,0x09,0xFF,0xFF,0xFF,0xFF,
    0xFF,0xFF,0xFF,0xFF,0xFF,0xFF,0xFF,0xFF,0xFF,0xFF,0xFF,0xF5,0x00,0x00,0x00,0x9F,
    0xFF,0xFF,0xFF,0xFF,0xFF,0xFF,0xFF,0xFF,0xFF,0xFF,0xFF,0xFF,0xFF,0xFF,0xFF,0x50,
    0x00,0x00,0x09,0xFF,0xFF,0xFF,0xFF,0xFE,0xEE,0xEE,0xEE,0xEE,0xEE,0xEF,0xFF,0xFF,
    0xFF,0xFF,0xF5,0x00,0x00,0x00,0x9F,0xFF,0xFF,0xFF,0xFD,0x00,0x00,0x00,0x00,0x00,
    0x00,0x3F,0xFF,0xFF,0xFF,0xFF,0x50,0x00,0x00,0x09,0xFF,0xFF,0xFF,0xFF,0xD0,0x00,
    0x00,0x00,0x00,0x00,0x03,0xFF,0xFF,0xFF,0xFF,0xF5,0x00,0x00,0x00,0x9F,0xFF,0xFF,
    0xFF,0xFD,0x00,0x00,0x00,0x00,0x00,0x00,0x3F,0xFF,0xFF,0xFF,0xFF,0x50,0x00,0x00,
    0x09,0xFF,0xFF,0xFF,0xFF,0xD0,0x00,0x00,0x00,0x00,0x00,0x03,0xFF,0xFF,0xFF,0xFF,
    0xF5,0x00,0x00,0x00,0x9F,0xFF,0xFF,0xFF,0xFD,0x00,0x00,0x00,0x00,0x00,0x00,0x3F,
    0xFF,0xFF,0xFF,0xFF,0x50,0x00,0x00,0x09,0xFF,0xFF,0xFF,0xFF,0xD0,0x00,0x00,0x00,
    0x00,0x00,0x03,0xFF,0xFF,0xFF,0xFF,0xF5,0x00,0x00,0x00,0x9F,0xFF,0xFF,0xFF,0xFD,
    0x00,0x00,0x00,0x00,0x00,0x00,0x3F,0xFF,0xFF,0xFF,0xFF,0x50,0x00,0x00,0x09,0xFF,
    0xFF,0xFF,0xFF,0xD0,0x00,0x00,0x00,0x00,0x00,0x03,0xFF,0xFF,0xFF,0xFF,0xF5,0x00,
    0x00,0x00,0x9F,0xFF,0xFF,0xFF,0xFD,0x00,0x00,0x00,0x00,0x00,0x00,0x3F,0xFF,0xFF,
    0xFF,0xFF,0x50,0x00,0x00,0x09,0xFF,0xFF,0xFF,0xFF,0xD0,0x00,0x00,0x00,0x00,0x00,
    0x03,0xFF,0xFF,0xFF,0xFF,0xF5,0x00,0x00,0x00,0x9F,0xFF,0xFF,0xFF,0xFD,0x00,0x00,
    0x00,0x00,0x00,0x00,0x3F,0xFF,0xFF,0xFF,0xFF,0x50,0x00,0x00,0x09,0xFF,0xFF,0xFF,
    0xFF,0xD0,0x00,0x00,0x00,0x00,0x00,0x03,0xFF,0xFF,0xFF,0xFF,0xF5,0x00,0x00,0x00,
    0x9F,0xFF,0xFF,0xFF,0xFD,0x00,0x00,0x00,0x00,0x00,0x00,0x3F,0xFF,0xFF,0xFF,0xFF,
    0x50,0x00,0x00,0x06,0x99,0x99,0x99,0x99,0x80,0x00,0x00,0x09,0xFF,0xFF,0xFF,0xFF,
    0xD0,0x00,0x00,0x09,0xFF,0xFF,0xFF,0xFF,0xD0,0x00,0x00,0x09,0xFF,0xFF,0xFF,0xFF,
    0xD0,0x00,0x00,0x09,0xFF,0xFF,0xFF,0xFF,0xD0,0x00,0x00,0x09,0xFF,0xFF,0xFF,0xFF,
    0xD0,0x00,0x00,0x09,0xFF,0xFF,0xFF,0xFF,0xD0,0x00,0x00,0x09,0xFF,0xFF,0xFF,0xFF,
    0xD0,0x00,0x00,0x09,0xFF,0xFF,0xFF,0xFF,0xD0,0x00,0x00,0x09,0xFF,0xFF,0xFF,0xFF,
    0xD0,0x00,0x00,0x09,0xFF,0xFF,0xFF,0xFF,0xD0,0x00,0x00,0x09,0xFF,0xFF,0xFF,0xFF,
    0xD0,0x00,0x00,0x09,0xFF,0xFF,0xFF,0xFF,0xD0,0x00,0x00,0x09,0xFF,0xFF,0xFF,0xFF,
    0xD0,0x00,0x00,0x09,0xFF,0xFF,0xFF,0xFF,0xD0,0x00,0x00,0x09,0xFF,0xFF,0xFF,0xFF,
    0xD0,0x00,0x00,0x09,0xFF,0xFF,0xFF,0xFF,0xD0,0x00,0x00,0x09,0xFF,0xFF,0xFF,0xFF,
    0xD0,0x00,0x00,0x09,0xFF,0xFF,0xFF,0xFF,0xD0,0x00,0x00,0x09,0xFF,0xFF,0xFF,0xFF,
    0xD0,0x00,0x00,0x09,0xFF,0xFF,0xFF,0xFF,0xD0,0x00,0x00,0x09,0xFF,0xFF,0xFF,0xFF,
    0xD0,0x00,0x00,0x09,0xFF,0xFF,0xFF,0xFF,0xD0,0x00,0x00,0x09,0xFF,0xFF,0xFF,0xFF,
    0xD0,0x00,0x00,0x09,0xFF,0xFF,0xFF,0xFF,0xD0,0x00,0x00,0x09,0xFF,0xFF,0xFF,0xFF,
    0xD0,0x00,0x00,0x09,0xFF,0xFF,0xFF,0xFF,0xD0,0x00,0x00,0x09,0xFF,0xFF,0xFF,0xFF,
    0xD0,0x00,0x00,0x09,0xFF,0xFF,0xFF,0xFF,0xD0,0x00,0x00,0x09,0xFF,0xFF,0xFF,0xFF,
    0xD0,0x00,0x00,0x09,0xFF,0xFF,0xFF,0xFF,0xD0,0x00,0x00,0x09,0xFF,0xFF,0xFF,0xFF,
    0xD0,0x00,0x00,0x09,0xFF,0xFF,0xFF,0xFF,0xD0,0x00,0x00,0x09,0xFF,0xFF,0xFF,0xFF,
    0xD0,0x00,0x00,0x03,0x99,0x99,0x99,0x99,0x99,0x99,0x99,0x99,0x99,0x99,0x60,0x00,
    0x00,0x06,0xFF,0xFF,0xFF,0xFF,0xFF,0xFF,0xFF,0xFF,0xFF,0xFF,0xA0,0x00,0x00,0x06,
    0xFF,0xFF,0xFF,0xFF,0xFF,0xFF,0xFF,0xFF,0xFF,0xFF,0xA0,0x00,0x00,0x06,0xFF,0xFF,
    0xFF,0xFF,0xFF,0xFF,0xFF,0xFF,0xFF,0xFF,0xA0,0x00,0x00,0x06,0xFF,0xFF,0xFF,0xFF,
    0xFF,0xFF,0xFF,0xFF,0xFF,0xFF,0xA0,0x00,0x00,0x06,0xFF,0xFF,0xFF,0xFF,0xFF,0xFF,
    0xFF,0xFF,0xFF,0xFF,0xA0,0x00,0x00,0x06,0xFF,0xFF,0xFF,0xFF,0xFF,0xFF,0xFF,0xFF,
    0xFF,0xFF,0xA0,0x00,0x00,0x04,0xCC,0xCC,0xCC,0xCC,0xCC,0xCE,0xFF,0xFF,0xFF,0xFF,
    0xA0,0x00,0x00,0x00,0x00,0x00,0x00,0x00,0x00,0x0B,0xFF,0xFF,0xFF,0xFF,0xA0,0x00,
    0x00,0x00,0x00,0x00,0x00,0x00,0x00,0x0B,0xFF,0xFF,0xFF,0xFF,0xA0,0x00,0x00,0x00,
    0x00,0x00,0x00,0x00,0x00,0x0B,0xFF,0xFF,0xFF,0xFF,0xA0,0x00,0x00,0x00,0x00,0x00,
    0x00,0x00,0x00,0x0B,0xFF,0xFF,0xFF,0xFF,0xA0,0x00,0x00,0x00,0x00,0x00,0x00,0x00,
    0x00,0x0B,0xFF,0xFF,0xFF,0xFF,0xA0,0x00,0x00,0x00,0x00,0x00,0x00,0x00,0x00,0x0B,
    0xFF,0xFF,0xFF,0xFF,0xA0,0x00,0x00,0x00,0x00,0x00,0x00,0x00,0x00,0x0B,0xFF,0xFF,
    0xFF,0xFF,0xA0,0x00,0x00,0x00,0x00,0x00,0x00,0x00,0x00,0x0B,0xFF,0xFF,0xFF,0xFF,
    0xA0,0x00,0x00,0x00,0x00,0x00,0x00,0x00,0x00,0x0B,0xFF,0xFF,0xFF,0xFF,0xA0,0x00,
    0x00,0x00,0x00,0x00,0x00,0x00,0x00,0x0B,0xFF,0xFF,0xFF,0xFF,0xA0,0x00,0x00,0x00,
    0x00,0x00,0x00,0x00,0x00,0x0B,0xFF,0xFF,0xFF,0xFF,0xA0,0x00,0x00,0x00,0x00,0x00,
    0x00,0x00,0x00,0x0B,0xFF,0xFF,0xFF,0xFF,0xA0,0x00,0x00,0x00,0x00,0x00,0x00,0x00,
    0x00,0x0B,0xFF,0xFF,0xFF,0xFF,0xA0,0x00,0x00,0x00,0x00,0x00,0x00,0x00,0x00,0x0B,
    0xFF,0xFF,0xFF,0xFF,0xA0,0x00,0x00,0x00,0x00,0x00,0x00,0x00,0x00,0x0C,0xFF,0xFF,
    0xFF,0xFF,0x90,0x00,0x00,0x00,0x02,0x00,0x00,0x00,0x00,0x0D,0xFF,0xFF,0xFF,0xFF,
    0x80,0x00,0x00,0x00,0x8E,0x20,0x00,0x00,0x00,0x2F,0xFF,0xFF,0xFF,0xFF,0x70,0x00,
    0x00,0x06,0xFF,0xE3,0x00,0x00,0x00,0x9F,0xFF,0xFF,0xFF,0xFF,0x40,0x00,0x00,0x4F,
    0xFF,0xFF,0x93,0x00,0x29,0xFF,0xFF,0xFF,0xFF,0xFF,0x10,0x00,0x02,0xEF,0xFF,0xFF,
    0xFF,0xFF,0xFF,0xFF,0xFF,0xFF,0xFF,0xFB,0x00,0x00,0x1D,0xFF,0xFF,0xFF,0xFF,0xFF,
    0xFF,0xFF,0xFF,0xFF,0xFF,0xF4,0x00,0x00,0xBF,0xFF,0xFF,0xFF,0xFF,0xFF,0xFF,0xFF,
    0xFF,0xFF,0xFF,0xC0,0x00,0x00,0x4F,0xFF,0xFF,0xFF,0xFF,0xFF,0xFF,0xFF,0xFF,0xFF,
    0xFE,0x20,0x00,0x00,0x03,0xEF,0xFF,0xFF,0xFF,0xFF,0xFF,0xFF,0xFF,0xFF,0xE4,0x00,
    0x00,0x00,0x00,0x1A,0xFF,0xFF,0xFF,0xFF,0xFF,0xFF,0xFF,0xFC,0x20,0x00,0x00,0x00,
    0x00,0x00,0x29,0xEF,0xFF,0xFF,0xFF,0xFF,0xFB,0x40,0x00,0x00,0x00,0x00,0x00,0x00,
    0x00,0x03,0x68,0x9A,0x98,0x74,0x10,0x00,0x00,0x00,0x00,0x00,0x00,0x06,0x99,0x99,
    0x99,0x99,0x70,0x00,0x00,0x00,0x00,0x00,0x04,0x99,0x99,0x99,0x99,0x98,0x00,0x00,
    0x9F,0xFF,0xFF,0xFF,0xFB,0x00,0x00,0x00,0x00,0x00,0x04,0xFF,0xFF,0xFF,0xFF,0xFF,
    0x40,0x00,0x09,0xFF,0xFF,0xFF,0xFF,0xB0,0x00,0x00,0x00,0x00,0x03,0xEF,0xFF,0xFF,
    0xFF,0xFF,0x50,0x00,0x00,0x9F,0xFF,0xFF,0xFF,0xFB,0x00,0x00,0x00,0x00,0x03,0xEF,
    0xFF,0xFF,0xFF,0xFF,0x60,0x00,0x00,0x09,0xFF,0xFF,0xFF,0xFF,0xB0,0x00,0x00,0x00,
    0x02,0xDF,0xFF,0xFF,0xFF,0xFF,0x70,0x00,0x00,0x00,0x9F,0xFF,0xFF,0xFF,0xFB,0x00,
    0x00,0x00,0x01,0xDF,0xFF,0xFF,0xFF,0xFF,0x80,0x00,0x00,0x00,0x09,0xFF,0xFF,0xFF,
    0xFF,0xB0,0x00,0x00,0x01,0xCF,0xFF,0xFF,0xFF,0xFF,0x90,0x00,0x00,0x00,0x00,0x9F,
    0xFF,0xFF,0xFF,0xFB,0x00,0x00,0x01,0xCF,0xFF,0xFF,0xFF,0xFF,0xA0,0x00,0x00,0x00,
    0x00,0x09,0xFF,0xFF,0xFF,0xFF,0xB0,0x00,0x00,0xBF,0xFF,0xFF,0xFF,0xFF,0xB0,0x00,
    0x00,0x00,0x00,0x00,0x9F,0xFF,0xFF,0xFF,0xFB,0x00,0x00,0xAF,0xFF,0xFF,0xFF,0xFF,
    0xC1,0x00,0x00,0x00,0x00,0x00,0x09,0xFF,0xFF,0xFF,0xFF,0xB0,0x00,0x9F,0xFF,0xFF,
    0xFF,0xFF,0xD1,0x00,0x00,0x00,0x00,0x00,0x00,0x9F,0xFF,0xFF,0xFF,0xFB,0x00,0x8F,
    0xFF,0xFF,0xFF,0xFF,0xD2,0x00,0x00,0x00,0x00,0x00,0x00,0x09,0xFF,0xFF,0xFF,0xFF,
    0xB0,0x7F,0xFF,0xFF,0xFF,0xFF,0xE2,0x00,0x00,0x00,0x00,0x00,0x00,0x00,0x9F,0xFF,
    0xFF,0xFF,0xFB,0x6F,0xFF,0xFF,0xFF,0xFF,0xE3,0x00,0x00,0x00,0x00,0x00,0x00,0x00,
    0x09,0xFF,0xFF,0xFF,0xFF,0xFF,0xFF,0xFF,0xFF,0xFF,0xF4,0x00,0x00,0x00,0x00,0x00,
    0x00,0x00,0x00,0x9F,0xFF,0xFF,0xFF,0xFF,0xFF,0xFF,0xFF,0xFF,0xFF,0x00,0x00,0x00,
    0x00,0x00,0x00,0x00,0x00,0x09,0xFF,0xFF,0xFF,0xFF,0xFF,0xFF,0xFF,0xFF,0xFF,0xF7,
    0x00,0x00,0x00,0x00,0x00,0x00,0x00,0x00,0x9F,0xFF,0xFF,0xFF,0xFF,0xFF,0xFF,0xFF,
    0xFF,0xFF,0xF4,0x00,0x00,0x00,0x00,0x00,0x00,0x00,0x09,0xFF,0xFF,0xFF,0xFF,0xFF,
    0xFF,0xFF,0xFF,0xFF,0xFF,0xE2,0x00,0x00,0x00,0x00,0x00,0x00,0x00,0x9F,0xFF,0xFF,
    0xFF,0xFF,0xFF,0xFF,0xFF,0xFF,0xFF,0xFF,0xC0,0x00,0x00,0x00,0x00,0x00,0x00,0x09,
    0xFF,0xFF,0xFF,0xFF,0xFF,0xFF,0xFF,0xFF,0xFF,0xFF,0xFF,0x80,0x00,0x00,0x00,0x00,
    0x00,0x00,0x9F,0xFF,0xFF,0xFF,0xFF,0xFF,0xFF,0xFF,0xFF,0xFF,0xFF,0xFF,0x50,0x00,
    0x00,0x00,0x00,0x00,0x09,0xFF,0xFF,0xFF,0xFF,0xFF,0xFA,0x3F,0xFF,0xFF,0xFF,0xFF,
    0xFE,0x20,0x00,0x00,0x00,0x00,0x00,0x9F,0xFF,0xFF,0xFF,0xFF,0xFA,0x00,0x6F,0xFF,
    0xFF,0xFF,0xFF,0xFC,0x10,0x00,0x00,0x00,0x00,0x09,0xFF,0xFF,0xFF,0xFF,0xFB,0x00,
    0x00,0x9F,0xFF,0xFF,0xFF,0xFF,0xFA,0x00,0x00,0x00,0x00,0x00,0x9F,0xFF,0xFF,0xFF,
    0xFF,0x10,0x00,0x00,0xCF,0xFF,0xFF,0xFF,0xFF,0xF6,0x00,0x00,0x00,0x00,0x09,0xFF,
    0xFF,0xFF,0xFF,0xC0,0x00,0x00,0x01,0xEF,0xFF,0xFF,0xFF,0xFF,0xF3,0x00,0x00,0x00,
    0x00,0x9F,0xFF,0xFF,0xFF,0xFB,0x00,0x00,0x00,0x03,0xFF,0xFF,0xFF,0xFF,0xFF,0xD1,
    0x00,0x00,0x00,0x09,0xFF,0xFF,0xFF,0xFF,0xB0,0x00,0x00,0x00,0x06,0xFF,0xFF,0xFF,
    0xFF,0xFF,0xB0,0x00,0x00,0x00,0x9F,0xFF,0xFF,0xFF,0xFB,0x00,0x00,0x00,0x00,0x09,
    0xFF,0xFF,0xFF,0xFF,0xFF,0x70,0x00,0x00,0x09,0xFF,0xFF,0xFF,0xFF,0xB0,0x00,0x00,
    0x00,0x00,0x0C,0xFF,0xFF,0xFF,0xFF,0xFF,0x40,0x00,0x00,0x9F,0xFF,0xFF,0xFF,0xFB,
    0x00,0x00,0x00,0x00,0x00,0x2E,0xFF,0xFF,0xFF,0xFF,0xFE,0x20,0x00,0x09,0xFF,0xFF,
    0xFF,0xFF,0xB0,0x00,0x00,0x00,0x00,0x00,0x4F,0xFF,0xFF,0xFF,0xFF,0xFC,0x00,0x00,
    0x9F,0xFF,0xFF,0xFF,0xFB,0x00,0x00,0x00,0x00,0x00,0x00,0x7F,0xFF,0xFF,0xFF,0xFF,
    0xF9,0x00,0x06,0x99,0x99,0x99,0x99,0x80,0x00,0x00,0x00,0x00,0x00,0x00,0x00,0x00,
    0x00,0x9F,0xFF,0xFF,0xFF,0xFD,0x00,0x00,0x00,0x00,0x00,0x00,0x00,0x00,0x00,0x09,
    0xFF,0xFF,0xFF,0xFF,0xD0,0x00,0x00,0x00,0x00,0x00,0x00,0x00,0x00,0x00,0x9F,0xFF,
    0xFF,0xFF,0xFD,0x00,0x00,0x00,0x00,0x00,0x00,0x00,0x00,0x00,0x09,0xFF,0xFF,0xFF,
    0xFF,0xD0,0x00,0x00,0x00,0x00,0x00,0x00,0x00,0x00,0x00,0x9F,0xFF,0xFF,0xFF,0xFD,
    0x00,0x00,0x00,0x00,0x00,0x00,0x00,0x00,0x00,0x09,0xFF,0xFF,0xFF,0xFF,0xD0,0x00,
    0x00,0x00,0x00,0x00,0x00,0x00,0x00,0x00,0x9F,0xFF,0xFF,0xFF,0xFD,0x00,0x00,0x00,
    0x00,0x00,0x00,0x00,0x00,0x00,0x09,0xFF,0xFF,0xFF,0xFF,0xD0,0x00,0x00,0x00,0x00,
    0x00,0x00,0x00,0x00,0x00,0x9F,0xFF,0xFF,0xFF,0xFD,0x00,0x00,0x00,0x00,0x00,0x00,
    0x00,0x00,0x00,0x09,0xFF,0xFF,0xFF,0xFF,0xD0,0x00,0x00,0x00,0x00,0x00,0x00,0x00,
    0x00,0x00,0x9F,0xFF,0xFF,0xFF,0xFD,0x00,0x00,0x00,0x00,0x00,0x00,0x00,0x00,0x00,
    0x09,0xFF,0xFF,0xFF,0xFF,0xD0,0x00,0x00,0x00,0x00,0x00,0x00,0x00,0x00,0x00,0x9F,
    0xFF,0xFF,0xFF,0xFD,0x00,0x00,0x00,0x00,0x00,0x00,0x00,0x00,0x00,0x09,0xFF,0xFF,
    0xFF,0xFF,0xD0,0x00,0x00,0x00,0x00,0x00,0x00,0x00,0x00,0x00,0x9F,0xFF,0xFF,0xFF,
    0xFD,0x00,0x00,0x00,0x00,0x00,0x00,0x00,0x00,0x00,0x09,0xFF,0xFF,0xFF,0xFF,0xD0,
    0x00,0x00,0x00,0x00,0x00,0x00,0x00,0x00,0x00,0x9F,0xFF,0xFF,0xFF,0xFD,0x00,0x00,
    0x00,0x00,0x00,0x00,0x00,0x00,0x00,0x09,0xFF,0xFF,0xFF,0xFF,0xD0,0x00,0x00,0x00,
    0x00,0x00,0x00,0x00,0x00,0x00,0x9F,0xFF,0xFF,0xFF,0xFD,0x00,0x00,0x00,0x00,0x00,
    0x00,0x00,0x00,0x00,0x09,0xFF,0xFF,0xFF,0xFF,0xD0,0x00,0x00,0x00,0x00,0x00,0x00,
    0x00,0x00,0x00,0x9F,0xFF,0xFF,0xFF,0xFD,0x00,0x00,0x00,0x00,0x00,0x00,0x00,0x00,
    0x00,0x09,0xFF,0xFF,0xFF,0xFF,0xD0,0x00,0x00,0x00,0x00,0x00,0x00,0x00,0x00,0x00,
    0x9F,0xFF,0xFF,0xFF,0xFD,0x00,0x00,0x00,0x00,0x00,0x00,0x00,0x00,0x00,0x09,0xFF,
    0xFF,0xFF,0xFF,0xD0,0x00,0x00,0x00,0x00,0x00,0x00,0x00,0x00,0x00,0x9F,0xFF,0xFF,
    0xFF,0xFD,0x00,0x00,0x00,0x00,0x00,0x00,0x00,0x00,0x00,0x09,0xFF,0xFF,0xFF,0xFF,
    0xE8,0x88,0x88,0x88,0x88,0x88,0x88,0x88,0x70,0x00,0x9F,0xFF,0xFF,0xFF,0xFF,0xFF,
    0xFF,0xFF,0xFF,0xFF,0xFF,0xFF,0xFE,0x00,0x09,0xFF,0xFF,0xFF,0xFF,0xFF,0xFF,0xFF,
    0xFF,0xFF,0xFF,0xFF,0xFF,0xE0,0x00,0x9F,0xFF,0xFF,0xFF,0xFF,0xFF,0xFF,0xFF,0xFF,
    0xFF,0xFF,0xFF,0xFE,0x00,0x09,0xFF,0xFF,0xFF,0xFF,0xFF,0xFF,0xFF,0xFF,0xFF,0xFF,
    0xFF,0xFF,0xE0,0x00,0x9F,0xFF,0xFF,0xFF,0xFF,0xFF,0xFF,0xFF,0xFF,0xFF,0xFF,0xFF,
    0xFE,0x00,0x09,0xFF,0xFF,0xFF,0xFF,0xFF,0xFF,0xFF,0xFF,0xFF,0xFF,0xFF,0xFF,0xE0,
    0x00,0x9F,0xFF,0xFF,0xFF,0xFF,0xFF,0xFF,0xFF,0xFF,0xFF,0xFF,0xFF,0xFE,0x00,0x06,
    0x99,0x99,0x99,0x93,0x00,0x00,0x00,0x00,0x00,0x00,0x00,0x00,0x00,0x00,0x00,0x69,
    0x99,0x99,0x99,0x30,0x00,0x00,0x09,0xFF,0xFF,0xFF,0xFD,0x00,0x00,0x00,0x00,0x00,
    0x00,0x00,0x00,0x00,0x00,0x02,0xFF,0xFF,0xFF,0xFF,0x50,0x00,0x00,0x09,0xFF,0xFF,
    0xFF,0xFF,0x70,0x00,0x00,0x00,0x00,0x00,0x00,0x00,0x00,0x00,0x0B,0xFF,0xFF,0xFF,
    0xFF,0x50,0x00,0x00,0x09,0xFF,0xFF,0xFF,0xFF,0xE2,0x00,0x00,0x00,0x00,0x00,0x00,
    0x00,0x00,0x00,0x5F,0xFF,0xFF,0xFF,0xFF,0x50,0x00,0x00,0x09,0xFF,0xFF,0xFF,0xFF,
    0xFA,0x00,0x00,0x00,0x00,0x00,0x00,0x00,0x00,0x00,0xDF,0xFF,0xFF,0xFF,0xFF,0x50,
    0x00,0x00,0x09,0xFF,0xFF,0xFF,0xFF,0xFF,0x40,0x00,0x00,0x00,0x00,0x00,0x00,0x00,
    0x07,0xFF,0xFF,0xFF,0xFF,0xFF,0x50,0x00,0x00,0x09,0xFF,0xFF,0xFF,0xFF,0xFF,0xD1,
    0x00,0x00,0x00,0x00,0x00,0x00,0x00,0x2E,0xFF,0xFF,0xFF,0xFF,0xFF,0x50,0x00,0x00,
    0x09,0xFF,0xFF,0xFF,0xFF,0xFF,0xF8,0x00,0x00,0x00,0x00,0x00,0x00,0x00,0xAF,0xFF,
    0xFF,0xFF,0xFF,0xFF,0x50,0x00,0x00,0x09,0xFF,0xFF,0xFF,0xFF,0xFF,0xFF,0x20,0x00,
    0x00,0x00,0x00,0x00,0x04,0xFF,0xFF,0xFF,0xFF,0xFF,0xFF,0x50,0x00,0x00,0x09,0xFF,
    0xFF,0xFF,0xFF,0xFF,0xFF,0xB0,0x00,0x00,0x00,0x00,0x00,0x0D,0xFF,0xFF,0xFF,0xFF,
    0xFF,0xFF,0x60,0x00,0x00,0x09,0xFF,0xFF,0xFF,0xFF,0xFF,0xFF,0xF5,0x00,0x00,0x00,
    0x00,0x00,0x7F,0xFF,0xFF,0xFF,0xFF,0xFF,0xFF,0x60,0x00,0x00,0x09,0xFF,0xFF,0xFF,
    0xFF,0xFF,0xFF,0xFD,0x10,0x00,0x00,0x00,0x01,0xEF,0xFF,0xFF,0xFF,0xFF,0xFF,0xFF,
    0x60,0x00,0x00,0x09,0xFF,0xFF,0xFF,0xFF,0xFF,0xFF,0xFF,0x80,0x00,0x00,0x00,0x0A,
    0xFF,0xFF,0xFF,0xFF,0xFF,0xFF,0xFF,0x60,0x00,0x00,0x09,0xFF,0xFF,0xFF,0xFF,0xFF,
    0xFF,0xFF,0xF3,0x00,0x00,0x00,0x4F,0xFF,0xFF,0xFF,0xFF,0xFF,0xFF,0xFF,0x60,0x00,
    0x00,0x09,0xFF,0xFF,0xFF,0xFF,0xFF,0xFF,0xFF,0xFB,0x00,0x00,0x00,0xCF,0xFF,0xFF,
    0xFF,0xFF,0xFF,0xFF,0xFF,0x60,0x00,0x00,0x09,0xFF,0xFF,0xFF,0xFF,0xFF,0xFF,0xFF,
    0xFF,0x60,0x00,0x06,0xFF,0xFF,0xFF,0xFF,0xFF,0xFF,0xFF,0xFF,0x60,0x00,0x00,0x09,
    0xFF,0xFF,0xFF,0xFF,0xFF,0xFF,0xFF,0xFF,0xE1,0x00,0x1E,0xFF,0xFF,0xFF,0xFC,0xFF,
    0xFF,0xFF,0xFF,0x60,0x00,0x00,0x09,0xFF,0xFF,0xFF,0xFF,0x7F,0xFF,0xFF,0xFF,0xF9,
    0x00,0x9F,0xFF,0xFF,0xFF,0xC6,0xFF,0xFF,0xFF,0xFF,0x60,0x00,0x00,0x09,0xFF,0xFF,
    0xFF,0xFF,0x2B,0xFF,0xFF,0xFF,0xFF,0x33,0xFF,0xFF,0xFF,0xFF,0x46,0xFF,0xFF,0xFF,
    0xFF,0x60,0x00,0x00,0x09,0xFF,0xFF,0xFF,0xFF,0x22,0xFF,0xFF,0xFF,0xFF,0xCC,0xFF,
    0xFF,0xFF,0xFA,0x06,0xFF,0xFF,0xFF,0xFF,0x60,0x00,0x00,0x09,0xFF,0xFF,0xFF,0xFF,
    0x20,0x8F,0xFF,0xFF,0xFF,0xFF,0xFF,0xFF,0xFF,0xE1,0x06,0xFF,0xFF,0xFF,0xFF,0x60,
    0x00,0x00,0x09,0xFF,0xFF,0xFF,0xFF,0x20,0x0D,0xFF,0xFF,0xFF,0xFF,0xFF,0xFF,0xFF,
    0x70,0x06,0xFF,0xFF,0xFF,0xFF,0x60,0x00,0x00,0x09,0xFF,0xFF,0xFF,0xFF,0x20,0x04,
    0xFF,0xFF,0xFF,0xFF,0xFF,0xFF,0xFD,0x00,0x06,0xFF,0xFF,0xFF,0xFF,0x60,0x00,0x00,
    0x09,0xFF,0xFF,0xFF,0xFF,0x20,0x00,0xAF,0xFF,0xFF,0xFF,0xFF,0xFF,0xF4,0x00,0x06,
    0xFF,0xFF,0xFF,0xFF,0x60,0x00,0x00,0x09,0xFF,0xFF,0xFF,0xFF,0x20,0x00,0x2E,0xFF,
    0xFF,0xFF,0xFF,0xFF,0xA0,0x00,0x05,0xFF,0xFF,0xFF,0xFF,0x60,0x00,0x00,0x09,0xFF,
    0xFF,0xFF,0xFF,0x20,0x00,0x07,0xFF,0xFF,0xFF,0xFF,0xFE,0x20,0x00,0x05,0xFF,0xFF,
    0xFF,0xFF,0x60,0x00,0x00,0x09,0xFF,0xFF,0xFF,0xFF,0x20,0x00,0x00,0xCF,0xFF,0xFF,
    0xFF,0xF7,0x00,0x00,0x05,0xFF,0xFF,0xFF,0xFF,0x60,0x00,0x00,0x09,0xFF,0xFF,0xFF,
    0xFF,0x20,0x00,0x00,0x3F,0xFF,0xFF,0xFF,0xD0,0x00,0x00,0x05,0xFF,0xFF,0xFF,0xFF,
    0x60,0x00,0x00,0x09,0xFF,0xFF,0xFF,0xFF,0x20,0x00,0x00,0x09,0xFF,0xFF,0xFF,0x40,
    0x00,0x00,0x05,0xFF,0xFF,0xFF,0xFF,0x60,0x00,0x00,0x09,0xFF,0xFF,0xFF,0xFF,0x20,
    0x00,0x00,0x01,0xEF,0xFF,0xFA,0x00,0x00,0x00,0x05,0xFF,0xFF,0xFF,0xFF,0x60,0x00,
    0x00,0x09,0xFF,0xFF,0xFF,0xFF,0x20,0x00,0x00,0x00,0x5A,0xAA,0xA2,0x00,0x00,0x00,
    0x05,0xFF,0xFF,0xFF,0xFF,0x60,0x00,0x00,0x09,0xFF,0xFF,0xFF,0xFF,0x20,0x00,0x00,
    0x00,0x00,0x00,0x00,0x00,0x00,0x00,0x05,0xFF,0xFF,0xFF,0xFF,0x60,0x00,0x00,0x09,
    0xFF,0xFF,0xFF,0xFF,0x20,0x00,0x00,0x00,0x00,0x00,0x00,0x00,0x00,0x00,0x05,0xFF,
    0xFF,0xFF,0xFF,0x60,0x00,0x00,0x09,0xFF,0xFF,0xFF,0xFF,0x20,0x00,0x00,0x00,0x00,
    0x00,0x00,0x00,0x00,0x00,0x05,0xFF,0xFF,0xFF,0xFF,0x70,0x00,0x00,0x06,0x99,0x99,
    0x99,0x94,0x00,0x00,0x00,0x00,0x00,0x00,0x00,0x99,0x99,0x99,0x99,0x93,0x00,0x00,
    0x00,0x9F,0xFF,0xFF,0xFF,0xE2,0x00,0x00,0x00,0x00,0x00,0x00,0x0F,0xFF,0xFF,0xFF,
    0xFF,0x50,0x00,0x00,0x09,0xFF,0xFF,0xFF,0xFF,0xD1,0x00,0x00,0x00,0x00,0x00,0x00,
    0xFF,0xFF,0xFF,0xFF,0xF5,0x00,0x00,0x00,0x9F,0xFF,0xFF,0xFF,0xFF,0xB0,0x00,0x00,
    0x00,0x00,0x00,0x0F,0xFF,0xFF,0xFF,0xFF,0x50,0x00,0x00,0x09,0xFF,0xFF,0xFF,0xFF,
    0xFF,0x90,0x00,0x00,0x00,0x00,0x00,0xFF,0xFF,0xFF,0xFF,0xF5,0x00,0x00,0x00,0x9F,
    0xFF,0xFF,0xFF,0xFF,0xFF,0x60,0x00,0x00,0x00,0x00,0x0F,0xFF,0xFF,0xFF,0xFF,0x50,
    0x00,0x00,0x09,0xFF,0xFF,0xFF,0xFF,0xFF,0xFF,0x40,0x00,0x00,0x00,0x00,0xFF,0xFF,
    0xFF,0xFF,0xF5,0x00,0x00,0x00,0x9F,0xFF,0xFF,0xFF,0xFF,0xFF,0xFE,0x20,0x00,0x00,
    0x00,0x0F,0xFF,0xFF,0xFF,0xFF,0x50,0x00,0x00,0x09,0xFF,0xFF,0xFF,0xFF,0xFF,0xFF,
    0xFD,0x10,0x00,0x00,0x00,0xFF,0xFF,0xFF,0xFF,0xF5,0x00,0x00,0x00,0x9F,0xFF,0xFF,
    0xFF,0xFF,0xFF,0xFF,0xFB,0x00,0x00,0x00,0x0F,0xFF,0xFF,0xFF,0xFF,0x50,0x00,0x00,
    0x09,0xFF,0xFF,0xFF,0xFF,0xFF,0xFF,0xFF,0xF8,0x00,0x00,0x00,0xFF,0xFF,0xFF,0xFF,
    0xF5,0x00,0x00,0x00,0x9F,0xFF,0xFF,0xFF,0xFF,0xFF,0xFF,0xFF,0xF6,0x00,0x00,0x0F,
    0xFF,0xFF,0xFF,0xFF,0x50,0x00,0x00,0x09,0xFF,0xFF,0xFF,0xFF,0xFF,0xFF,0xFF,0xFF,
    0xF3,0x00,0x00,0xFF,0xFF,0xFF,0xFF,0xF5,0x00,0x00,0x00,0x9F,0xFF,0xFF,0xFF,0xFF,
    0xFF,0xFF,0xFF,0xFF,0xE2,0x00,0x0F,0xFF,0xFF,0xFF,0xFF,0x50,0x00,0x00,0x09,0xFF,
    0xFF,0xFF,0xFF,0xFF,0xFF,0xFF,0xFF,0xFF,0xC1,0x00,0xFF,0xFF,0xFF,0xFF,0xF5,0x00,
    0x00,0x00,0x9F,0xFF,0xFF,0xFF,0xFF,0xFF,0xFF,0xFF,0xFF,0xFF,0xA0,0x0F,0xFF,0xFF,
    0xFF,0xFF,0x50,0x00,0x00,0x09,0xFF,0xFF,0xFF,0xFF,0xCD,0xFF,0xFF,0xFF,0xFF,0xFF,
    0x80,0xFF,0xFF,0xFF,0xFF,0xF5,0x00,0x00,0x00,0x9F,0xFF,0xFF,0xFF,0xFA,0x3E,0xFF,
    0xFF,0xFF,0xFF,0xFF,0x5F,0xFF,0xFF,0xFF,0xFF,0x50,0x00,0x00,0x09,0xFF,0xFF,0xFF,
    0xFF,0xA0,0x5F,0xFF,0xFF,0xFF,0xFF,0xFE,0xFF,0xFF,0xFF,0xFF,0xF5,0x00,0x00,0x00,
    0x9F,0xFF,0xFF,0xFF,0xFA,0x00,0x7F,0xFF,0xFF,0xFF,0xFF,0xFF,0xFF,0xFF,0xFF,0xFF,
    0x50,0x00,0x00,0x09,0xFF,0xFF,0xFF,0xFF,0xA0,0x00,0xAF,0xFF,0xFF,0xFF,0xFF,0xFF,
    0xFF,0xFF,0xFF,0xF5,0x00,0x00,0x00,0x9F,0xFF,0xFF,0xFF,0xFA,0x00,0x01,0xCF,0xFF,
    0xFF,0xFF,0xFF,0xFF,0xFF,0xFF,0xFF,0x50,0x00,0x00,0x09,0xFF,0xFF,0xFF,0xFF,0xA0,
    0x00,0x02,0xDF,0xFF,0xFF,0xFF,0xFF,0xFF,0xFF,0xFF,0xF5,0x00,0x00,0x00,0x9F,0xFF,
    0xFF,0xFF,0xFA,0x00,0x00,0x03,0xFF,0xFF,0xFF,0xFF,0xFF,0xFF,0xFF,0xFF,0x50,0x00,
    0x00,0x09,0xFF,0xFF,0xFF,0xFF,0xA0,0x00,0x00,0x05,0xFF,0xFF,0xFF,0xFF,0xFF,0xFF,
    0xFF,0xF5,0x00,0x00,0x00,0x9F,0xFF,0xFF,0xFF,0xFA,0x00,0x00,0x00,0x08,0xFF,0xFF,
    0xFF,0xFF,0xFF,0xFF,0xFF,0x50,0x00,0x00,0x09,0xFF,0xFF,0xFF,0xFF,0xA0,0x00,0x00,
    0x00,0x0A,0xFF,0xFF,0xFF,0xFF,0xFF,0xFF,0xF5,0x00,0x00,0x00,0x9F,0xFF,0xFF,0xFF,
    0xFA,0x00,0x00,0x00,0x00,0x1C,0xFF,0xFF,0xFF,0xFF,0xFF,0xFF,0x50,0x00,0x00,0x09,
    0xFF,0xFF,0xFF,0xFF,0xA0,0x00,0x00,0x00,0x00,0x2E,0xFF,0xFF,0xFF,0xFF,0xFF,0xF5,
    0x00,0x00,0x00,0x9F,0xFF,0xFF,0xFF,0xFA,0x00,0x00,0x00,0x00,0x00,0x4F,0xFF,0xFF,
    0xFF,0xFF,0xFF,0x50,0x00,0x00,0x09,0xFF,0xFF,0xFF,0xFF,0xA0,0x00,0x00,0x00,0x00,
    0x00,0x6F,0xFF,0xFF,0xFF,0xFF,0xF5,0x00,0x00,0x00,0x9F,0xFF,0xFF,0xFF,0xFA,0x00,
    0x00,0x00,0x00,0x00,0x00,0x9F,0xFF,0xFF,0xFF,0xFF,0x50,0x00,0x00,0x09,0xFF,0xFF,
    0xFF,0xFF,0xA0,0x00,0x00,0x00,0x00,0x00,0x00,0xBF,0xFF,0xFF,0xFF,0xF5,0x00,0x00,
    0x00,0x9F,0xFF,0xFF,0xFF,0xFA,0x00,0x00,0x00,0x00,0x00,0x00,0x01,0xDF,0xFF,0xFF,
    0xFF,0x50,0x00,0x00,0x00,0x00,0x00,0x00,0x00,0x00,0x00,0x01,0x33,0x43,0x20,0x00,
    0x00,0x00,0x00,0x00,0x00,0x00,0x00,0x00,0x00,0x00,0x00,0x00,0x00,0x00,0x37,0xBE,
    0xFF,0xFF,0xFF,0xFD,0xA6,0x10,0x00,0x00,0x00,0x00,0x00,0x00,0x00,0x00,0x00,0x00,
    0x00,0x06,0xCF,0xFF,0xFF,0xFF,0xFF,0xFF,0xFF,0xFF,0xA3,0x00,0x00,0x00,0x00,0x00,
    0x00,0x00,0x00,0x00,0x00,0x4D,0xFF,0xFF,0xFF,0xFF,0xFF,0xFF,0xFF,0xFF,0xFF,0xFA,
    0x10,0x00,0x00,0x00,0x00,0x00,0x00,0x00,0x00,0x9F,0xFF,0xFF,0xFF,0xFF,0xFF,0xFF,
    0xFF,0xFF,0xFF,0xFF,0xFE,0x40,0x00,0x00,0x00,0x00,0x00,0x00,0x01,0xBF,0xFF,0xFF,
    0xFF,0xFF,0xFF,0xFF,0xFF,0xFF,0xFF,0xFF,0xFF,0xFF,0x70,0x00,0x00,0x00,0x00,0x00,
    0x01,0xCF,0xFF,0xFF,0xFF,0xFF,0xFF,0xFF,0xFF,0xFF,0xFF,0xFF,0xFF,0xFF,0xFF,0x70,
    0x00,0x00,0x00,0x00,0x00,0xAF,0xFF,0xFF,0xFF,0xFF,0xFF,0xFF,0xFF,0xFF,0xFF,0xFF,
    0xFF,0xFF,0xFF,0xFF,0x50,0x00,0x00,0x00,0x00,0x7F,0xFF,0xFF,0xFF,0xFF,0xFF,0xFF,
    0xCA,0x9A,0xDF,0xFF,0xFF,0xFF,0xFF,0xFF,0xFE,0x20,0x00,0x00,0x00,0x2E,0xFF,0xFF,
    0xFF,0xFF,0xFF,0xD6,0x10,0x00,0x00,0x29,0xFF,0xFF,0xFF,0xFF,0xFF,0xFA,0x00,0x00,
    0x00,0x09,0xFF,0xFF,0xFF,0xFF,0xFF,0xA1,0x00,0x00,0x00,0x00,0x03,0xDF,0xFF,0xFF,
    0xFF,0xFF,0xF3,0x00,0x00,0x01,0xFF,0xFF,0xFF,0xFF,0xFF,0x90,0x00,0x00,0x00,0x00,
    0x00,0x02,0xEF,0xFF,0xFF,0xFF,0xFF,0xA0,0x00,0x00,0x7F,0xFF,0xFF,0xFF,0xFF,0xC0,
    0x00,0x00,0x00,0x00,0x00,0x00,0x04,0xFF,0xFF,0xFF,0xFF,0xFF,0x10,0x00,0x0B,0xFF,
    0xFF,0xFF,0xFF,0xF4,0x00,0x00,0x00,0x00,0x00,0x00,0x00,0x0B,0xFF,0xFF,0xFF,0xFF,
    0xF5,0x00,0x00,0xFF,0xFF,0xFF,0xFF,0xFD,0x00,0x00,0x00,0x00,0x00,0x00,0x00,0x00,
    0x4F,0xFF,0xFF,0xFF,0xFF,0x90,0x00,0x2F,0xFF,0xFF,0xFF,0xFF,0x90,0x00,0x00,0x00,
    0x00,0x00,0x00,0x00,0x00,0xEF,0xFF,0xFF,0xFF,0xFB,0x00,0x04,0xFF,0xFF,0xFF,0xFF,
    0xF6,0x00,0x00,0x00,0x00,0x00,0x00,0x00,0x00,0x0C,0xFF,0xFF,0xFF,0xFF,0xD0,0x00,
    0x5F,0xFF,0xFF,0xFF,0xFF,0x40,0x00,0x00,0x00,0x00,0x00,0x00,0x00,0x00,0xBF,0xFF,
    0xFF,0xFF,0xFE,0x00,0x05,0xFF,0xFF,0xFF,0xFF,0xF4,0x00,0x00,0x00,0x00,0x00,0x00,
    0x00,0x00,0x0A,0xFF,0xFF,0xFF,0xFF,0xE0,0x00,0x5F,0xFF,0xFF,0xFF,0xFF,0x50,0x00,
    0x00,0x00,0x00,0x00,0x00,0x00,0x00,0xBF,0xFF,0xFF,0xFF,0xFD,0x00,0x03,0xFF,0xFF,
    0xFF,0xFF,0xF7,0x00,0x00,0x00,0x00,0x00,0x00,0x00,0x00,0x0D,0xFF,0xFF,0xFF,0xFF,
    0xC0,0x00,0x1F,0xFF,0xFF,0xFF,0xFF,0xB0,0x00,0x00,0x00,0x00,0x00,0x00,0x00,0x02,
    0xFF,0xFF,0xFF,0xFF,0xFA,0x00,0x00,0xDF,0xFF,0xFF,0xFF,0xFF,0x20,0x00,0x00,0x00,
    0x00,0x00,0x00,0x00,0x8F,0xFF,0xFF,0xFF,0xFF,0x70,0x00,0x09,0xFF,0xFF,0xFF,0xFF,
    0xF9,0x00,0x00,0x00,0x00,0x00,0x00,0x00,0x1E,0xFF,0xFF,0xFF,0xFF,0xF2,0x00,0x00,
    0x3F,0xFF,0xFF,0xFF,0xFF,0xF4,0x00,0x00,0x00,0x00,0x00,0x00,0x0B,0xFF,0xFF,0xFF,
    0xFF,0xFC,0x00,0x00,0x00,0xCF,0xFF,0xFF,0xFF,0xFF,0xE4,0x00,0x00,0x00,0x00,0x00,
    0x09,0xFF,0xFF,0xFF,0xFF,0xFF,0x60,0x00,0x00,0x04,0xFF,0xFF,0xFF,0xFF,0xFF,0xF8,
    0x10,0x00,0x00,0x00,0x3C,0xFF,0xFF,0xFF,0xFF,0xFF,0xD0,0x00,0x00,0x00,0x0A,0xFF,
    0xFF,0xFF,0xFF,0xFF,0xFE,0x95,0x43,0x47,0xBF,0xFF,0xFF,0xFF,0xFF,0xFF,0xF4,0x00,
    0x00,0x00,0x00,0x1E,0xFF,0xFF,0xFF,0xFF,0xFF,0xFF,0xFF,0xFF,0xFF,0xFF,0xFF,0xFF,
    0xFF,0xFF,0xF9,0x00,0x00,0x00,0x00,0x00,0x4F,0xFF,0xFF,0xFF,0xFF,0xFF,0xFF,0xFF,
    0xFF,0xFF,0xFF,0xFF,0xFF,0xFF,0xFC,0x00,0x00,0x00,0x00,0x00,0x00,0x4F,0xFF,0xFF,
    0xFF,0xFF,0xFF,0xFF,0xFF,0xFF,0xFF,0xFF,0xFF,0xFF,0xFC,0x10,0x00,0x00,0x00,0x00,
    0x00,0x00,0x3E,0xFF,0xFF,0xFF,0xFF,0xFF,0xFF,0xFF,0xFF,0xFF,0xFF,0xFF,0xFA,0x10,
    0x00,0x00,0x00,0x00,0x00,0x00,0x00,0x1A,0xFF,0xFF,0xFF,0xFF,0xFF,0xFF,0xFF,0xFF,
    0xFF,0xFF,0xE6,0x00,0x00,0x00,0x00,0x00,0x00,0x00,0x00,0x00,0x04,0xCF,0xFF,0xFF,
    0xFF,0xFF,0xFF,0xFF,0xFF,0xFF,0x91,0x00,0x00,0x00,0x00,0x00,0x00,0x00,0x00,0x00,
    0x00,0x00,0x39,0xDF,0xFF,0xFF,0xFF,0xFF,0xFF,0xC7,0x10,0x00,0x00,0x00,0x00,0x00,
    0x00,0x00,0x00,0x00,0x00,0x00,0x00,0x00,0x25,0x79,0x9A,0x98,0x64,0x10,0x00,0x00,
    0x00,0x00,0x00,0x00,0x00,0x00,0x06,0x99,0x99,0x99,0x99,0x99,0x99,0x99,0x98,0x86,
    0x41,0x00,0x00,0x00,0x00,0x00,0x00,0x00,0x9F,0xFF,0xFF,0xFF,0xFF,0xFF,0xFF,0xFF,
    0xFF,0xFF,0xFD,0x82,0x00,0x00,0x00,0x00,0x00,0x09,0xFF,0xFF,0xFF,0xFF,0xFF,0xFF,
    0xFF,0xFF,0xFF,0xFF,0xFF,0xFA,0x20,0x00,0x00,0x00,0x00,0x9F,0xFF,0xFF,0xFF,0xFF,
    0xFF,0xFF,0xFF,0xFF,0xFF,0xFF,0xFF,0xFE,0x50,0x00,0x00,0x00,0x09,0xFF,0xFF,0xFF,
    0xFF,0xFF,0xFF,0xFF,0xFF,0xFF,0xFF,0xFF,0xFF,0xFF,0x70,0x00,0x00,0x00,0x9F,0xFF,
    0xFF,0xFF,0xFF,0xFF,0xFF,0xFF,0xFF,0xFF,0xFF,0xFF,0xFF,0xFF,0x50,0x00,0x00,0x09,
    0xFF,0xFF,0xFF,0xFF,0xFF,0xFF,0xFF,0xFF,0xFF,0xFF,0xFF,0xFF,0xFF,0xFE,0x10,0x00,
    0x00,0x9F,0xFF,0xFF,0xFF,0xFF,0xEE,0xEE,0xEE,0xFF,0xFF,0xFF,0xFF,0xFF,0xFF,0xF8,
    0x00,0x00,0x09,0xFF,0xFF,0xFF,0xFF,0xD0,0x00,0x00,0x00,0x38,0xFF,0xFF,0xFF,0xFF,
    0xFF,0xE0,0x00,0x00,0x9F,0xFF,0xFF,0xFF,0xFD,0x00,0x00,0x00,0x00,0x03,0xEF,0xFF,
    0xFF,0xFF,0xFF,0x40,0x00,0x09,0xFF,0xFF,0xFF,0xFF,0xD0,0x00,0x00,0x00,0x00,0x07,
    0xFF,0xFF,0xFF,0xFF,0xF7,0x00,0x00,0x9F,0xFF,0xFF,0xFF,0xFD,0x00,0x00,0x00,0x00,
    0x00,0x2F,0xFF,0xFF,0xFF,0xFF,0x90,0x00,0x09,0xFF,0xFF,0xFF,0xFF,0xD0,0x00,0x00,
    0x00,0x00,0x00,0xFF,0xFF,0xFF,0xFF,0xF9,0x00,0x00,0x9F,0xFF,0xFF,0xFF,0xFD,0x00,
    0x00,0x00,0x00,0x00,0x0F,0xFF,0xFF,0xFF,0xFF,0x90,0x00,0x09,0xFF,0xFF,0xFF,0xFF,
    0xD0,0x00,0x00,0x00,0x00,0x03,0xFF,0xFF,0xFF,0xFF,0xF8,0x00,0x00,0x9F,0xFF,0xFF,
    0xFF,0xFD,0x00,0x00,0x00,0x00,0x00,0xAF,0xFF,0xFF,0xFF,0xFF,0x60,0x00,0x09,0xFF,
    0xFF,0xFF,0xFF,0xD0,0x00,0x00,0x00,0x00,0x8F,0xFF,0xFF,0xFF,0xFF,0xF2,0x00,0x00,
    0x9F,0xFF,0xFF,0xFF,0xFF,0x44,0x44,0x45,0x68,0xDF,0xFF,0xFF,0xFF,0xFF,0xFC,0x00,
    0x00,0x09,0xFF,0xFF,0xFF,0xFF,0xFF,0xFF,0xFF,0xFF,0xFF,0xFF,0xFF,0xFF,0xFF,0xFF,
    0x50,0x00,0x00,0x9F,0xFF,0xFF,0xFF,0xFF,0xFF,0xFF,0xFF,0xFF,0xFF,0xFF,0xFF,0xFF,
    0xFF,0xB0,0x00,0x00,0x09,0xFF,0xFF,0xFF,0xFF,0xFF,0xFF,0xFF,0xFF,0xFF,0xFF,0xFF,
    0xFF,0xFF,0xD1,0x00,0x00,0x00,0x9F,0xFF,0xFF,0xFF,0xFF,0xFF,0xFF,0xFF,0xFF,0xFF,
    0xFF,0xFF,0xFF,0xD2,0x00,0x00,0x00,0x09,0xFF,0xFF,0xFF,0xFF,0xFF,0xFF,0xFF,0xFF,
    0xFF,0xFF,0xFF,0xFF,0xA1,0x00,0x00,0x00,0x00,0x9F,0xFF,0xFF,0xFF,0xFF,0xFF,0xFF,
    0xFF,0xFF,0xFF,0xFF,0xFB,0x40,0x00,0x00,0x00,0x00,0x09,0xFF,0xFF,0xFF,0xFF,0xFF,
    0xFF,0xFF,0xFF,0xFF,0xEB,0x72,0x00,0x00,0x00,0x00,0x00,0x00,0x9F,0xFF,0xFF,0xFF,
    0xFF,0x33,0x33,0x33,0x32,0x10,0x00,0x00,0x00,0x00,0x00,0x00,0x00,0x09,0xFF,0xFF,
    0xFF,0xFF,0xD0,0x00,0x00,0x00,0x00,0x00,0x00,0x00,0x00,0x00,0x00,0x00,0x00,0x9F,
    0xFF,0xFF,0xFF,0xFD,0x00,0x00,0x00,0x00,0x00,0x00,0x00,0x00,0x00,0x00,0x00,0x00,
    0x09,0xFF,0xFF,0xFF,0xFF,0xD0,0x00,0x00,0x00,0x00,0x00,0x00,0x00,0x00,0x00,0x00,
    0x00,0x00,0x9F,0xFF,0xFF,0xFF,0xFD,0x00,0x00,0x00,0x00,0x00,0x00,0x00,0x00,0x00,
    0x00,0x00,0x00,0x09,0xFF,0xFF,0xFF,0xFF,0xD0,0x00,0x00,0x00,0x00,0x00,0x00,0x00,
    0x00,0x00,0x00,0x00,0x00,0x9F,0xFF,0xFF,0xFF,0xFD,0x00,0x00,0x00,0x00,0x00,0x00,
    0x00,0x00,0x00,0x00,0x00,0x00,0x09,0xFF,0xFF,0xFF,0xFF,0xD0,0x00,0x00,0x00,0x00,
    0x00,0x00,0x00,0x00,0x00,0x00,0x00,0x00,0x9F,0xFF,0xFF,0xFF,0xFD,0x00,0x00,0x00,
    0x00,0x00,0x00,0x00,0x00,0x00,0x00,0x00,0x00,0x00,0x00,0x00,0x00,0x00,0x00,0x00,
    0x01,0x33,0x43,0x20,0x00,0x00,0x00,0x00,0x00,0x00,0x00,0x00,0x00,0x00,0x00,0x00,
    0x00,0x00,0x00,0x37,0xBE,0xFF,0xFF,0xFF,0xFD,0xA6,0x10,0x00,0x00,0x00,0x00,0x00,
    0x00,0x00,0x00,0x00,0x00,0x00,0x06,0xCF,0xFF,0xFF,0xFF,0xFF,0xFF,0xFF,0xFF,0xA3,
    0x00,0x00,0x00,0x00,0x00,0x00,0x00,0x00,0x00,0x00,0x4D,0xFF,0xFF,0xFF,0xFF,0xFF,
    0xFF,0xFF,0xFF,0xFF,0xFA,0x10,0x00,0x00,0x00,0x00,0x00,0x00,0x00,0x00,0x9F,0xFF,
    0xFF,0xFF,0xFF,0xFF,0xFF,0xFF,0xFF,0xFF,0xFF,0xFE,0x50,0x00,0x00,0x00,0x00,0x00,
    0x00,0x01,0xBF,0xFF,0xFF,0xFF,0xFF,0xFF,0xFF,0xFF,0xFF,0xFF,0xFF,0xFF,0xFF,0x70,
    0x00,0x00,0x00,0x00,0x00,0x01,0xCF,0xFF,0xFF,0xFF,0xFF,0xFF,0xFF,0xFF,0xFF,0xFF,
    0xFF,0xFF,0xFF,0xFF,0x70,0x00,0x00,0x00,0x00,0x00,0xAF,0xFF,0xFF,0xFF,0xFF,0xFF,
    0xFF,0xFF,0xFF,0xFF,0xFF,0xFF,0xFF,0xFF,0xFF,0x50,0x00,0x00,0x00,0x00,0x7F,0xFF,
    0xFF,0xFF,0xFF,0xFF,0xFF,0xCA,0x9A,0xDF,0xFF,0xFF,0xFF,0xFF,0xFF,0xFE,0x20,0x00,
    0x00,0x00,0x2E,0xFF,0xFF,0xFF,0xFF,0xFF,0xD6,0x10,0x00,0x00,0x29,0xFF,0xFF,0xFF,
    0xFF,0xFF,0xFA,0x00,0x00,0x00,0x09,0xFF,0xFF,0xFF,0xFF,0xFF,0xA1,0x00,0x00,0x00,
    0x00,0x03,0xDF,0xFF,0xFF,0xFF,0xFF,0xF3,0x00,0x00,0x01,0xFF,0xFF,0xFF,0xFF,0xFF,
    0x90,0x00,0x00,0x00,0x00,0x00,0x02,0xEF,0xFF,0xFF,0xFF,0xFF,0xA0,0x00,0x00,0x7F,
    0xFF,0xFF,0xFF,0xFF,0xC0,0x00,0x00,0x00,0x00,0x00,0x00,0x04,0xFF,0xFF,0xFF,0xFF,
    0xFF,0x10,0x00,0x0B,0xFF,0xFF,0xFF,0xFF,0xF4,0x00,0x00,0x00,0x00,0x00,0x00,0x00,
    0x0B,0xFF,0xFF,0xFF,0xFF,0xF5,0x00,0x00,0xFF,0xFF,0xFF,0xFF,0xFD,0x00,0x00,0x00,
    0x00,0x00,0x00,0x00,0x00,0x4F,0xFF,0xFF,0xFF,0xFF,0x90,0x00,0x2F,0xFF,0xFF,0xFF,
    0xFF,0x90,0x00,0x00,0x00,0x00,0x00,0x00,0x00,0x00,0xEF,0xFF,0xFF,0xFF,0xFB,0x00,
    0x04,0xFF,0xFF,0xFF,0xFF,0xF6,0x00,0x00,0x00,0x00,0x00,0x00,0x00,0x00,0x0C,0xFF,
    0xFF,0xFF,0xFF,0xD0,0x00,0x5F,0xFF,0xFF,0xFF,0xFF,0x40,0x00,0x00,0x00,0x00,0x00,
    0x00,0x00,0x00,0xBF,0xFF,0xFF,0xFF,0xFE,0x00,0x05,0xFF,0xFF,0xFF,0xFF,0xF4,0x00,
    0x00,0x00,0x00,0x00,0x00,0x00,0x00,0x0A,0xFF,0xFF,0xFF,0xFF,0xE0,0x00,0x5F,0xFF,
    0xFF,0xFF,0xFF,0x50,0x00,0x00,0x00,0x00,0x00,0x00,0x00,0x00,0xBF,0xFF,0xFF,0xFF,
    0xFD,0x00,0x03,0xFF,0xFF,0xFF,0xFF,0xF7,0x00,0x00,0x00,0x00,0x00,0x00,0x00,0x00,
    0x0D,0xFF,0xFF,0xFF,0xFF,0xC0,0x00,0x1F,0xFF,0xFF,0xFF,0xFF,0xB0,0x00,0x00,0x00,
    0x00,0x00,0x00,0x00,0x02,0xFF,0xFF,0xFF,0xFF,0xFA,0x00,0x00,0xDF,0xFF,0xFF,0xFF,
    0xFF,0x20,0x00,0x00,0x00,0x00,0x00,0x00,0x00,0x8F,0xFF,0xFF,0xFF,0xFF,0x70,0x00,
    0x09,0xFF,0xFF,0xFF,0xFF,0xF9,0x00,0x00,0x00,0x00,0x00,0x00,0x00,0x1E,0xFF,0xFF,
    0xFF,0xFF,0xF2,0x00,0x00,0x3F,0xFF,0xFF,0xFF,0xFF,0xF4,0x00,0x00,0x00,0x00,0x00,
    0x00,0x0A,0xFF,0xFF,0xFF,0xFF,0xFC,0x00,0x00,0x00,0xCF,0xFF,0xFF,0xFF,0xFF,0xE4,
    0x00,0x00,0x00,0x00,0x00,0x09,0xFF,0xFF,0xFF,0xFF,0xFF,0x60,0x00,0x00,0x04,0xFF,
    0xFF,0xFF,0xFF,0xFF,0xF8,0x10,0x00,0x00,0x00,0x3B,0xFF,0xFF,0xFF,0xFF,0xFF,0xD0,
    0x00,0x00,0x00,0x0A,0xFF,0xFF,0xFF,0xFF,0xFF,0xFE,0x95,0x43,0x47,0xBF,0xFF,0xFF,
    0xFF,0xFF,0xFF,0xF4,0x00,0x00,0x00,0x00,0x1E,0xFF,0xFF,0xFF,0xFF,0xFF,0xFF,0xFF,
    0xFF,0xFF,0xFF,0xFF,0xFF,0xFF,0xFF,0xF9,0x00,0x00,0x00,0x00,0x00,0x4F,0xFF,0xFF,
    0xFF,0xFF,0xFF,0xFF,0xFF,0xFF,0xFF,0xFF,0xFF,0xFF,0xFF,0xFC,0x00,0x00,0x00,0x00,
    0x00,0x00,0x4F,0xFF,0xFF,0xFF,0xFF,0xFF,0xFF,0xFF,0xFF,0xFF,0xFF,0xFF,0xFF,0xFC,
    0x10,0x00,0x00,0x00,0x00,0x00,0x00,0x3E,0xFF,0xFF,0xFF,0xFF,0xFF,0xFF,0xFF,0xFF,
    0xFF,0xFF,0xFF,0xFA,0x10,0x00,0x00,0x00,0x00,0x00,0x00,0x00,0x1A,0xFF,0xFF,0xFF,
    0xFF,0xFF,0xFF,0xFF,0xFF,0xFF,0xFF,0xE6,0x00,0x00,0x00,0x00,0x00,0x00,0x00,0x00,
    0x00,0x04,0xCF,0xFF,0xFF,0xFF,0xFF,0xFF,0xFF,0xFF,0xFF,0x91,0x00,0x00,0x00,0x00,
    0x00,0x00,0x00,0x00,0x00,0x00,0x00,0x39,0xDF,0xFF,0xFF,0xFF,0xFF,0xFF,0xFF,0x10,
    0x00,0x00,0x02,0xC2,0x00,0x00,0x00,0x00,0x00,0x00,0x00,0x00,0x00,0x29,0xFF,0xFF,
    0xFF,0xFF,0xFF,0xFB,0x20,0x00,0x17,0xEF,0xC1,0x00,0x00,0x00,0x00,0x00,0x00,0x00,
    0x00,0x00,0x04,0xEF,0xFF,0xFF,0xFF,0xFF,0xFF,0xCA,0xCF,0xFF,0xFF,0xA0,0x00,0x00,
    0x00,0x00,0x00,0x00,0x00,0x00,0x00,0x04,0xEF,0xFF,0xFF,0xFF,0xFF,0xFF,0xFF,0xFF,
    0xFF,0xFF,0x80,0x00,0x00,0x00,0x00,0x00,0x00,0x00,0x00,0x00,0x03,0xEF,0xFF,0xFF,
    0xFF,0xFF,0xFF,0xFF,0xFF,0xFF,0xFF,0x60,0x00,0x00,0x00,0x00,0x00,0x00,0x00,0x00,
    0x00,0x02,0xCF,0xFF,0xFF,0xFF,0xFF,0xFF,0xFF,0xFF,0xFF,0xE3,0x00,0x00,0x00,0x00,
    0x00,0x00,0x00,0x00,0x00,0x00,0x00,0x8F,0xFF,0xFF,0xFF,0xFF,0xFF,0xFF,0xFF,0xD3,
    0x00,0x00,0x00,0x00,0x00,0x00,0x00,0x00,0x00,0x00,0x00,0x00,0x2A,0xFF,0xFF,0xFF,
    0xFF,0xFF,0xFF,0x91,0x00,0x00,0x00,0x00,0x00,0x00,0x00,0x00,0x00,0x00,0x00,0x00,
    0x00,0x02,0x6A,0xDF,0xFF,0xFE,0xB7,0x10,0x00,0x00,0x00,0x00,0x00,0x00,0x00,0x00,
    0x00,0x00,0x00,0x00,0x00,0x00,0x00,0x00,0x01,0x11,0x00,0x00,0x00,0x00,0x00,0x06,
    0x99,0x99,0x99,0x99,0x99,0x99,0x99,0x98,0x76,0x41,0x00,0x00,0x00,0x00,0x00,0x00,
    0x00,0x09,0xFF,0xFF,0xFF,0xFF,0xFF,0xFF,0xFF,0xFF,0xFF,0xFF,0xD8,0x20,0x00,0x00,
    0x00,0x00,0x00,0x09,0xFF,0xFF,0xFF,0xFF,0xFF,0xFF,0xFF,0xFF,0xFF,0xFF,0xFF,0xFA,
    0x20,0x00,0x00,0x00,0x00,0x09,0xFF,0xFF,0xFF,0xFF,0xFF,0xFF,0xFF,0xFF,0xFF,0xFF,
    0xFF,0xFF,0xE6,0x00,0x00,0x00,0x00,0x09,0xFF,0xFF,0xFF,0xFF,0xFF,0xFF,0xFF,0xFF,
    0xFF,0xFF,0xFF,0xFF,0xFF,0x60,0x00,0x00,0x00,0x09,0xFF,0xFF,0xFF,0xFF,0xFF,0xFF,
    0xFF,0xFF,0xFF,0xFF,0xFF,0xFF,0xFF,0xF5,0x00,0x00,0x00,0x09,0xFF,0xFF,0xFF,0xFF,
    0xFF,0xFF,0xFF,0xFF,0xFF,0xFF,0xFF,0xFF,0xFF,0xFE,0x10,0x00,0x00,0x09,0xFF,0xFF,
    0xFF,0xFF,0xFE,0xEE,0xEE,0xEF,0xFF,0xFF,0xFF,0xFF,0xFF,0xFF,0x80,0x00,0x00,0x09,
    0xFF,0xFF,0xFF,0xFF,0xD0,0x00,0x00,0x00,0x38,0xFF,0xFF,0xFF,0xFF,0xFF,0xE0,0x00,
    0x00,0x09,0xFF,0xFF,0xFF,0xFF,0xD0,0x00,0x00,0x00,0x00,0x3E,0xFF,0xFF,0xFF,0xFF,
    0xF3,0x00,0x00,0x09,0xFF,0xFF,0xFF,0xFF,0xD0,0x00,0x00,0x00,0x00,0x07,0xFF,0xFF,
    0xFF,0xFF,0xF7,0x00,0x00,0x09,0xFF,0xFF,0xFF,0xFF,0xD0,0x00,0x00,0x00,0x00,0x02,
    0xFF,0xFF,0xFF,0xFF,0xF8,0x00,0x00,0x09,0xFF,0xFF,0xFF,0xFF,0xD0,0x00,0x00,0x00,
    0x00,0x00,0xFF,0xFF,0xFF,0xFF,0xF9,0x00,0x00,0x09,0xFF,0xFF,0xFF,0xFF,0xD0,0x00,
    0x00,0x00,0x00,0x00,0xFF,0xFF,0xFF,0xFF,0xF9,0x00,0x00,0x09,0xFF,0xFF,0xFF,0xFF,
    0xD0,0x00,0x00,0x00,0x00,0x03,0xFF,0xFF,0xFF,0xFF,0xF8,0x00,0x00,0x09,0xFF,0xFF,
    0xFF,0xFF,0xD0,0x00,0x00,0x00,0x00,0x0A,0xFF,0xFF,0xFF,0xFF,0xF6,0x00,0x00,0x09,
    0xFF,0xFF,0xFF,0xFF,0xD0,0x00,0x00,0x00,0x00,0x8F,0xFF,0xFF,0xFF,0xFF,0xF2,0x00,
    0x00,0x09,0xFF,0xFF,0xFF,0xFF,0xF4,0x44,0x44,0x45,0x8D,0xFF,0xFF,0xFF,0xFF,0xFF,
    0xC0,0x00,0x00,0x09,0xFF,0xFF,0xFF,0xFF,0xFF,0xFF,0xFF,0xFF,0xFF,0xFF,0xFF,0xFF,
    0xFF,0xFF,0x50,0x00,0x00,0x09,0xFF,0xFF,0xFF,0xFF,0xFF,0xFF,0xFF,0xFF,0xFF,0xFF,
    0xFF,0xFF,0xFF,0xFB,0x00,0x00,0x00,0x09,0xFF,0xFF,0xFF,0xFF,0xFF,0xFF,0xFF,0xFF,
    0xFF,0xFF,0xFF,0xFF,0xFF,0xD1,0x00,0x00,0x00,0x09,0xFF,0xFF,0xFF,0xFF,0xFF,0xFF,
    0xFF,0xFF,0xFF,0xFF,0xFF,0xFF,0xFD,0x20,0x00,0x00,0x00,0x09,0xFF,0xFF,0xFF,0xFF,
    0xFF,0xFF,0xFF,0xFF,0xFF,0xFF,0xFF,0xFF,0x91,0x00,0x00,0x00,0x00,0x09,0xFF,0xFF,
    0xFF,0xFF,0xFF,0xFF,0xFF,0xFF,0xFF,0xFF,0xFF,0xF5,0x00,0x00,0x00,0x00,0x00,0x09,
    0xFF,0xFF,0xFF,0xFF,0xFF,0xFF,0xFF,0xFF,0xFF,0xFF,0xFF,0xFC,0x00,0x00,0x00,0x00,
    0x00,0x09,0xFF,0xFF,0xFF,0xFF,0xF1,0x11,0x11,0xBF,0xFF,0xFF,0xFF,0xFF,0x70,0x00,
    0x00,0x00,0x00,0x09,0xFF,0xFF,0xFF,0xFF,0xD0,0x00,0x00,0x1E,0xFF,0xFF,0xFF,0xFF,
    0xF3,0x00,0x00,0x00,0x00,0x09,0xFF,0xFF,0xFF,0xFF,0xD0,0x00,0x00,0x04,0xFF,0xFF,
    0xFF,0xFF,0xFC,0x00,0x00,0x00,0x00,0x09,0xFF,0xFF,0xFF,0xFF,0xD0,0x00,0x00,0x00,
    0x9F,0xFF,0xFF,0xFF,0xFF,0x80,0x00,0x00,0x00,0x09,0xFF,0xFF,0xFF,0xFF,0xD0,0x00,
    0x00,0x00,0x1D,0xFF,0xFF,0xFF,0xFF,0xF4,0x00,0x00,0x00,0x09,0xFF,0xFF,0xFF,0xFF,
    0xD0,0x00,0x00,0x00,0x04,0xFF,0xFF,0xFF,0xFF,0xFD,0x10,0x00,0x00,0x09,0xFF,0xFF,
    0xFF,0xFF,0xD0,0x00,0x00,0x00,0x00,0x9F,0xFF,0xFF,0xFF,0xFF,0x90,0x00,0x00,0x09,
    0xFF,0xFF,0xFF,0xFF,0xD0,0x00,0x00,0x00,0x00,0x1D,0xFF,0xFF,0xFF,0xFF,0xF4,0x00,
    0x00,0x09,0xFF,0xFF,0xFF,0xFF,0xD0,0x00,0x00,0x00,0x00,0x03,0xFF,0xFF,0xFF,0xFF,
    0xFE,0x10,0x00,0x00,0x00,0x00,0x00,0x00,0x01,0x33,0x43,0x21,0x00,0x00,0x00,0x00,
    0x00,0x00,0x00,0x00,0x00,0x00,0x48,0xCE,0xFF,0xFF,0xFF,0xFE,0xC9,0x51,0x00,0x00,
    0x00,0x00,0x00,0x00,0x06,0xDF,0xFF,0xFF,0xFF,0xFF,0xFF,0xFF,0xFF,0xFB,0x50,0x00,
    0x00,0x00,0x00,0x3D,0xFF,0xFF,0xFF,0xFF,0xFF,0xFF,0xFF,0xFF,0xFF,0xFF,0xD4,0x00,
    0x00,0x00,0x5F,0xFF,0xFF,0xFF,0xFF,0xFF,0xFF,0xFF,0xFF,0xFF,0xFF,0xFF,0x40,0x00,
    0x00,0x4F,0xFF,0xFF,0xFF,0xFF,0xFF,0xFF,0xFF,0xFF,0xFF,0xFF,0xFF,0xD0,0x00,0x00,
    0x1E,0xFF,0xFF,0xFF,0xFF,0xFF,0xFF,0xFF,0xFF,0xFF,0xFF,0xFF,0xF7,0x00,0x00,0x08,
    0xFF,0xFF,0xFF,0xFF,0xFF,0xFF,0xFF,0xFF,0xFF,0xFF,0xFF,0xFF,0x10,0x00,0x00,0xDF,
    0xFF,0xFF,0xFF,0xFF,0xD8,0x43,0x23,0x47,0xAE,0xFF,0xFF,0xA0,0x00,0x00,0x2F,0xFF,
    0xFF,0xFF,0xFF,0xA0,0x00,0x00,0x00,0x00,0x04,0xAF,0xF3,0x00,0x00,0x05,0xFF,0xFF,
    0xFF,0xFF,0xF2,0x00,0x00,0x00,0x00,0x00,0x00,0x27,0x00,0x00,0x00,0x6F,0xFF,0xFF,
    0xFF,0xFF,0x10,0x00,0x00,0x00,0x00,0x00,0x00,0x00,0x00,0x00,0x05,0xFF,0xFF,0xFF,
    0xFF,0xF9,0x00,0x00,0x00,0x00,0x00,0x00,0x00,0x00,0x00,0x00,0x4F,0xFF,0xFF,0xFF,
    0xFF,0xFD,0x72,0x00,0x00,0x00,0x00,0x00,0x00,0x00,0x00,0x01,0xFF,0xFF,0xFF,0xFF,
    0xFF,0xFF,0xFD,0xA6,0x30,0x00,0x00,0x00,0x00,0x00,0x00,0x0A,0xFF,0xFF,0xFF,0xFF,
    0xFF,0xFF,0xFF,0xFF,0xEA,0x62,0x00,0x00,0x00,0x00,0x00,0x2E,0xFF,0xFF,0xFF,0xFF,
    0xFF,0xFF,0xFF,0xFF,0xFF,0xFC,0x50,0x00,0x00,0x00,0x00,0x4F,0xFF,0xFF,0xFF,0xFF,
    0xFF,0xFF,0xFF,0xFF,0xFF,0xFF,0xC4,0x00,0x00,0x00,0x00,0x4E,0xFF,0xFF,0xFF,0xFF,
    0xFF,0xFF,0xFF,0xFF,0xFF,0xFF,0xF6,0x00,0x00,0x00,0x00,0x18,0xFF,0xFF,0xFF,0xFF,
    0xFF,0xFF,0xFF,0xFF,0xFF,0xFF,0xF5,0x00,0x00,0x00,0x00,0x01,0x6C,0xFF,0xFF,0xFF,
    0xFF,0xFF,0xFF,0xFF,0xFF,0xFF,0xE1,0x00,0x00,0x00,0x00,0x00,0x01,0x59,0xDF,0xFF,
    0xFF,0xFF,0xFF,0xFF,0xFF,0xFF,0x80,0x00,0x00,0x00,0x00,0x00,0x00,0x00,0x14,0x8C,
    0xFF,0xFF,0xFF,0xFF,0xFF,0xFC,0x00,0x00,0x00,0x00,0x00,0x00,0x00,0x00,0x00,0x02,
    0xAF,0xFF,0xFF,0xFF,0xFF,0xF0,0x00,0x00,0x00,0x00,0x00,0x00,0x00,0x00,0x00,0x00,
    0xAF,0xFF,0xFF,0xFF,0xFF,0x10,0x00,0x2C,0x40,0x00,0x00,0x00,0x00,0x00,0x00,0x05,
    0xFF,0xFF,0xFF,0xFF,0xF0,0x00,0x08,0xFF,0xB5,0x00,0x00,0x00,0x00,0x00,0x00,0x9F,
    0xFF,0xFF,0xFF,0xFD,0x00,0x01,0xEF,0xFF,0xFE,0x96,0x20,0x00,0x00,0x02,0x9F,0xFF,
    0xFF,0xFF,0xFF,0xA0,0x00,0x7F,0xFF,0xFF,0xFF,0xFF,0xED,0xCB,0xCE,0xFF,0xFF,0xFF,
    0xFF,0xFF,0xF5,0x00,0x0D,0xFF,0xFF,0xFF,0xFF,0xFF,0xFF,0xFF,0xFF,0xFF,0xFF,0xFF,
    0xFF,0xFC,0x00,0x05,0xFF,0xFF,0xFF,0xFF,0xFF,0xFF,0xFF,0xFF,0xFF,0xFF,0xFF,0xFF,
    0xFF,0x30,0x00,0xCF,0xFF,0xFF,0xFF,0xFF,0xFF,0xFF,0xFF,0xFF,0xFF,0xFF,0xFF,0xFF,
    0x50,0x00,0x05,0xDF,0xFF,0xFF,0xFF,0xFF,0xFF,0xFF,0xFF,0xFF,0xFF,0xFF,0xFE,0x40,
    0x00,0x00,0x00,0x5B,0xFF,0xFF,0xFF,0xFF,0xFF,0xFF,0xFF,0xFF,0xFF,0xF9,0x10,0x00,
    0x00,0x00,0x00,0x02,0x7B,0xEF,0xFF,0xFF,0xFF,0xFF,0xFF,0xFD,0x82,0x00,0x00,0x00,
    0x00,0x00,0x00,0x00,0x00,0x25,0x78,0x9A,0xA9,0x87,0x52,0x00,0x00,0x00,0x00,0x00,
    0x79,0x99,0x99,0x99,0x99,0x99,0x99,0x99,0x99,0x99,0x99,0x99,0x99,0x99,0x99,0x3C,
    0xFF,0xFF,0xFF,0xFF,0xFF,0xFF,0xFF,0xFF,0xFF,0xFF,0xFF,0xFF,0xFF,0xFF,0xF5,0xCF,
    0xFF,0xFF,0xFF,0xFF,0xFF,0xFF,0xFF,0xFF,0xFF,0xFF,0xFF,0xFF,0xFF,0xFF,0x5C,0xFF,
    0xFF,0xFF,0xFF,0xFF,0xFF,0xFF,0xFF,0xFF,0xFF,0xFF,0xFF,0xFF,0xFF,0xF5,0xCF,0xFF,
    0xFF,0xFF,0xFF,0xFF,0xFF,0xFF,0xFF,0xFF,0xFF,0xFF,0xFF,0xFF,0xFF,0x5C,0xFF,0xFF,
    0xFF,0xFF,0xFF,0xFF,0xFF,0xFF,0xFF,0xFF,0xFF,0xFF,0xFF,0xFF,0xF5,0xCF,0xFF,0xFF,
    0xFF,0xFF,0xFF,0xFF,0xFF,0xFF,0xFF,0xFF,0xFF,0xFF,0xFF,0xFF,0x5B,0xEE,0xEE,0xEE,
    0xEE,0xEF,0xFF,0xFF,0xFF,0xFF,0xFE,0xEE,0xEE,0xEE,0xEE,0xE4,0x00,0x00,0x00,0x00,
    0x00,0x8F,0xFF,0xFF,0xFF,0xFF,0x00,0x00,0x00,0x00,0x00,0x00,0x00,0x00,0x00,0x00,
    0x08,0xFF,0xFF,0xFF,0xFF,0xF0,0x00,0x00,0x00,0x00,0x00,0x00,0x00,0x00,0x00,0x00,
    0x8F,0xFF,0xFF,0xFF,0xFF,0x00,0x00,0x00,0x00,0x00,0x00,0x00,0x00,0x00,0x00,0x08,
    0xFF,0xFF,0xFF,0xFF,0xF0,0x00,0x00,0x00,0x00,0x00,0x00,0x00,0x00,0x00,0x00,0x8F,
    0xFF,0xFF,0xFF,0xFF,0x00,0x00,0x00,0x00,0x00,0x00,0x00,0x00,0x00,0x00,0x08,0xFF,
    0xFF,0xFF,0xFF,0xF0,0x00,0x00,0x00,0x00,0x00,0x00,0x00,0x00,0x00,0x00,0x8F,0xFF,
    0xFF,0xFF,0xFF,0x00,0x00,0x00,0x00,0x00,0x00,0x00,0x00,0x00,0x00,0x08,0xFF,0xFF,
    0xFF,0xFF,0xF0,0x00,0x00,0x00,0x00,0x00,0x00,0x00,0x00,0x00,0x00,0x8F,0xFF,0xFF,
    0xFF,0xFF,0x00,0x00,0x00,0x00,0x00,0x00,0x00,0x00,0x00,0x00,0x08,0xFF,0xFF,0xFF,
    0xFF,0xF0,0x00,0x00,0x00,0x00,0x00,0x00,0x00,0x00,0x00,0x00,0x8F,0xFF,0xFF,0xFF,
    0xFF,0x00,0x00,0x00,0x00,0x00,0x00,0x00,0x00,0x00,0x00,0x08,0xFF,0xFF,0xFF,0xFF,
    0xF0,0x00,0x00,0x00,0x00,0x00,0x00,0x00,0x00,0x00,0x00,0x8F,0xFF,0xFF,0xFF,0xFF,
    0x00,0x00,0x00,0x00,0x00,0x00,0x00,0x00,0x00,0x00,0x08,0xFF,0xFF,0xFF,0xFF,0xF0,
    0x00,0x00,0x00,0x00,0x00,0x00,0x00,0x00,0x00,0x00,0x8F,0xFF,0xFF,0xFF,0xFF,0x00,
    0x00,0x00,0x00,0x00,0x00,0x00,0x00,0x00,0x00,0x08,0xFF,0xFF,0xFF,0xFF,0xF0,0x00,
    0x00,0x00,0x00,0x00,0x00,0x00,0x00,0x00,0x00,0x8F,0xFF,0xFF,0xFF,0xFF,0x00,0x00,
    0x00,0x00,0x00,0x00,0x00,0x00,0x00,0x00,0x08,0xFF,0xFF,0xFF,0xFF,0xF0,0x00,0x00,
    0x00,0x00,0x00,0x00,0x00,0x00,0x00,0x00,0x8F,0xFF,0xFF,0xFF,0xFF,0x00,0x00,0x00,
    0x00,0x00,0x00,0x00,0x00,0x00,0x00,0x08,0xFF,0xFF,0xFF,0xFF,0xF0,0x00,0x00,0x00,
    0x00,0x00,0x00,0x00,0x00,0x00,0x00,0x8F,0xFF,0xFF,0xFF,0xFF,0x00,0x00,0x00,0x00,
    0x00,0x00,0x00,0x00,0x00,0x00,0x08,0xFF,0xFF,0xFF,0xFF,0xF0,0x00,0x00,0x00,0x00,
    0x00,0x00,0x00,0x00,0x00,0x00,0x8F,0xFF,0xFF,0xFF,0xFF,0x00,0x00,0x00,0x00,0x00,
    0x00,0x00,0x00,0x00,0x00,0x08,0xFF,0xFF,0xFF,0xFF,0xF0,0x00,0x00,0x00,0x00,0x00,
    0x00,0x00,0x00,0x00,0x00,0x8F,0xFF,0xFF,0xFF,0xFF,0x00,0x00,0x00,0x00,0x00,0x00,
    0x00,0x00,0x00,0x00,0x08,0xFF,0xFF,0xFF,0xFF,0xF0,0x00,0x00,0x00,0x00,0x00,0x00,
    0x08,0x99,0x99,0x99,0x99,0x50,0x00,0x00,0x00,0x00,0x00,0x06,0x99,0x99,0x99,0x99,
    0x60,0x00,0x00,0x0E,0xFF,0xFF,0xFF,0xFF,0x90,0x00,0x00,0x00,0x00,0x00,0x0B,0xFF,
    0xFF,0xFF,0xFF,0xA0,0x00,0x00,0x0E,0xFF,0xFF,0xFF,0xFF,0x90,0x00,0x00,0x00,0x00,
    0x00,0x0B,0xFF,0xFF,0xFF,0xFF,0xA0,0x00,0x00,0x0E,0xFF,0xFF,0xFF,0xFF,0x90,0x00,
    0x00,0x00,0x00,0x00,0x0B,0xFF,0xFF,0xFF,0xFF,0xA0,0x00,0x00,0x0E,0xFF,0xFF,0xFF,
    0xFF,0x90,0x00,0x00,0x00,0x00,0x00,0x0B,0xFF,0xFF,0xFF,0xFF,0xA0,0x00,0x00,0x0E,
    0xFF,0xFF,0xFF,0xFF,0x90,0x00,0x00,0x00,0x00,0x00,0x0B,0xFF,0xFF,0xFF,0xFF,0xA0,
    0x00,0x00,0x0E,0xFF,0xFF,0xFF,0xFF,0x90,0x00,0x00,0x00,0x00,0x00,0x0B,0xFF,0xFF,
    0xFF,0xFF,0xA0,0x00,0x00,0x0E,0xFF,0xFF,0xFF,0xFF,0x90,0x00,0x00,0x00,0x00,0x00,
    0x0B,0xFF,0xFF,0xFF,0xFF,0xA0,0x00,0x00,0x0E,0xFF,0xFF,0xFF,0xFF,0x90,0x00,0x00,
    0x00,0x00,0x00,0x0B,0xFF,0xFF,0xFF,0xFF,0xA0,0x00,0x00,0x0E,0xFF,0xFF,0xFF,0xFF,
    0x90,0x00,0x00,0x00,0x00,0x00,0x0B,0xFF,0xFF,0xFF,0xFF,0xA0,0x00,0x00,0x0E,0xFF,
    0xFF,0xFF,0xFF,0x90,0x00,0x00,0x00,0x00,0x00,0x0B,0xFF,0xFF,0xFF,0xFF,0xA0,0x00,
    0x00,0x0E,0xFF,0xFF,0xFF,0xFF,0x90,0x00,0x00,0x00,0x00,0x00,0x0B,0xFF,0xFF,0xFF,
    0xFF,0xA0,0x00,0x00,0x0E,0xFF,0xFF,0xFF,0xFF,0x90,0x00,0x00,0x00,0x00,0x00,0x0B,
    0xFF,0xFF,0xFF,0xFF,0xA0,0x00,0x00,0x0E,0xFF,0xFF,0xFF,0xFF,0x90,0x00,0x00,0x00,
    0x00,0x00,0x0B,0xFF,0xFF,0xFF,0xFF,0xA0,0x00,0x00,0x0E,0xFF,0xFF,0xFF,0xFF,0x90,
    0x00,0x00,0x00,0x00,0x00,0x0B,0xFF,0xFF,0xFF,0xFF,0xA0,0x00,0x00,0x0E,0xFF,0xFF,
    0xFF,0xFF,0x90,0x00,0x00,0x00,0x00,0x00,0x0B,0xFF,0xFF,0xFF,0xFF,0xA0,0x00,0x00,
    0x0E,0xFF,0xFF,0xFF,0xFF,0x90,0x00,0x00,0x00,0x00,0x00,0x0B,0xFF,0xFF,0xFF,0xFF,
    0xA0,0x00,0x00,0x0E,0xFF,0xFF,0xFF,0xFF,0x90,0x00,0x00,0x00,0x00,0x00,0x0B,0xFF,
    0xFF,0xFF,0xFF,0xA0,0x00,0x00,0x0E,0xFF,0xFF,0xFF,0xFF,0x90,0x00,0x00,0x00,0x00,
    0x00,0x0B,0xFF,0xFF,0xFF,0xFF,0xA0,0x00,0x00,0x0D,0xFF,0xFF,0xFF,0xFF,0x90,0x00,
    0x00,0x00,0x00,0x00,0x0B,0xFF,0xFF,0xFF,0xFF,0x90,0x00,0x00,0x0D,0xFF,0xFF,0xFF,
    0xFF,0xA0,0x00,0x00,0x00,0x00,0x00,0x0C,0xFF,0xFF,0xFF,0xFF,0x90,0x00,0x00,0x0C,
    0xFF,0xFF,0xFF,0xFF,0xD0,0x00,0x00,0x00,0x00,0x00,0x0E,0xFF,0xFF,0xFF,0xFF,0x70,
    0x00,0x00,0x0A,0xFF,0xFF,0xFF,0xFF,0xF1,0x00,0x00,0x00,0x00,0x00,0x3F,0xFF,0xFF,
    0xFF,0xFF,0x60,0x00,0x00,0x07,0xFF,0xFF,0xFF,0xFF,0xF6,0x00,0x00,0x00,0x00,0x00,
    0x8F,0xFF,0xFF,0xFF,0xFF,0x30,0x00,0x00,0x03,0xFF,0xFF,0xFF,0xFF,0xFE,0x10,0x00,
    0x00,0x00,0x02,0xEF,0xFF,0xFF,0xFF,0xFE,0x00,0x00,0x00,0x00,0xEF,0xFF,0xFF,0xFF,
    0xFF,0xC2,0x00,0x00,0x00,0x2D,0xFF,0xFF,0xFF,0xFF,0xFA,0x00,0x00,0x00,0x00,0x8F,
    0xFF,0xFF,0xFF,0xFF,0xFE,0x95,0x33,0x59,0xFF,0xFF,0xFF,0xFF,0xFF,0xF4,0x00,0x00,
    0x00,0x00,0x1E,0xFF,0xFF,0xFF,0xFF,0xFF,0xFF,0xFF,0xFF,0xFF,0xFF,0xFF,0xFF,0xFF,
    0xB0,0x00,0x00,0x00,0x00,0x07,0xFF,0xFF,0xFF,0xFF,0xFF,0xFF,0xFF,0xFF,0xFF,0xFF,
    0xFF,0xFF,0xFF,0x30,0x00,0x00,0x00,0x00,0x00,0xBF,0xFF,0xFF,0xFF,0xFF,0xFF,0xFF,
    0xFF,0xFF,0xFF,0xFF,0xFF,0xF7,0x00,0x00,0x00,0x00,0x00,0x00,0x1B,0xFF,0xFF,0xFF,
    0xFF,0xFF,0xFF,0xFF,0xFF,0xFF,0xFF,0xFF,0x80,0x00,0x00,0x00,0x00,0x00,0x00,0x00,
    0xAF,0xFF,0xFF,0xFF,0xFF,0xFF,0xFF,0xFF,0xFF,0xFF,0xF6,0x00,0x00,0x00,0x00,0x00,
    0x00,0x00,0x00,0x05,0xDF,0xFF,0xFF,0xFF,0xFF,0xFF,0xFF,0xFF,0xFB,0x30,0x00,0x00,
    0x00,0x00,0x00,0x00,0x00,0x00,0x00,0x05,0xBF,0xFF,0xFF,0xFF,0xFF,0xFF,0xE9,0x30,
    0x00,0x00,0x00,0x00,0x00,0x00,0x00,0x00,0x00,0x00,0x00,0x01,0x46,0x89,0xAA,0x98,
    0x63,0x00,0x00,0x00,0x00,0x00,0x00,0x00,0x59,0x99,0x99,0x99,0x99,0x60,0x00,0x00,
    0x00,0x00,0x00,0x00,0x00,0x00,0x19,0x99,0x99,0x99,0x99,0x33,0xFF,0xFF,0xFF,0xFF,
    0xFE,0x10,0x00,0x00,0x00,0x00,0x00,0x00,0x00,0x06,0xFF,0xFF,0xFF,0xFF,0xE0,0x0C,
    0xFF,0xFF,0xFF,0xFF,0xF7,0x00,0x00,0x00,0x00,0x00,0x00,0x00,0x00,0xDF,0xFF,0xFF,
    0xFF,0xF8,0x00,0x5F,0xFF,0xFF,0xFF,0xFF,0xD0,0x00,0x00,0x00,0x00,0x00,0x00,0x00,
    0x4F,0xFF,0xFF,0xFF,0xFF,0x20,0x00,0xEF,0xFF,0xFF,0xFF,0xFF,0x40,0x00,0x00,0x00,
    0x00,0x00,0x00,0x0B,0xFF,0xFF,0xFF,0xFF,0xA0,0x00,0x07,0xFF,0xFF,0xFF,0xFF,0xFB,
    0x00,0x00,0x00,0x00,0x00,0x00,0x02,0xFF,0xFF,0xFF,0xFF,0xF4,0x00,0x00,0x1F,0xFF,
    0xFF,0xFF,0xFF,0xF2,0x00,0x00,0x00,0x00,0x00,0x00,0x8F,0xFF,0xFF,0xFF,0xFC,0x00,
    0x00,0x00,0xAF,0xFF,0xFF,0xFF,0xFF,0x80,0x00,0x00,0x00,0x00,0x00,0x1E,0xFF,0xFF,
    0xFF,0xFF,0x60,0x00,0x00,0x03,0xFF,0xFF,0xFF,0xFF,0xFE,0x00,0x00,0x00,0x00,0x00,
    0x06,0xFF,0xFF,0xFF,0xFF,0xE1,0x00,0x00,0x00,0x0C,0xFF,0xFF,0xFF,0xFF,0xF6,0x00,
    0x00,0x00,0x00,0x00,0xCF,0xFF,0xFF,0xFF,0xF8,0x00,0x00,0x00,0x00,0x5F,0xFF,0xFF,
    0xFF,0xFF,0xC0,0x00,0x00,0x00,0x00,0x4F,0xFF,0xFF,0xFF,0xFF,0x20,0x00,0x00,0x00,
    0x00,0xEF,0xFF,0xFF,0xFF,0xFF,0x30,0x00,0x00,0x00,0x0A,0xFF,0xFF,0xFF,0xFF,0xA0,
    0x00,0x00,0x00,0x00,0x07,0xFF,0xFF,0xFF,0xFF,0xF9,0x00,0x00,0x00,0x02,0xFF,0xFF,
    0xFF,0xFF,0xF4,0x00,0x00,0x00,0x00,0x00,0x1F,0xFF,0xFF,0xFF,0xFF,0xE1,0x00,0x00,
    0x00,0x8F,0xFF,0xFF,0xFF,0xFC,0x00,0x00,0x00,0x00,0x00,0x00,0xAF,0xFF,0xFF,0xFF,
    0xFF,0x70,0x00,0x00,0x1E,0xFF,0xFF,0xFF,0xFF,0x60,0x00,0x00,0x00,0x00,0x00,0x03,
    0xFF,0xFF,0xFF,0xFF,0xFD,0x00,0x00,0x06,0xFF,0xFF,0xFF,0xFF,0xE1,0x00,0x00,0x00,
    0x00,0x00,0x00,0x0C,0xFF,0xFF,0xFF,0xFF,0xF4,0x00,0x00,0xCF,0xFF,0xFF,0xFF,0xF8,
    0x00,0x00,0x00,0x00,0x00,0x00,0x00,0x5F,0xFF,0xFF,0xFF,0xFF,0xB0,0x00,0x4F,0xFF,
    0xFF,0xFF,0xFF,0x20,0x00,0x00,0x00,0x00,0x00,0x00,0x00,0xEF,0xFF,0xFF,0xFF,0xFF,
    0x20,0x0A,0xFF,0xFF,0xFF,0xFF,0xA0,0x00,0x00,0x00,0x00,0x00,0x00,0x00,0x08,0xFF,
    0xFF,0xFF,0xFF,0xF8,0x02,0xFF,0xFF,0xFF,0xFF,0xF4,0x00,0x00,0x00,0x00,0x00,0x00,
    0x00,0x00,0x1F,0xFF,0xFF,0xFF,0xFF,0xE0,0x8F,0xFF,0xFF,0xFF,0xFC,0x00,0x00,0x00,
    0x00,0x00,0x00,0x00,0x00,0x00,0xAF,0xFF,0xFF,0xFF,0xFF,0x6E,0xFF,0xFF,0xFF,0xFF,
    0x60,0x00,0x00,0x00,0x00,0x00,0x00,0x00,0x00,0x03,0xFF,0xFF,0xFF,0xFF,0xFF,0xFF,
    0xFF,0xFF,0xFF,0xE1,0x00,0x00,0x00,0x00,0x00,0x00,0x00,0x00,0x00,0x0C,0xFF,0xFF,
    0xFF,0xFF,0xFF,0xFF,0xFF,0xFF,0xF8,0x00,0x00,0x00,0x00,0x00,0x00,0x00,0x00,0x00,
    0x00,0x5F,0xFF,0xFF,0xFF,0xFF,0xFF,0xFF,0xFF,0xFF,0x20,0x00,0x00,0x00,0x00,0x00,
    0x00,0x00,0x00,0x00,0x00,0xEF,0xFF,0xFF,0xFF,0xFF,0xFF,0xFF,0xFF,0xA0,0x00,0x00,
    0x00,0x00,0x00,0x00,0x00,0x00,0x00,0x00,0x08,0xFF,0xFF,0xFF,0xFF,0xFF,0xFF,0xFF,
    0xF4,0x00,0x00,0x00,0x00,0x00,0x00,0x00,0x00,0x00,0x00,0x00,0x1F,0xFF,0xFF,0xFF,
    0xFF,0xFF,0xFF,0xFD,0x00,0x00,0x00,0x00,0x00,0x00,0x00,0x00,0x00,0x00,0x00,0x00,
    0xAF,0xFF,0xFF,0xFF,0xFF,0xFF,0xFF,0x60,0x00,0x00,0x00,0x00,0x00,0x00,0x00,0x00,
    0x00,0x00,0x00,0x03,0xFF,0xFF,0xFF,0xFF,0xFF,0xFF,0xE1,0x00,0x00,0x00,0x00,0x00,
    0x00,0x00,0x00,0x00,0x00,0x00,0x00,0x0C,0xFF,0xFF,0xFF,0xFF,0xFF,0xF8,0x00,0x00,
    0x00,0x00,0x00,0x00,0x00,0x00,0x00,0x00,0x00,0x00,0x00,0x6F,0xFF,0xFF,0xFF,0xFF,
    0xFF,0x20,0x00,0x00,0x00,0x00,0x00,0x00,0x00,0x00,0x00,0x00,0x00,0x00,0x00,0xEF,
    0xFF,0xFF,0xFF,0xFF,0xB0,0x00,0x00,0x00,0x00,0x00,0x00,0x00,0x00,0x00,0x00,0x00,
    0x00,0x00,0x08,0xFF,0xFF,0xFF,0xFF,0xF4,0x00,0x00,0x00,0x00,0x00,0x00,0x00,0x19,
    0x99,0x99,0x99,0x99,0x60,0x00,0x00,0x00,0x00,0x00,0x00,0x69,0x99,0x99,0x99,0x92,
    0x00,0x00,0x00,0x00,0x00,0x00,0x19,0x99,0x99,0x99,0x98,0x00,0xDF,0xFF,0xFF,0xFF,
    0xFE,0x00,0x00,0x00,0x00,0x00,0x00,0x0E,0xFF,0xFF,0xFF,0xFF,0x80,0x00,0x00,0x00,
    0x00,0x00,0x05,0xFF,0xFF,0xFF,0xFF,0xA0,0x08,0xFF,0xFF,0xFF,0xFF,0xF4,0x00,0x00,
    0x00,0x00,0x00,0x04,0xFF,0xFF,0xFF,0xFF,0xFC,0x00,0x00,0x00,0x00,0x00,0x00,0xAF,
    0xFF,0xFF,0xFF,0xF6,0x00,0x3F,0xFF,0xFF,0xFF,0xFF,0x80,0x00,0x00,0x00,0x00,0x00,
    0x9F,0xFF,0xFF,0xFF,0xFF,0xF2,0x00,0x00,0x00,0x00,0x00,0x1E,0xFF,0xFF,0xFF,0xFF,
    0x10,0x00,0xDF,0xFF,0xFF,0xFF,0xFD,0x00,0x00,0x00,0x00,0x00,0x0E,0xFF,0xFF,0xFF,
    0xFF,0xFF,0x70,0x00,0x00,0x00,0x00,0x05,0xFF,0xFF,0xFF,0xFF,0xB0,0x00,0x09,0xFF,
    0xFF,0xFF,0xFF,0xF3,0x00,0x00,0x00,0x00,0x04,0xFF,0xFF,0xFF,0xFF,0xFF,0xFC,0x00,
    0x00,0x00,0x00,0x00,0xAF,0xFF,0xFF,0xFF,0xF6,0x00,0x00,0x4F,0xFF,0xFF,0xFF,0xFF,
    0x70,0x00,0x00,0x00,0x00,0x9F,0xFF,0xFF,0xFF,0xFF,0xFF,0xF1,0x00,0x00,0x00,0x00,
    0x0E,0xFF,0xFF,0xFF,0xFF,0x10,0x00,0x00,0xEF,0xFF,0xFF,0xFF,0xFC,0x00,0x00,0x00,
    0x00,0x0E,0xFF,0xFF,0xFF,0xFF,0xFF,0xFF,0x60,0x00,0x00,0x00,0x04,0xFF,0xFF,0xFF,
    0xFF,0xB0,0x00,0x00,0x09,0xFF,0xFF,0xFF,0xFF,0xF2,0x00,0x00,0x00,0x04,0xFF,0xFF,
    0xFF,0xFF,0xFF,0xFF,0xFB,0x00,0x00,0x00,0x00,0x9F,0xFF,0xFF,0xFF,0xF6,0x00,0x00,
    0x00,0x4F,0xFF,0xFF,0xFF,0xFF,0x70,0x00,0x00,0x00,0x9F,0xFF,0xFF,0xFF,0xFF,0xFF,
    0xFF,0xF1,0x00,0x00,0x00,0x0E,0xFF,0xFF,0xFF,0xFF,0x20,0x00,0x00,0x00,0xEF,0xFF,
    0xFF,0xFF,0xFB,0x00,0x00,0x00,0x0E,0xFF,0xFF,0xFF,0xFF,0xFF,0xFF,0xFF,0x50,0x00,
    0x00,0x04,0xFF,0xFF,0xFF,0xFF,0xC0,0x00,0x00,0x00,0x09,0xFF,0xFF,0xFF,0xFF,0xF1,
    0x00,0x00,0x04,0xFF,0xFF,0xFF,0xFF,0xFF,0xFF,0xFF,0xFA,0x00,0x00,0x00,0x9F,0xFF,
    0xFF,0xFF,0xF7,0x00,0x00,0x00,0x00,0x4F,0xFF,0xFF,0xFF,0xFF,0x60,0x00,0x00,0x9F,
    0xFF,0xFF,0xFF,0xFF,0xFF,0xFF,0xFF,0xE0,0x00,0x00,0x0E,0xFF,0xFF,0xFF,0xFF,0x20,
    0x00,0x00,0x00,0x00,0xEF,0xFF,0xFF,0xFF,0xFA,0x00,0x00,0x0E,0xFF,0xFF,0xFF,0xFF,
    0xFF,0xFF,0xFF,0xFF,0x40,0x00,0x04,0xFF,0xFF,0xFF,0xFF,0xC0,0x00,0x00,0x00,0x00,
    0x0A,0xFF,0xFF,0xFF,0xFF,0xE1,0x00,0x04,0xFF,0xFF,0xFF,0xFF,0x6F,0xFF,0xFF,0xFF,
    0xF9,0x00,0x00,0x9F,0xFF,0xFF,0xFF,0xF7,0x00,0x00,0x00,0x00,0x00,0x5F,0xFF,0xFF,
    0xFF,0xFF,0x50,0x00,0x9F,0xFF,0xFF,0xFF,0xD0,0xDF,0xFF,0xFF,0xFF,0xD0,0x00,0x0D,
    0xFF,0xFF,0xFF,0xFF,0x20,0x00,0x00,0x00,0x00,0x01,0xEF,0xFF,0xFF,0xFF,0xFA,0x00,
    0x0D,0xFF,0xFF,0xFF,0xF9,0x08,0xFF,0xFF,0xFF,0xFF,0x30,0x03,0xFF,0xFF,0xFF,0xFF,
    0xD0,0x00,0x00,0x00,0x00,0x00,0x0A,0xFF,0xFF,0xFF,0xFF,0xE0,0x04,0xFF,0xFF,0xFF,
    0xFF,0x40,0x3F,0xFF,0xFF,0xFF,0xF8,0x00,0x8F,0xFF,0xFF,0xFF,0xF8,0x00,0x00,0x00,
    0x00,0x00,0x00,0x5F,0xFF,0xFF,0xFF,0xFF,0x40,0x9F,0xFF,0xFF,0xFF,0xE0,0x00,0xDF,
    0xFF,0xFF,0xFF,0xD0,0x0D,0xFF,0xFF,0xFF,0xFF,0x30,0x00,0x00,0x00,0x00,0x00,0x01,
    0xFF,0xFF,0xFF,0xFF,0xF9,0x0D,0xFF,0xFF,0xFF,0xF9,0x00,0x09,0xFF,0xFF,0xFF,0xFF,
    0x23,0xFF,0xFF,0xFF,0xFF,0xD0,0x00,0x00,0x00,0x00,0x00,0x00,0x0B,0xFF,0xFF,0xFF,
    0xFF,0xD4,0xFF,0xFF,0xFF,0xFF,0x40,0x00,0x4F,0xFF,0xFF,0xFF,0xF7,0x8F,0xFF,0xFF,
    0xFF,0xF8,0x00,0x00,0x00,0x00,0x00,0x00,0x00,0x6F,0xFF,0xFF,0xFF,0xFF,0xCF,0xFF,
    0xFF,0xFF,0xE0,0x00,0x00,0xEF,0xFF,0xFF,0xFF,0xCD,0xFF,0xFF,0xFF,0xFF,0x30,0x00,
    0x00,0x00,0x00,0x00,0x00,0x01,0xFF,0xFF,0xFF,0xFF,0xFF,0xFF,0xFF,0xFF,0xF9,0x00,
    0x00,0x0A,0xFF,0xFF,0xFF,0xFF,0xFF,0xFF,0xFF,0xFF,0xD0,0x00,0x00,0x00,0x00,0x00,
    0x00,0x00,0x0B,0xFF,0xFF,0xFF,0xFF,0xFF,0xFF,0xFF,0xFF,0x40,0x00,0x00,0x5F,0xFF,
    0xFF,0xFF,0xFF,0xFF,0xFF,0xFF,0xF9,0x00,0x00,0x00,0x00,0x00,0x00,0x00,0x00,0x6F,
    0xFF,0xFF,0xFF,0xFF,0xFF,0xFF,0xFF,0xE0,0x00,0x00,0x01,0xEF,0xFF,0xFF,0xFF,0xFF,
    0xFF,0xFF,0xFF,0x40,0x00,0x00,0x00,0x00,0x00,0x00,0x00,0x01,0xFF,0xFF,0xFF,0xFF,
    0xFF,0xFF,0xFF,0xFA,0x00,0x00,0x00,0x0A,0xFF,0xFF,0xFF,0xFF,0xFF,0xFF,0xFF,0xE0,
    0x00,0x00,0x00,0x00,0x00,0x00,0x00,0x00,0x0B,0xFF,0xFF,0xFF,0xFF,0xFF,0xFF,0xFF,
    0x50,0x00,0x00,0x00,0x6F,0xFF,0xFF,0xFF,0xFF,0xFF,0xFF,0xF9,0x00,0x00,0x00,0x00,
    0x00,0x00,0x00,0x00,0x00,0x7F,0xFF,0xFF,0xFF,0xFF,0xFF,0xFF,0xE0,0x00,0x00,0x00,
    0x01,0xFF,0xFF,0xFF,0xFF,0xFF,0xFF,0xFF,0x40,0x00,0x00,0x00,0x00,0x00,0x00,0x00,
    0x00,0x02,0xFF,0xFF,0xFF,0xFF,0xFF,0xFF,0xFA,0x00,0x00,0x00,0x00,0x0B,0xFF,0xFF,
    0xFF,0xFF,0xFF,0xFF,0xE0,0x00,0x00,0x00,0x00,0x00,0x00,0x00,0x00,0x00,0x0C,0xFF,
    0xFF,0xFF,0xFF,0xFF,0xFF,0x50,0x00,0x00,0x00,0x00,0x7F,0xFF,0xFF,0xFF,0xFF,0xFF,
    0xF9,0x00,0x00,0x00,0x00,0x00,0x00,0x00,0x00,0x00,0x00,0x7F,0xFF,0xFF,0xFF,0xFF,
    0xFF,0xE1,0x00,0x00,0x00,0x00,0x02,0xFF,0xFF,0xFF,0xFF,0xFF,0xFF,0x50,0x00,0x00,
    0x00,0x00,0x00,0x00,0x00,0x00,0x00,0x02,0xFF,0xFF,0xFF,0xFF,0xFF,0xFA,0x00,0x00,
    0x00,0x00,0x00,0x0C,0xFF,0xFF,0xFF,0xFF,0xFF,0xE0,0x00,0x00,0x00,0x00,0x00,0x00,
    0x00,0x00,0x00,0x00,0x0C,0xFF,0xFF,0xFF,0xFF,0xFF,0x50,0x00,0x00,0x00,0x00,0x00,
    0x7F,0xFF,0xFF,0xFF,0xFF,0xFA,0x00,0x00,0x00,0x00,0x00,0x00,0x00,0x00,0x00,0x00,
    0x00,0x7F,0xFF,0xFF,0xFF,0xFF,0xF1,0x00,0x00,0x00,0x00,0x00,0x03,0xFF,0xFF,0xFF,
    0xFF,0xFF,0x50,0x00,0x00,0x00,0x00,0x00,0x03,0x99,0x99,0x99,0x99,0x99,0x30,0x00,
    0x00,0x00,0x00,0x00,0x06,0x99,0x99,0x99,0x99,0x95,0x00,0x0C,0xFF,0xFF,0xFF,0xFF,
    0xFD,0x10,0x00,0x00,0x00,0x00,0x04,0xFF,0xFF,0xFF,0xFF,0xFD,0x10,0x00,0x2E,0xFF,
    0xFF,0xFF,0xFF,0xF9,0x00,0x00,0x00,0x00,0x01,0xDF,0xFF,0xFF,0xFF,0xFF,0x40,0x00,
    0x00,0x6F,0xFF,0xFF,0xFF,0xFF,0xF4,0x00,0x00,0x00,0x00,0x9F,0xFF,0xFF,0xFF,0xFF,
    0x80,0x00,0x00,0x00,0xAF,0xFF,0xFF,0xFF,0xFF,0xD1,0x00,0x00,0x00,0x5F,0xFF,0xFF,
    0xFF,0xFF,0xC0,0x00,0x00,0x00,0x01,0xDF,0xFF,0xFF,0xFF,0xFF,0xA0,0x00,0x00,0x1E,
    0xFF,0xFF,0xFF,0xFF,0xE2,0x00,0x00,0x00,0x00,0x04,0xFF,0xFF,0xFF,0xFF,0xFF,0x50,
    0x00,0x0A,0xFF,0xFF,0xFF,0xFF,0xF5,0x00,0x00,0x00,0x00,0x00,0x08,0xFF,0xFF,0xFF,
    0xFF,0xFE,0x20,0x05,0xFF,0xFF,0xFF,0xFF,0xF9,0x00,0x00,0x00,0x00,0x00,0x00,0x0C,
    0xFF,0xFF,0xFF,0xFF,0xFB,0x01,0xEF,0xFF,0xFF,0xFF,0xFD,0x10,0x00,0x00,0x00,0x00,
    0x00,0x00,0x2E,0xFF,0xFF,0xFF,0xFF,0xF7,0xBF,0xFF,0xFF,0xFF,0xFF,0x30,0x00,0x00,
    0x00,0x00,0x00,0x00,0x00,0x6F,0xFF,0xFF,0xFF,0xFF,0xFF,0xFF,0xFF,0xFF,0xFF,0x70,
    0x00,0x00,0x00,0x00,0x00,0x00,0x00,0x00,0xBF,0xFF,0xFF,0xFF,0xFF,0xFF,0xFF,0xFF,
    0xFF,0xB0,0x00,0x00,0x00,0x00,0x00,0x00,0x00,0x00,0x01,0xEF,0xFF,0xFF,0xFF,0xFF,
    0xFF,0xFF,0xFF,0xE1,0x00,0x00,0x00,0x00,0x00,0x00,0x00,0x00,0x00,0x04,0xFF,0xFF,
    0xFF,0xFF,0xFF,0xFF,0xFF,0xF4,0x00,0x00,0x00,0x00,0x00,0x00,0x00,0x00,0x00,0x00,
    0x09,0xFF,0xFF,0xFF,0xFF,0xFF,0xFF,0xF9,0x00,0x00,0x00,0x00,0x00,0x00,0x00,0x00,
    0x00,0x00,0x00,0x1D,0xFF,0xFF,0xFF,0xFF,0xFF,0xFC,0x00,0x00,0x00,0x00,0x00,0x00,
    0x00,0x00,0x00,0x00,0x00,0x00,0x3F,0xFF,0xFF,0xFF,0xFF,0xFF,0x30,0x00,0x00,0x00,
    0x00,0x00,0x00,0x00,0x00,0x00,0x00,0x00,0x04,0xFF,0xFF,0xFF,0xFF,0xFF,0xFA,0x00,
    0x00,0x00,0x00,0x00,0x00,0x00,0x00,0x00,0x00,0x00,0x01,0xDF,0xFF,0xFF,0xFF,0xFF,
    0xFF,0xF6,0x00,0x00,0x00,0x00,0x00,0x00,0x00,0x00,0x00,0x00,0x00,0xAF,0xFF,0xFF,
    0xFF,0xFF,0xFF,0xFF,0xE2,0x00,0x00,0x00,0x00,0x00,0x00,0x00,0x00,0x00,0x00,0x6F,
    0xFF,0xFF,0xFF,0xFF,0xFF,0xFF,0xFF,0xC0,0x00,0x00,0x00,0x00,0x00,0x00,0x00,0x00,
    0x00,0x2E,0xFF,0xFF,0xFF,0xFF,0xFF,0xFF,0xFF,0xFF,0x80,0x00,0x00,0x00,0x00,0x00,
    0x00,0x00,0x00,0x0C,0xFF,0xFF,0xFF,0xFF,0xFF,0xFF,0xFF,0xFF,0xFF,0x40,0x00,0x00,
    0x00,0x00,0x00,0x00,0x00,0x08,0xFF,0xFF,0xFF,0xFF,0xFF,0xFF,0xFF,0xFF,0xFF,0xFD,
    0x10,0x00,0x00,0x00,0x00,0x00,0x00,0x04,0xFF,0xFF,0xFF,0xFF,0xFE,0x1C,0xFF,0xFF,
    0xFF,0xFF,0xFA,0x00,0x00,0x00,0x00,0x00,0x00,0x01,0xEF,0xFF,0xFF,0xFF,0xFF,0x50,
    0x2F,0xFF,0xFF,0xFF,0xFF,0xF6,0x00,0x00,0x00,0x00,0x00,0x00,0xAF,0xFF,0xFF,0xFF,
    0xFF,0xA0,0x00,0x7F,0xFF,0xFF,0xFF,0xFF,0xE2,0x00,0x00,0x00,0x00,0x00,0x6F,0xFF,
    0xFF,0xFF,0xFF,0xE1,0x00,0x00,0xCF,0xFF,0xFF,0xFF,0xFF,0xC0,0x00,0x00,0x00,0x00,
    0x3F,0xFF,0xFF,0xFF,0xFF,0xF6,0x00,0x00,0x02,0xEF,0xFF,0xFF,0xFF,0xFF,0x80,0x00,
    0x00,0x00,0x0C,0xFF,0xFF,0xFF,0xFF,0xFB,0x00,0x00,0x00,0x07,0xFF,0xFF,0xFF,0xFF,
    0xFF,0x40,0x00,0x00,0x09,0xFF,0xFF,0xFF,0xFF,0xFE,0x20,0x00,0x00,0x00,0x0B,0xFF,
    0xFF,0xFF,0xFF,0xFE,0x10,0x00,0x04,0xFF,0xFF,0xFF,0xFF,0xFF,0x60,0x00,0x00,0x00,
    0x00,0x2E,0xFF,0xFF,0xFF,0xFF,0xFB,0x00,0x01,0xEF,0xFF,0xFF,0xFF,0xFF,0xB0,0x00,
    0x00,0x00,0x00,0x00,0x6F,0xFF,0xFF,0xFF,0xFF,0xF6,0x00,0xBF,0xFF,0xFF,0xFF,0xFF,
    0xE2,0x00,0x00,0x00,0x00,0x00,0x00,0xBF,0xFF,0xFF,0xFF,0xFF,0xF3,0x79,0x99,0x99,
    0x99,0x99,0x20,0x00,0x00,0x00,0x00,0x00,0x00,0x02,0x99,0x99,0x99,0x99,0x91,0x5F,
    0xFF,0xFF,0xFF,0xFF,0xB0,0x00,0x00,0x00,0x00,0x00,0x00,0x0A,0xFF,0xFF,0xFF,0xFF,
    0x90,0x0B,0xFF,0xFF,0xFF,0xFF,0xF5,0x00,0x00,0x00,0x00,0x00,0x00,0x4F,0xFF,0xFF,
    0xFF,0xFE,0x10,0x02,0xFF,0xFF,0xFF,0xFF,0xFD,0x10,0x00,0x00,0x00,0x00,0x00,0xDF,
    0xFF,0xFF,0xFF,0xF6,0x00,0x00,0x8F,0xFF,0xFF,0xFF,0xFF,0x80,0x00,0x00,0x00,0x00,
    0x07,0xFF,0xFF,0xFF,0xFF,0xC0,0x00,0x00,0x1D,0xFF,0xFF,0xFF,0xFF,0xF2,0x00,0x00,
    0x00,0x00,0x2E,0xFF,0xFF,0xFF,0xFF,0x30,0x00,0x00,0x05,0xFF,0xFF,0xFF,0xFF,0xFB,
    0x00,0x00,0x00,0x00,0xAF,0xFF,0xFF,0xFF,0xF9,0x00,0x00,0x00,0x00,0xBF,0xFF,0xFF,
    0xFF,0xFF,0x40,0x00,0x00,0x04,0xFF,0xFF,0xFF,0xFF,0xE1,0x00,0x00,0x00,0x00,0x2F,
    0xFF,0xFF,0xFF,0xFF,0xD0,0x00,0x00,0x0C,0xFF,0xFF,0xFF,0xFF,0x60,0x00,0x00,0x00,
    0x00,0x08,0xFF,0xFF,0xFF,0xFF,0xF7,0x00,0x00,0x7F,0xFF,0xFF,0xFF,0xFC,0x00,0x00,
    0x00,0x00,0x00,0x01,0xDF,0xFF,0xFF,0xFF,0xFE,0x20,0x01,0xEF,0xFF,0xFF,0xFF,0xF3,
    0x00,0x00,0x00,0x00,0x00,0x00,0x5F,0xFF,0xFF,0xFF,0xFF,0xA0,0x0A,0xFF,0xFF,0xFF,
    0xFF,0x90,0x00,0x00,0x00,0x00,0x00,0x00,0x0B,0xFF,0xFF,0xFF,0xFF,0xF4,0x4F,0xFF,
    0xFF,0xFF,0xFE,0x10,0x00,0x00,0x00,0x00,0x00,0x00,0x02,0xFF,0xFF,0xFF,0xFF,0xFD,
    0xDF,0xFF,0xFF,0xFF,0xF6,0x00,0x00,0x00,0x00,0x00,0x00,0x00,0x00,0x8F,0xFF,0xFF,
    0xFF,0xFF,0xFF,0xFF,0xFF,0xFF,0xC0,0x00,0x00,0x00,0x00,0x00,0x00,0x00,0x00,0x1D,
    0xFF,0xFF,0xFF,0xFF,0xFF,0xFF,0xFF,0xFF,0x40,0x00,0x00,0x00,0x00,0x00,0x00,0x00,
    0x00,0x05,0xFF,0xFF,0xFF,0xFF,0xFF,0xFF,0xFF,0xFA,0x00,0x00,0x00,0x00,0x00,0x00,
    0x00,0x00,0x00,0x00,0xBF,0xFF,0xFF,0xFF,0xFF,0xFF,0xFF,0xE1,0x00,0x00,0x00,0x00,
    0x00,0x00,0x00,0x00,0x00,0x00,0x2F,0xFF,0xFF,0xFF,0xFF,0xFF,0xFF,0x70,0x00,0x00,
    0x00,0x00,0x00,0x00,0x00,0x00,0x00,0x00,0x08,0xFF,0xFF,0xFF,0xFF,0xFF,0xFC,0x00,
    0x00,0x00,0x00,0x00,0x00,0x00,0x00,0x00,0x00,0x00,0x01,0xFF,0xFF,0xFF,0xFF,0xFF,
    0xF4,0x00,0x00,0x00,0x00,0x00,0x00,0x00,0x00,0x00,0x00,0x00,0x00,0x7F,0xFF,0xFF,
    0xFF,0xFF,0xF0,0x00,0x00,0x00,0x00,0x00,0x00,0x00,0x00,0x00,0x00,0x00,0x00,0x2F,
    0xFF,0xFF,0xFF,0xFF,0x70,0x00,0x00,0x00,0x00,0x00,0x00,0x00,0x00,0x00,0x00,0x00,
    0x00,0x2F,0xFF,0xFF,0xFF,0xFF,0x60,0x00,0x00,0x00,0x00,0x00,0x00,0x00,0x00,0x00,
    0x00,0x00,0x00,0x2F,0xFF,0xFF,0xFF,0xFF,0x60,0x00,0x00,0x00,0x00,0x00,0x00,0x00,
    0x00,0x00,0x00,0x00,0x00,0x2F,0xFF,0xFF,0xFF,0xFF,0x60,0x00,0x00,0x00,0x00,0x00,
    0x00,0x00,0x00,0x00,0x00,0x00,0x00,0x2F,0xFF,0xFF,0xFF,0xFF,0x60,0x00,0x00,0x00,
    0x00,0x00,0x00,0x00,0x00,0x00,0x00,0x00,0x00,0x2F,0xFF,0xFF,0xFF,0xFF,0x60,0x00,
    0x00,0x00,0x00,0x00,0x00,0x00,0x00,0x00,0x00,0x00,0x00,0x2F,0xFF,0xFF,0xFF,0xFF,
    0x60,0x00,0x00,0x00,0x00,0x00,0x00,0x00,0x00,0x00,0x00,0x00,0x00,0x2F,0xFF,0xFF,
    0xFF,0xFF,0x60,0x00,0x00,0x00,0x00,0x00,0x00,0x00,0x00,0x00,0x00,0x00,0x00,0x2F,
    0xFF,0xFF,0xFF,0xFF,0x60,0x00,0x00,0x00,0x00,0x00,0x00,0x00,0x00,0x00,0x00,0x00,
    0x00,0x2F,0xFF,0xFF,0xFF,0xFF,0x60,0x00,0x00,0x00,0x00,0x00,0x00,0x00,0x00,0x00,
    0x00,0x00,0x00,0x2F,0xFF,0xFF,0xFF,0xFF,0x60,0x00,0x00,0x00,0x00,0x00,0x00,0x00,
    0x00,0x00,0x00,0x00,0x00,0x2F,0xFF,0xFF,0xFF,0xFF,0x60,0x00,0x00,0x00,0x00,0x00,
    0x00,0x00,0x89,0x99,0x99,0x99,0x99,0x99,0x99,0x99,0x99,0x99,0x99,0x99,0x99,0x99,
    0x90,0x00,0x0D,0xFF,0xFF,0xFF,0xFF,0xFF,0xFF,0xFF,0xFF,0xFF,0xFF,0xFF,0xFF,0xFF,
    0xFF,0x10,0x00,0xDF,0xFF,0xFF,0xFF,0xFF,0xFF,0xFF,0xFF,0xFF,0xFF,0xFF,0xFF,0xFF,
    0xFF,0xF1,0x00,0x0D,0xFF,0xFF,0xFF,0xFF,0xFF,0xFF,0xFF,0xFF,0xFF,0xFF,0xFF,0xFF,
    0xFF,0xFF,0x10,0x00,0xDF,0xFF,0xFF,0xFF,0xFF,0xFF,0xFF,0xFF,0xFF,0xFF,0xFF,0xFF,
    0xFF,0xFF,0xF1,0x00,0x0D,0xFF,0xFF,0xFF,0xFF,0xFF,0xFF,0xFF,0xFF,0xFF,0xFF,0xFF,
    0xFF,0xFF,0xFF,0x10,0x00,0xDF,0xFF,0xFF,0xFF,0xFF,0xFF,0xFF,0xFF,0xFF,0xFF,0xFF,
    0xFF,0xFF,0xFF,0xD0,0x00,0x0C,0xEE,0xEE,0xEE,0xEE,0xEE,0xEE,0xEE,0xEF,0xFF,0xFF,
    0xFF,0xFF,0xFF,0xE2,0x00,0x00,0x00,0x00,0x00,0x00,0x00,0x00,0x00,0x01,0xCF,0xFF,
    0xFF,0xFF,0xFF,0xF4,0x00,0x00,0x00,0x00,0x00,0x00,0x00,0x00,0x00,0x00,0xAF,0xFF,
    0xFF,0xFF,0xFF,0xF6,0x00,0x00,0x00,0x00,0x00,0x00,0x00,0x00,0x00,0x00,0x8F,0xFF,
    0xFF,0xFF,0xFF,0xF8,0x00,0x00,0x00,0x00,0x00,0x00,0x00,0x00,0x00,0x00,0x6F,0xFF,
    0xFF,0xFF,0xFF,0xFB,0x00,0x00,0x00,0x00,0x00,0x00,0x00,0x00,0x00,0x00,0x4F,0xFF,
    0xFF,0xFF,0xFF,0xFC,0x10,0x00,0x00,0x00,0x00,0x00,0x00,0x00,0x00,0x00,0x2E,0xFF,
    0xFF,0xFF,0xFF,0xFE,0x20,0x00,0x00,0x00,0x00,0x00,0x00,0x00,0x00,0x00,0x1D,0xFF,
    0xFF,0xFF,0xFF,0xFF,0x30,0x00,0x00,0x00,0x00,0x00,0x00,0x00,0x00,0x00,0x0B,0xFF,
    0xFF,0xFF,0xFF,0xFF,0x50,0x00,0x00,0x00,0x00,0x00,0x00,0x00,0x00,0x00,0x09,0xFF,
    0xFF,0xFF,0xFF,0xFF,0x80,0x00,0x00,0x00,0x00,0x00,0x00,0x00,0x00,0x00,0x06,0xFF,
    0xFF,0xFF,0xFF,0xFF,0xA0,0x00,0x00,0x00,0x00,0x00,0x00,0x00,0x00,0x00,0x04,0xFF,
    0xFF,0xFF,0xFF,0xFF,0xC0,0x00,0x00,0x00,0x00,0x00,0x00,0x00,0x00,0x00,0x03,0xEF,
    0xFF,0xFF,0xFF,0xFF,0xD1,0x00,0x00,0x00,0x00,0x00,0x00,0x00,0x00,0x00,0x01,0xDF,
    0xFF,0xFF,0xFF,0xFF,0xE3,0x00,0x00,0x00,0x00,0x00,0x00,0x00,0x00,0x00,0x00,0xCF,
    0xFF,0xFF,0xFF,0xFF,0xF5,0x00,0x00,0x00,0x00,0x00,0x00,0x00,0x00,0x00,0x00,0xAF,
    0xFF,0xFF,0xFF,0xFF,0xF7,0x00,0x00,0x00,0x00,0x00,0x00,0x00,0x00,0x00,0x00,0x7F,
    0xFF,0xFF,0xFF,0xFF,0xF9,0x00,0x00,0x00,0x00,0x00,0x00,0x00,0x00,0x00,0x00,0x5F,
    0xFF,0xFF,0xFF,0xFF,0xFB,0x00,0x00,0x00,0x00,0x00,0x00,0x00,0x00,0x00,0x00,0x3E,
    0xFF,0xFF,0xFF,0xFF,0xFD,0x10,0x00,0x00,0x00,0x00,0x00,0x00,0x00,0x00,0x00,0x2E,
    0xFF,0xFF,0xFF,0xFF,0xFF,0xA8,0x88,0x88,0x88,0x88,0x88,0x88,0x88,0x86,0x00,0x1C,
    0xFF,0xFF,0xFF,0xFF,0xFF,0xFF,0xFF,0xFF,0xFF,0xFF,0xFF,0xFF,0xFF,0xFF,0xC0,0x05,
    0xFF,0xFF,0xFF,0xFF,0xFF,0xFF,0xFF,0xFF,0xFF,0xFF,0xFF,0xFF,0xFF,0xFF,0xFC,0x00,
    0x5F,0xFF,0xFF,0xFF,0xFF,0xFF,0xFF,0xFF,0xFF,0xFF,0xFF,0xFF,0xFF,0xFF,0xFF,0xC0,
    0x05,0xFF,0xFF,0xFF,0xFF,0xFF,0xFF,0xFF,0xFF,0xFF,0xFF,0xFF,0xFF,0xFF,0xFF,0xFC,
    0x00,0x5F,0xFF,0xFF,0xFF,0xFF,0xFF,0xFF,0xFF,0xFF,0xFF,0xFF,0xFF,0xFF,0xFF,0xFF,
    0xC0,0x05,0xFF,0xFF,0xFF,0xFF,0xFF,0xFF,0xFF,0xFF,0xFF,0xFF,0xFF,0xFF,0xFF,0xFF,
    0xFC,0x00,0x5F,0xFF,0xFF,0xFF,0xFF,0xFF,0xFF,0xFF,0xFF,0xFF,0xFF,0xFF,0xFF,0xFF,
    0xFF,0xC0,0x00,0x06,0x99,0x99,0x99,0x99,0x99,0x99,0x99,0x00,0x00,0x9F,0xFF,0xFF,
    0xFF,0xFF,0xFF,0xFF,0xF1,0x00,0x09,0xFF,0xFF,0xFF,0xFF,0xFF,0xFF,0xFF,0x10,0x00,
    0x9F,0xFF,0xFF,0xFF,0xFF,0xFF,0xFF,0xF1,0x00,0x09,0xFF,0xFF,0xFF,0xFF,0xFF,0xFF,
    0xFF,0x10,0x00,0x9F,0xFF,0xFF,0xFF,0xFF,0xFF,0xFF,0xF1,0x00,0x09,0xFF,0xFF,0xFF,
    0xFF,0xFF,0xFF,0xFF,0x10,0x00,0x9F,0xFF,0xFF,0xFF,0xFA,0x55,0x55,0x50,0x00,0x09,
    0xFF,0xFF,0xFF,0xFF,0x80,0x00,0x00,0x00,0x00,0x9F,0xFF,0xFF,0xFF,0xF8,0x00,0x00,
    0x00,0x00,0x09,0xFF,0xFF,0xFF,0xFF,0x80,0x00,0x00,0x00,0x00,0x9F,0xFF,0xFF,0xFF,
    0xF8,0x00,0x00,0x00,0x00,0x09,0xFF,0xFF,0xFF,0xFF,0x80,0x00,0x00,0x00,0x00,0x9F,
    0xFF,0xFF,0xFF,0xF8,0x00,0x00,0x00,0x00,0x09,0xFF,0xFF,0xFF,0xFF,0x80,0x00,0x00,
    0x00,0x00,0x9F,0xFF,0xFF,0xFF,0xF8,0x00,0x00,0x00,0x00,0x09,0xFF,0xFF,0xFF,0xFF,
    0x80,0x00,0x00,0x00,0x00,0x9F,0xFF,0xFF,0xFF,0xF8,0x00,0x00,0x00,0x00,0x09,0xFF,
    0xFF,0xFF,0xFF,0x80,0x00,0x00,0x00,0x00,0x9F,0xFF,0xFF,0xFF,0xF8,0x00,0x00,0x00,
    0x00,0x09,0xFF,0xFF,0xFF,0xFF,0x80,0x00,0x00,0x00,0x00,0x9F,0xFF,0xFF,0xFF,0xF8,
    0x00,0x00,0x00,0x00,0x09,0xFF,0xFF,0xFF,0xFF,0x80,0x00,0x00,0x00,0x00,0x9F,0xFF,
    0xFF,0xFF,0xF8,0x00,0x00,0x00,0x00,0x09,0xFF,0xFF,0xFF,0xFF,0x80,0x00,0x00,0x00,
    0x00,0x9F,0xFF,0xFF,0xFF,0xF8,0x00,0x00,0x00,0x00,0x09,0xFF,0xFF,0xFF,0xFF,0x80,
    0x00,0x00,0x00,0x00,0x9F,0xFF,0xFF,0xFF,0xF8,0x00,0x00,0x00,0x00,0x09,0xFF,0xFF,
    0xFF,0xFF,0x80,0x00,0x00,0x00,0x00,0x9F,0xFF,0xFF,0xFF,0xF8,0x00,0x00,0x00,0x00,
    0x09,0xFF,0xFF,0xFF,0xFF,0x80,0x00,0x00,0x00,0x00,0x9F,0xFF,0xFF,0xFF,0xF8,0x00,
    0x00,0x00,0x00,0x09,0xFF,0xFF,0xFF,0xFF,0x80,0x00,0x00,0x00,0x00,0x9F,0xFF,0xFF,
    0xFF,0xF8,0x00,0x00,0x00,0x00,0x09,0xFF,0xFF,0xFF,0xFF,0x80,0x00,0x00,0x00,0x00,
    0x9F,0xFF,0xFF,0xFF,0xF8,0x00,0x00,0x00,0x00,0x09,0xFF,0xFF,0xFF,0xFF,0x80,0x00,
    0x00,0x00,0x00,0x9F,0xFF,0xFF,0xFF,0xF8,0x00,0x00,0x00,0x00,0x09,0xFF,0xFF,0xFF,
    0xFF,0xCA,0xAA,0xAA,0x00,0x00,0x9F,0xFF,0xFF,0xFF,0xFF,0xFF,0xFF,0xF1,0x00,0x09,
    0xFF,0xFF,0xFF,0xFF,0xFF,0xFF,0xFF,0x10,0x00,0x9F,0xFF,0xFF,0xFF,0xFF,0xFF,0xFF,
    0xF1,0x00,0x09,0xFF,0xFF,0xFF,0xFF,0xFF,0xFF,0xFF,0x10,0x00,0x9F,0xFF,0xFF,0xFF,
    0xFF,0xFF,0xFF,0xF1,0x00,0x09,0xFF,0xFF,0xFF,0xFF,0xFF,0xFF,0xFF,0x10,0x00,0x35,
    0x55,0x55,0x55,0x55,0x55,0x55,0x50,0x16,0x66,0x66,0x66,0x60,0x00,0x00,0x00,0x00,
    0x00,0x00,0x00,0x00,0xEF,0xFF,0xFF,0xFF,0x30,0x00,0x00,0x00,0x00,0x00,0x00,0x00,
    0x08,0xFF,0xFF,0xFF,0xF8,0x00,0x00,0x00,0x00,0x00,0x00,0x00,0x00,0x3F,0xFF,0xFF,
    0xFF,0xD0,0x00,0x00,0x00,0x00,0x00,0x00,0x00,0x00,0xDF,0xFF,0xFF,0xFF,0x30,0x00,
    0x00,0x00,0x00,0x00,0x00,0x00,0x08,0xFF,0xFF,0xFF,0xF9,0x00,0x00,0x00,0x00,0x00,
    0x00,0x00,0x00,0x2F,0xFF,0xFF,0xFF,0xE0,0x00,0x00,0x00,0x00,0x00,0x00,0x00,0x00,
    0xCF,0xFF,0xFF,0xFF,0x40,0x00,0x00,0x00,0x00,0x00,0x00,0x00,0x07,0xFF,0xFF,0xFF,
    0xFA,0x00,0x00,0x00,0x00,0x00,0x00,0x00,0x00,0x2F,0xFF,0xFF,0xFF,0xE1,0x00,0x00,
    0x00,0x00,0x00,0x00,0x00,0x00,0xBF,0xFF,0xFF,0xFF,0x50,0x00,0x00,0x00,0x00,0x00,
    0x00,0x00,0x06,0xFF,0xFF,0xFF,0xFA,0x00,0x00,0x00,0x00,0x00,0x00,0x00,0x00,0x1F,
    0xFF,0xFF,0xFF,0xF1,0x00,0x00,0x00,0x00,0x00,0x00,0x00,0x00,0xBF,0xFF,0xFF,0xFF,
    0x60,0x00,0x00,0x00,0x00,0x00,0x00,0x00,0x05,0xFF,0xFF,0xFF,0xFB,0x00,0x00,0x00,
    0x00,0x00,0x00,0x00,0x00,0x1E,0xFF,0xFF,0xFF,0xF1,0x00,0x00,0x00,0x00,0x00,0x00,
    0x00,0x00,0xAF,0xFF,0xFF,0xFF,0x70,0x00,0x00,0x00,0x00,0x00,0x00,0x00,0x05,0xFF,
    0xFF,0xFF,0xFC,0x00,0x00,0x00,0x00,0x00,0x00,0x00,0x00,0x0E,0xFF,0xFF,0xFF,0xF2,
    0x00,0x00,0x00,0x00,0x00,0x00,0x00,0x00,0x9F,0xFF,0xFF,0xFF,0x70,0x00,0x00,0x00,
    0x00,0x00,0x00,0x00,0x04,0xFF,0xFF,0xFF,0xFD,0x00,0x00,0x00,0x00,0x00,0x00,0x00,
    0x00,0x0D,0xFF,0xFF,0xFF,0xF3,0x00,0x00,0x00,0x00,0x00,0x00,0x00,0x00,0x8F,0xFF,
    0xFF,0xFF,0x80,0x00,0x00,0x00,0x00,0x00,0x00,0x00,0x03,0xFF,0xFF,0xFF,0xFD,0x00,
    0x00,0x00,0x00,0x00,0x00,0x00,0x00,0x0D,0xFF,0xFF,0xFF,0xF4,0x00,0x00,0x00,0x00,
    0x00,0x00,0x00,0x00,0x8F,0xFF,0xFF,0xFF,0x90,0x00,0x00,0x00,0x00,0x00,0x00,0x00,
    0x02,0xFF,0xFF,0xFF,0xFE,0x00,0x00,0x00,0x00,0x00,0x00,0x00,0x00,0x0C,0xFF,0xFF,
    0xFF,0xF4,0x00,0x00,0x00,0x00,0x00,0x00,0x00,0x00,0x7F,0xFF,0xFF,0xFF,0xA0,0x00,
    0x00,0x00,0x00,0x00,0x00,0x00,0x02,0xFF,0xFF,0xFF,0xFE,0x10,0x00,0x00,0x00,0x00,
    0x00,0x00,0x00,0x0B,0xFF,0xFF,0xFF,0xF5,0x00,0x00,0x00,0x00,0x00,0x00,0x00,0x00,
    0x6F,0xFF,0xFF,0xFF,0xA0,0x00,0x00,0x00,0x00,0x00,0x00,0x00,0x01,0xFF,0xFF,0xFF,
    0xFF,0x10,0x00,0x00,0x00,0x00,0x00,0x00,0x00,0x0B,0xFF,0xFF,0xFF,0xF6,0x00,0x00,
    0x00,0x00,0x00,0x00,0x00,0x00,0x5F,0xFF,0xFF,0xFF,0xB0,0x00,0x00,0x00,0x00,0x00,
    0x00,0x00,0x01,0xEF,0xFF,0xFF,0xFF,0x20,0x00,0x00,0x00,0x00,0x00,0x00,0x00,0x0A,
    0xFF,0xFF,0xFF,0xF7,0x00,0x00,0x00,0x00,0x00,0x00,0x00,0x00,0x5F,0xFF,0xFF,0xFF,
    0xC0,0x00,0x00,0x00,0x00,0x00,0x00,0x00,0x00,0xEF,0xFF,0xFF,0xFF,0x20,0x00,0x00,
    0x00,0x00,0x00,0x00,0x00,0x09,0xFF,0xFF,0xFF,0xF7,0x00,0x00,0x00,0x00,0x00,0x00,
    0x00,0x00,0x4F,0xFF,0xFF,0xFF,0xD0,0x00,0x00,0x00,0x00,0x00,0x00,0x00,0x00,0xDF,
    0xFF,0xFF,0xFF,0x30,0x00,0x00,0x00,0x00,0x00,0x00,0x00,0x08,0xFF,0xFF,0xFF,0xF8,
    0x00,0x00,0x00,0x00,0x00,0x00,0x00,0x00,0x3F,0xFF,0xFF,0xFF,0xD0,0x00,0x00,0x00,
    0x00,0x00,0x00,0x00,0x00,0xDF,0xFF,0xFF,0xFF,0x40,0x00,0x00,0x00,0x00,0x00,0x00,
    0x00,0x06,0xCC,0xCC,0xCC,0xC7,0x49,0x99,0x99,0x99,0x99,0x99,0x99,0x93,0x00,0x06,
    0xFF,0xFF,0xFF,0xFF,0xFF,0xFF,0xFF,0x40,0x00,0x6F,0xFF,0xFF,0xFF,0xFF,0xFF,0xFF,
    0xF4,0x00,0x06,0xFF,0xFF,0xFF,0xFF,0xFF,0xFF,0xFF,0x40,0x00,0x6F,0xFF,0xFF,0xFF,
    0xFF,0xFF,0xFF,0xF4,0x00,0x06,0xFF,0xFF,0xFF,0xFF,0xFF,0xFF,0xFF,0x40,0x00,0x6F,
    0xFF,0xFF,0xFF,0xFF,0xFF,0xFF,0xF4,0x00,0x02,0x55,0x55,0x5E,0xFF,0xFF,0xFF,0xFF,
    0x40,0x00,0x00,0x00,0x00,0xDF,0xFF,0xFF,0xFF,0xF4,0x00,0x00,0x00,0x00,0x0D,0xFF,
    0xFF,0xFF,0xFF,0x40,0x00,0x00,0x00,0x00,0xDF,0xFF,0xFF,0xFF,0xF4,0x00,0x00,0x00,
    0x00,0x0D,0xFF,0xFF,0xFF,0xFF,0x40,0x00,0x00,0x00,0x00,0xDF,0xFF,0xFF,0xFF,0xF4,
    0x00,0x00,0x00,0x00,0x0D,0xFF,0xFF,0xFF,0xFF,0x40,0x00,0x00,0x00,0x00,0xDF,0xFF,
    0xFF,0xFF,0xF4,0x00,0x00,0x00,0x00,0x0D,0xFF,0xFF,0xFF,0xFF,0x40,0x00,0x00,0x00,
    0x00,0xDF,0xFF,0xFF,0xFF,0xF4,0x00,0x00,0x00,0x00,0x0D,0xFF,0xFF,0xFF,0xFF,0x40,
    0x00,0x00,0x00,0x00,0xDF,0xFF,0xFF,0xFF,0xF4,0x00,0x00,0x00,0x00,0x0D,0xFF,0xFF,
    0xFF,0xFF,0x40,0x00,0x00,0x00,0x00,0xDF,0xFF,0xFF,0xFF,0xF4,0x00,0x00,0x00,0x00,
    0x0D,0xFF,0xFF,0xFF,0xFF,0x40,0x00,0x00,0x00,0x00,0xDF,0xFF,0xFF,0xFF,0xF4,0x00,
    0x00,0x00,0x00,0x0D,0xFF,0xFF,0xFF,0xFF,0x40,0x00,0x00,0x00,0x00,0xDF,0xFF,0xFF,
    0xFF,0xF4,0x00,0x00,0x00,0x00,0x0D,0xFF,0xFF,0xFF,0xFF,0x40,0x00,0x00,0x00,0x00,
    0xDF,0xFF,0xFF,0xFF,0xF4,0x00,0x00,0x00,0x00,0x0D,0xFF,0xFF,0xFF,0xFF,0x40,0x00,
    0x00,0x00,0x00,0xDF,0xFF,0xFF,0xFF,0xF4,0x00,0x00,0x00,0x00,0x0D,0xFF,0xFF,0xFF,
    0xFF,0x40,0x00,0x00,0x00,0x00,0xDF,0xFF,0xFF,0xFF,0xF4,0x00,0x00,0x00,0x00,0x0D,
    0xFF,0xFF,0xFF,0xFF,0x40,0x00,0x00,0x00,0x00,0xDF,0xFF,0xFF,0xFF,0xF4,0x00,0x00,
    0x00,0x00,0x0D,0xFF,0xFF,0xFF,0xFF,0x40,0x00,0x00,0x00,0x00,0xDF,0xFF,0xFF,0xFF,
    0xF4,0x00,0x00,0x00,0x00,0x0D,0xFF,0xFF,0xFF,0xFF,0x40,0x00,0x00,0x00,0x00,0xDF,
    0xFF,0xFF,0xFF,0xF4,0x00,0x00,0x00,0x00,0x0D,0xFF,0xFF,0xFF,0xFF,0x40,0x00,0x4A,
    0xAA,0xAA,0xEF,0xFF,0xFF,0xFF,0xF4,0x00,0x06,0xFF,0xFF,0xFF,0xFF,0xFF,0xFF,0xFF,
    0x40,0x00,0x6F,0xFF,0xFF,0xFF,0xFF,0xFF,0xFF,0xF4,0x00,0x06,0xFF,0xFF,0xFF,0xFF,
    0xFF,0xFF,0xFF,0x40,0x00,0x6F,0xFF,0xFF,0xFF,0xFF,0xFF,0xFF,0xF4,0x00,0x06,0xFF,
    0xFF,0xFF,0xFF,0xFF,0xFF,0xFF,0x40,0x00,0x6F,0xFF,0xFF,0xFF,0xFF,0xFF,0xFF,0xF4,
    0x00,0x02,0x55,0x55,0x55,0x55,0x55,0x55,0x55,0x10,0x00,0x00,0x00,0x00,0x00,0x00,
    0x2D,0xDD,0xDD,0xDD,0x60,0x00,0x00,0x00,0x00,0x00,0x00,0x00,0x00,0x00,0x09,0xFF,
    0xFF,0xFF,0xFD,0x00,0x00,0x00,0x00,0x00,0x00,0x00,0x00,0x00,0x01,0xEF,0xFF,0xFF,
    0xFF,0xF4,0x00,0x00,0x00,0x00,0x00,0x00,0x00,0x00,0x00,0x7F,0xFF,0xFF,0xFF,0xFF,
    0xB0,0x00,0x00,0x00,0x00,0x00,0x00,0x00,0x00,0x0D,0xFF,0xFF,0xFF,0xFF,0xFF,0x30,
    0x00,0x00,0x00,0x00,0x00,0x00,0x00,0x05,0xFF,0xFF,0xFF,0xFF,0xFF,0xF9,0x00,0x00,
    0x00,0x00,0x00,0x00,0x00,0x00,0xBF,0xFF,0xFF,0xFF,0xFF,0xFF,0xE1,0x00,0x00,0x00,
    0x00,0x00,0x00,0x00,0x3F,0xFF,0xFF,0xFA,0xFF,0xFF,0xFF,0x70,0x00,0x00,0x00,0x00,
    0x00,0x00,0x09,0xFF,0xFF,0xFF,0x1C,0xFF,0xFF,0xFD,0x00,0x00,0x00,0x00,0x00,0x00,
    0x01,0xFF,0xFF,0xFF,0xA0,0x6F,0xFF,0xFF,0xF5,0x00,0x00,0x00,0x00,0x00,0x00,0x7F,
    0xFF,0xFF,0xF3,0x01,0xEF,0xFF,0xFF,0xC0,0x00,0x00,0x00,0x00,0x00,0x0E,0xFF,0xFF,
    0xFC,0x00,0x08,0xFF,0xFF,0xFF,0x30,0x00,0x00,0x00,0x00,0x05,0xFF,0xFF,0xFF,0x60,
    0x00,0x2F,0xFF,0xFF,0xFA,0x00,0x00,0x00,0x00,0x00,0xCF,0xFF,0xFF,0xE1,0x00,0x00,
    0xBF,0xFF,0xFF,0xF1,0x00,0x00,0x00,0x00,0x4F,0xFF,0xFF,0xF9,0x00,0x00,0x05,0xFF,
    0xFF,0xFF,0x80,0x00,0x00,0x00,0x0A,0xFF,0xFF,0xFF,0x20,0x00,0x00,0x0D,0xFF,0xFF,
    0xFE,0x00,0x00,0x00,0x02,0xFF,0xFF,0xFF,0xB0,0x00,0x00,0x00,0x7F,0xFF,0xFF,0xF6,
    0x00,0x00,0x00,0x8F,0xFF,0xFF,0xF5,0x00,0x00,0x00,0x01,0xFF,0xFF,0xFF,0xC0,0x00,
    0x00,0x1E,0xFF,0xFF,0xFD,0x00,0x00,0x00,0x00,0x0A,0xFF,0xFF,0xFF,0x40,0x00,0x06,
    0xFF,0xFF,0xFF,0x70,0x00,0x00,0x00,0x00,0x3F,0xFF,0xFF,0xFA,0x00,0x00,0x34,0x44,
    0x44,0x41,0x00,0x00,0x00,0x00,0x00,0x44,0x44,0x44,0x40,0x00,0x00,0x00,0x00,0x00,
    0x00,0x00,0x00,0x00,0x00,0x00,0x00,0x00,0x00,0x00,0x00,0x00,0x00,0x00,0x00,0x00,
    0x00,0x00,0x00,0x00,0x00,0x00,0x00,0x00,0x00,0x00,0x00,0x00,0x00,0x00,0x00,0x00,
    0x00,0x00,0x00,0x00,0x00,0x00,0x00,0x00,0x00,0x00,0x00,0x00,0x00,0x00,0x00,0x00,
    0x00,0x00,0x00,0x00,0x00,0x00,0x00,0x00,0x00,0x00,0x00,0x00,0x00,0x00,0x00,0x00,
    0x00,0x00,0x00,0x00,0x00,0x00,0x00,0x00,0x00,0x00,0x00,0x00,0x00,0x00,0x00,0x00,
    0x00,0x00,0x00,0xFF,0xFF,0xFF,0xFF,0xFF,0xFF,0xFF,0xFF,0xFF,0xFF,0xFF,0xFF,0xFF,
    0xFF,0xFF,0xFF,0xFF,0xFF,0xFF,0xFF,0xFF,0xFF,0xFF,0xFF,0xFF,0xFF,0xFF,0xFF,0xFF,
    0xFF,0xFF,0xFF,0xFF,0xFF,0xFF,0xFF,0xFF,0xFF,0xFF,0xFF,0xFF,0xFF,0xFF,0xFF,0xFF,
    0xFF,0xFF,0xFF,0xFF,0xFF,0xFF,0xFF,0xFF,0xFF,0xFF,0xFF,0xFF,0xFF,0xFF,0xFF,0x00,
    0x00,0x00,0x00,0x00,0x00,0x00,0x00,0x00,0x00,0x00,0x00,0x00,0x01,0x66,0x66,0x66,
    0x66,0x50,0x00,0x00,0x00,0x00,0x00,0x00,0x00,0x00,0x00,0x05,0xEF,0xFF,0xFF,0xFF,
    0x70,0x00,0x00,0x00,0x00,0x00,0x00,0x00,0x00,0x00,0x03,0xDF,0xFF,0xFF,0xFF,0x60,
    0x00,0x00,0x00,0x00,0x00,0x00,0x00,0x00,0x00,0x01,0xBF,0xFF,0xFF,0xFF,0x40,0x00,
    0x00,0x00,0x00,0x00,0x00,0x00,0x00,0x00,0x00,0x9F,0xFF,0xFF,0xFE,0x30,0x00,0x00,
    0x00,0x00,0x00,0x00,0x00,0x00,0x00,0x00,0x6F,0xFF,0xFF,0xFD,0x20,0x00,0x00,0x00,
    0x00,0x00,0x00,0x00,0x00,0x00,0x00,0x3D,0xFF,0xFF,0xFC,0x10,0x00,0x00,0x00,0x00,
    0x00,0x00,0x00,0x00,0x00,0x00,0x1B,0xDD,0xDD,0xD9,0x00,0x00,0x00,0x00,0x00,0x00,
    0x00,0x00,0x00,0x00,0x00,0x00,0x00,0x00,0x00,0x00,0x00,0x00,0x00,0x00,0x00,0x00,
    0x00,0x00,0x00,0x00,0x00,0x00,0x00,0x00,0x00,0x00,0x00,0x00,0x00,0x00,0x00,0x00,
    0x00,0x00,0x00,0x00,0x00,0x00,0x00,0x00,0x00,0x00,0x00,0x00,0x00,0x00,0x00,0x00,
    0x00,0x00,0x00,0x00,0x00,0x00,0x00,0x00,0x00,0x00,0x00,0x00,0x00,0x00,0x00,0x00,
    0x00,0x00,0x00,0x00,0x00,0x00,0x00,0x00,0x00,0x00,0x00,0x00,0x00,0x00,0x00,0x00,
    0x00,0x00,0x00,0x00,0x00,0x00,0x00,0x00,0x00,0x00,0x00,0x00,0x00,0x00,0x00,0x00,
    0x00,0x00,0x00,0x00,0x00,0x00,0x00,0x00,0x00,0x00,0x00,0x00,0x00,0x00,0x00,0x00,
    0x00,0x00,0x00,0x00,0x00,0x00,0x00,0x00,0x00,0x00,0x00,0x00,0x00,0x00,0x00,0x00,
    0x00,0x00,0x00,0x00,0x00,0x00,0x00,0x00,0x00,0x00,0x00,0x00,0x00,0x00,0x00,0x00,
    0x00,0x00,0x00,0x00,0x00,0x00,0x00,0x00,0x00,0x00,0x00,0x00,0x00,0x00,0x00,0x00,
    0x00,0x00,0x00,0x00,0x00,0x00,0x00,0x00,0x00,0x00,0x00,0x00,0x00,0x00,0x00,0x00,
    0x00,0x00,0x00,0x00,0x00,0x00,0x00,0x00,0x00,0x00,0x00,0x00,0x00,0x00,0x00,0x00,
    0x00,0x00,0x00,0x00,0x00,0x00,0x00,0x00,0x00,0x00,0x00,0x00,0x00,0x00,0x00,0x00,
    0x00,0x00,0x00,0x00,0x00,0x00,0x00,0x00,0x00,0x00,0x00,0x00,0x00,0x00,0x00,0x00,
    0x00,0x00,0x00,0x00,0x00,0x00,0x00,0x00,0x00,0x00,0x00,0x00,0x00,0x00,0x00,0x00,
    0x00,0x00,0x00,0x00,0x00,0x00,0x00,0x00,0x00,0x00,0x00,0x00,0x00,0x00,0x00,0x00,
    0x00,0x00,0x00,0x00,0x00,0x00,0x00,0x00,0x00,0x00,0x00,0x00,0x00,0x00,0x00,0x00,
    0x00,0x00,0x00,0x00,0x00,0x00,0x00,0x00,0x00,0x00,0x00,0x00,0x00,0x00,0x00,0x00,
    0x00,0x00,0x00,0x00,0x00,0x00,0x00,0x00,0x00,0x00,0x00,0x00,0x00,0x00,0x00,0x00,
    0x00,0x00,0x00,0x00,0x00,0x00,0x00,0x00,0x00,0x00,0x00,0x00,0x00,0x00,0x00,0x00,
    0x00,0x00,0x00,0x00,0x00,0x00,0x00,0x00,0x00,0x00,0x00,0x00,0x00,0x00,0x00,0x00,
    0x00,0x00,0x00,0x00,0x00,0x00,0x00,0x00,0x00,0x00,0x00,0x00,0x00,0x00,0x00,0x00,
    0x00,0x00,0x00,0x00,0x00,0x00,0x00,0x00,0x00,0x00,0x00,0x00,0x00,0x00,0x00,0x00,
    0x00,0x00,0x00,0x00,0x00,0x00,0x00,0x00,0x00,0x00,0x00,0x00,0x00,0x00,0x00,0x00,
    0x00,0x00,0x00,0x00,0x00,0x00,0x00,0x00,0x00,0x00,0x00,0x00,0x00,0x00,0x00,0x00,
    0x00,0x00,0x00,0x00,0x00,0x00,0x00,0x00,0x00,0x00,0x00,0x00,0x00,0x00,0x00,0x00,
    0x00,0x00,0x00,0x00,0x00,0x00,0x00,0x00,0x00,0x34,0x56,0x65,0x42,0x00,0x00,0x00,
    0x00,0x00,0x00,0x00,0x00,0x00,0x38,0xCF,0xFF,0xFF,0xFF,0xFF,0xEB,0x61,0x00,0x00,
    0x00,0x00,0x00,0x00,0x7D,0xFF,0xFF,0xFF,0xFF,0xFF,0xFF,0xFF,0xFE,0x60,0x00,0x00,
    0x00,0x00,0x3D,0xFF,0xFF,0xFF,0xFF,0xFF,0xFF,0xFF,0xFF,0xFF,0xFB,0x10,0x00,0x00,
    0x00,0x1E,0xFF,0xFF,0xFF,0xFF,0xFF,0xFF,0xFF,0xFF,0xFF,0xFF,0xB0,0x00,0x00,0x00,
    0x08,0xFF,0xFF,0xFF,0xFF,0xFF,0xFF,0xFF,0xFF,0xFF,0xFF,0xF8,0x00,0x00,0x00,0x01,
    0xEF,0xFF,0xFF,0xFF,0xFF,0xFF,0xFF,0xFF,0xFF,0xFF,0xFF,0x20,0x00,0x00,0x00,0x8F,
    0xFF,0xFE,0xB9,0x89,0xBE,0xFF,0xFF,0xFF,0xFF,0xFF,0x80,0x00,0x00,0x00,0x1E,0xFA,
    0x40,0x00,0x00,0x00,0x7F,0xFF,0xFF,0xFF,0xFF,0xC0,0x00,0x00,0x00,0x06,0x30,0x00,
    0x00,0x00,0x00,0x08,0xFF,0xFF,0xFF,0xFF,0xF1,0x00,0x00,0x00,0x00,0x00,0x00,0x00,
    0x00,0x00,0x01,0xFF,0xFF,0xFF,0xFF,0xF2,0x00,0x00,0x00,0x00,0x00,0x02,0x45,0x56,
    0x66,0x66,0xFF,0xFF,0xFF,0xFF,0xF3,0x00,0x00,0x00,0x01,0x6B,0xEF,0xFF,0xFF,0xFF,
    0xFF,0xFF,0xFF,0xFF,0xFF,0xF4,0x00,0x00,0x00,0x7E,0xFF,0xFF,0xFF,0xFF,0xFF,0xFF,
    0xFF,0xFF,0xFF,0xFF,0xF5,0x00,0x00,0x0A,0xFF,0xFF,0xFF,0xFF,0xFF,0xFF,0xFF,0xFF,
    0xFF,0xFF,0xFF,0xF5,0x00,0x00,0x7F,0xFF,0xFF,0xFF,0xFF,0xFF,0xFF,0xFF,0xFF,0xFF,
    0xFF,0xFF,0xF5,0x00,0x00,0xEF,0xFF,0xFF,0xFF,0xFD,0x97,0x66,0x66,0xFF,0xFF,0xFF,
    0xFF,0xF5,0x00,0x04,0xFF,0xFF,0xFF,0xFF,0xC1,0x00,0x00,0x00,0xCF,0xFF,0xFF,0xFF,
    0xF5,0x00,0x07,0xFF,0xFF,0xFF,0xFF,0x60,0x00,0x00,0x00,0xDF,0xFF,0xFF,0xFF,0xF5,
    0x00,0x08,0xFF,0xFF,0xFF,0xFF,0x50,0x00,0x00,0x04,0xFF,0xFF,0xFF,0xFF,0xF5,0x00,
    0x07,0xFF,0xFF,0xFF,0xFF,0xC0,0x00,0x00,0x3E,0xFF,0xFF,0xFF,0xFF,0xF5,0x00,0x04,
    0xFF,0xFF,0xFF,0xFF,0xFD,0x75,0x6A,0xFF,0xFF,0xFF,0xFF,0xFF,0xF5,0x00,0x00,0xDF,
    0xFF,0xFF,0xFF,0xFF,0xFF,0xFF,0xFF,0xFF,0xFF,0xFF,0xFF,0xF5,0x00,0x00,0x6F,0xFF,
    0xFF,0xFF,0xFF,0xFF,0xFF,0xFF,0xFF,0xFF,0xFF,0xFF,0xF5,0x00,0x00,0x09,0xFF,0xFF,
    0xFF,0xFF,0xFF,0xFF,0xFF,0x7F,0xFF,0xFF,0xFF,0xF5,0x00,0x00,0x00,0x8F,0xFF,0xFF,
    0xFF,0xFF,0xFF,0xF5,0x3F,0xFF,0xFF,0xFF,0xF5,0x00,0x00,0x00,0x02,0x9E,0xFF,0xFF,
    0xFF,0xEA,0x20,0x3F,0xFF,0xFF,0xFF,0xF5,0x00,0x00,0x00,0x00,0x00,0x35,0x66,0x53,
    0x00,0x00,0x00,0x00,0x00,0x00,0x00,0x00,0x00,0x09,0x99,0x99,0x99,0x99,0x10,0x00,
    0x00,0x00,0x00,0x00,0x00,0x00,0x00,0x00,0x00,0x01,0xFF,0xFF,0xFF,0xFF,0xF1,0x00,
    0x00,0x00,0x00,0x00,0x00,0x00,0x00,0x00,0x00,0x00,0x1F,0xFF,0xFF,0xFF,0xFF,0x10,
    0x00,0x00,0x00,0x00,0x00,0x00,0x00,0x00,0x00,0x00,0x01,0xFF,0xFF,0xFF,0xFF,0xF1,
    0x00,0x00,0x00,0x00,0x00,0x00,0x00,0x00,0x00,0x00,0x00,0x1F,0xFF,0xFF,0xFF,0xFF,
    0x10,0x00,0x00,0x00,0x00,0x00,0x00,0x00,0x00,0x00,0x00,0x01,0xFF,0xFF,0xFF,0xFF,
    0xF1,0x00,0x00,0x00,0x00,0x00,0x00,0x00,0x00,0x00,0x00,0x00,0x1F,0xFF,0xFF,0xFF,
    0xFF,0x10,0x00,0x00,0x00,0x00,0x00,0x00,0x00,0x00,0x00,0x00,0x01,0xFF,0xFF,0xFF,
    0xFF,0xF1,0x00,0x00,0x00,0x00,0x00,0x00,0x00,0x00,0x00,0x00,0x00,0x1F,0xFF,0xFF,
    0xFF,0xFF,0x10,0x00,0x00,0x00,0x00,0x00,0x00,0x00,0x00,0x00,0x00,0x01,0xFF,0xFF,
    0xFF,0xFF,0xF1,0x00,0x02,0x56,0x76,0x41,0x00,0x00,0x00,0x00,0x00,0x00,0x1F,0xFF,
    0xFF,0xFF,0xFF,0x11,0x7D,0xFF,0xFF,0xFF,0xFC,0x60,0x00,0x00,0x00,0x00,0x01,0xFF,
    0xFF,0xFF,0xFF,0xF4,0xDF,0xFF,0xFF,0xFF,0xFF,0xFF,0xD5,0x00,0x00,0x00,0x00,0x1F,
    0xFF,0xFF,0xFF,0xFF,0xFF,0xFF,0xFF,0xFF,0xFF,0xFF,0xFF,0xF9,0x00,0x00,0x00,0x01,
    0xFF,0xFF,0xFF,0xFF,0xFF,0xFF,0xFF,0xFF,0xFF,0xFF,0xFF,0xFF,0xFA,0x00,0x00,0x00,
    0x1F,0xFF,0xFF,0xFF,0xFF,0xFF,0xFF,0xFF,0xFF,0xFF,0xFF,0xFF,0xFF,0xF7,0x00,0x00,
    0x01,0xFF,0xFF,0xFF,0xFF,0xFF,0xFF,0xFF,0xFF,0xFF,0xFF,0xFF,0xFF,0xFF,0xF2,0x00,
    0x00,0x1F,0xFF,0xFF,0xFF,0xFF,0xFF,0xFF,0xEC,0xEF,0xFF,0xFF,0xFF,0xFF,0xFF,0xA0,
    0x00,0x01,0xFF,0xFF,0xFF,0xFF,0xFF,0xF9,0x20,0x00,0x4C,0xFF,0xFF,0xFF,0xFF,0xFF,
    0x20,0x00,0x1F,0xFF,0xFF,0xFF,0xFF,0xF7,0x00,0x00,0x00,0x0A,0xFF,0xFF,0xFF,0xFF,
    0xF7,0x00,0x01,0xFF,0xFF,0xFF,0xFF,0xFB,0x00,0x00,0x00,0x00,0x1E,0xFF,0xFF,0xFF,
    0xFF,0xB0,0x00,0x1F,0xFF,0xFF,0xFF,0xFF,0x50,0x00,0x00,0x00,0x00,0x9F,0xFF,0xFF,
    0xFF,0xFD,0x00,0x01,0xFF,0xFF,0xFF,0xFF,0xF1,0x00,0x00,0x00,0x00,0x05,0xFF,0xFF,
    0xFF,0xFF,0xF0,0x00,0x1F,0xFF,0xFF,0xFF,0xFF,0x00,0x00,0x00,0x00,0x00,0x3F,0xFF,
    0xFF,0xFF,0xFF,0x10,0x01,0xFF,0xFF,0xFF,0xFF,0xF0,0x00,0x00,0x00,0x00,0x03,0xFF,
    0xFF,0xFF,0xFF,0xF1,0x00,0x1F,0xFF,0xFF,0xFF,0xFF,0x10,0x00,0x00,0x00,0x00,0x5F,
    0xFF,0xFF,0xFF,0xFF,0x00,0x01,0xFF,0xFF,0xFF,0xFF,0xF5,0x00,0x00,0x00,0x00,0x09,
    0xFF,0xFF,0xFF,0xFF,0xD0,0x00,0x1F,0xFF,0xFF,0xFF,0xFF,0xC0,0x00,0x00,0x00,0x01,
    0xEF,0xFF,0xFF,0xFF,0xFB,0x00,0x01,0xFF,0xFF,0xFF,0xFF,0xFF,0x80,0x00,0x00,0x00,
    0xBF,0xFF,0xFF,0xFF,0xFF,0x70,0x00,0x1F,0xFF,0xFF,0xFF,0xFF,0xFF,0xA3,0x00,0x04,
    0xCF,0xFF,0xFF,0xFF,0xFF,0xF2,0x00,0x01,0xFF,0xFF,0xFF,0xFF,0xFF,0xFF,0xFE,0xDF,
    0xFF,0xFF,0xFF,0xFF,0xFF,0xFA,0x00,0x00,0x1F,0xFF,0xFF,0xFF,0xFF,0xFF,0xFF,0xFF,
    0xFF,0xFF,0xFF,0xFF,0xFF,0xFE,0x20,0x00,0x01,0xFF,0xFF,0xFF,0xFF,0xFF,0xFF,0xFF,
    0xFF,0xFF,0xFF,0xFF,0xFF,0xFF,0x60,0x00,0x00,0x1F,0xFF,0xFF,0xFF,0xFF,0xFF,0xFF,
    0xFF,0xFF,0xFF,0xFF,0xFF,0xFF,0x90,0x00,0x00,0x01,0xFF,0xFF,0xFF,0xFF,0xEF,0xFF,
    0xFF,0xFF,0xFF,0xFF,0xFF,0xFF,0x80,0x00,0x00,0x00,0x1F,0xFF,0xFF,0xFF,0xF9,0x4E,
    0xFF,0xFF,0xFF,0xFF,0xFF,0xFD,0x40,0x00,0x00,0x00,0x01,0xFF,0xFF,0xFF,0xFF,0x90,
    0x18,0xDF,0xFF,0xFF,0xFF,0xB6,0x00,0x00,0x00,0x00,0x00,0x00,0x00,0x00,0x00,0x00,
    0x00,0x00,0x25,0x66,0x53,0x10,0x00,0x00,0x00,0x00,0x00,0x00,0x00,0x00,0x00,0x00,
    0x00,0x14,0x56,0x76,0x42,0x00,0x00,0x00,0x00,0x00,0x00,0x00,0x00,0x00,0x28,0xDF,
    0xFF,0xFF,0xFF,0xFE,0x94,0x00,0x00,0x00,0x00,0x00,0x00,0x02,0xBF,0xFF,0xFF,0xFF,
    0xFF,0xFF,0xFF,0xFB,0x20,0x00,0x00,0x00,0x00,0x07,0xFF,0xFF,0xFF,0xFF,0xFF,0xFF,
    0xFF,0xFF,0xFF,0x60,0x00,0x00,0x00,0x0A,0xFF,0xFF,0xFF,0xFF,0xFF,0xFF,0xFF,0xFF,
    0xFF,0xFF,0x60,0x00,0x00,0x0A,0xFF,0xFF,0xFF,0xFF,0xFF,0xFF,0xFF,0xFF,0xFF,0xFF,
    0xFF,0x30,0x00,0x06,0xFF,0xFF,0xFF,0xFF,0xFF,0xFF,0xFF,0xFF,0xFF,0xFF,0xFF,0xFC,
    0x00,0x01,0xEF,0xFF,0xFF,0xFF,0xFF,0xFF,0xDD,0xFF,0xFF,0xFF,0xFF,0xFF,0xF3,0x00,
    0x9F,0xFF,0xFF,0xFF,0xFF,0xE7,0x10,0x00,0x6D,0xFF,0xFF,0xFF,0xA3,0x00,0x0E,0xFF,
    0xFF,0xFF,0xFF,0xE3,0x00,0x00,0x00,0x2C,0xFF,0xFA,0x30,0x00,0x04,0xFF,0xFF,0xFF,
    0xFF,0xF6,0x00,0x00,0x00,0x00,0x3F,0xB3,0x00,0x00,0x00,0x7F,0xFF,0xFF,0xFF,0xFE,
    0x00,0x00,0x00,0x00,0x00,0x20,0x00,0x00,0x00,0x09,0xFF,0xFF,0xFF,0xFF,0xA0,0x00,
    0x00,0x00,0x00,0x00,0x00,0x00,0x00,0x00,0xAF,0xFF,0xFF,0xFF,0xF9,0x00,0x00,0x00,
    0x00,0x00,0x00,0x00,0x00,0x00,0x0A,0xFF,0xFF,0xFF,0xFF,0x90,0x00,0x00,0x00,0x00,
    0x00,0x00,0x00,0x00,0x00,0x9F,0xFF,0xFF,0xFF,0xFA,0x00,0x00,0x00,0x00,0x00,0x00,
    0x00,0x00,0x00,0x07,0xFF,0xFF,0xFF,0xFF,0xE0,0x00,0x00,0x00,0x00,0x02,0x00,0x00,
    0x00,0x00,0x4F,0xFF,0xFF,0xFF,0xFF,0x60,0x00,0x00,0x00,0x02,0xFB,0x40,0x00,0x00,
    0x00,0xEF,0xFF,0xFF,0xFF,0xFE,0x30,0x00,0x00,0x01,0xDF,0xFF,0xB3,0x00,0x00,0x08,
    0xFF,0xFF,0xFF,0xFF,0xFF,0x72,0x00,0x16,0xDF,0xFF,0xFF,0xFB,0x30,0x00,0x1E,0xFF,
    0xFF,0xFF,0xFF,0xFF,0xFE,0xDF,0xFF,0xFF,0xFF,0xFF,0xFF,0x30,0x00,0x6F,0xFF,0xFF,
    0xFF,0xFF,0xFF,0xFF,0xFF,0xFF,0xFF,0xFF,0xFF,0xC0,0x00,0x00,0x9F,0xFF,0xFF,0xFF,
    0xFF,0xFF,0xFF,0xFF,0xFF,0xFF,0xFF,0xF3,0x00,0x00,0x00,0xAF,0xFF,0xFF,0xFF,0xFF,
    0xFF,0xFF,0xFF,0xFF,0xFF,0xF6,0x00,0x00,0x00,0x00,0x7F,0xFF,0xFF,0xFF,0xFF,0xFF,
    0xFF,0xFF,0xFF,0xE5,0x00,0x00,0x00,0x00,0x00,0x2B,0xFF,0xFF,0xFF,0xFF,0xFF,0xFF,
    0xFF,0xB2,0x00,0x00,0x00,0x00,0x00,0x00,0x02,0x8C,0xFF,0xFF,0xFF,0xFF,0xD9,0x30,
    0x00,0x00,0x00,0x00,0x00,0x00,0x00,0x00,0x01,0x35,0x66,0x54,0x20,0x00,0x00,0x00,
    0x00,0x00,0x00,0x00,0x00,0x00,0x00,0x00,0x00,0x00,0x00,0x05,0x99,0x99,0x99,0x99,
    0x50,0x00,0x00,0x00,0x00,0x00,0x00,0x00,0x00,0x00,0x00,0x00,0x08,0xFF,0xFF,0xFF,
    0xFF,0x90,0x00,0x00,0x00,0x00,0x00,0x00,0x00,0x00,0x00,0x00,0x00,0x08,0xFF,0xFF,
    0xFF,0xFF,0x90,0x00,0x00,0x00,0x00,0x00,0x00,0x00,0x00,0x00,0x00,0x00,0x08,0xFF,
    0xFF,0xFF,0xFF,0x90,0x00,0x00,0x00,0x00,0x00,0x00,0x00,0x00,0x00,0x00,0x00,0x08,
    0xFF,0xFF,0xFF,0xFF,0x90,0x00,0x00,0x00,0x00,0x00,0x00,0x00,0x00,0x00,0x00,0x00,
    0x08,0xFF,0xFF,0xFF,0xFF,0x90,0x00,0x00,0x00,0x00,0x00,0x00,0x00,0x00,0x00,0x00,
    0x00,0x08,0xFF,0xFF,0xFF,0xFF,0x90,0x00,0x00,0x00,0x00,0x00,0x00,0x00,0x00,0x00,
    0x00,0x00,0x08,0xFF,0xFF,0xFF,0xFF,0x90,0x00,0x00,0x00,0x00,0x00,0x00,0x00,0x00,
    0x00,0x00,0x00,0x08,0xFF,0xFF,0xFF,0xFF,0x90,0x00,0x00,0x00,0x00,0x00,0x00,0x02,
    0x56,0x66,0x41,0x00,0x08,0xFF,0xFF,0xFF,0xFF,0x90,0x00,0x00,0x00,0x00,0x00,0x29,
    0xEF,0xFF,0xFF,0xFF,0xA3,0x08,0xFF,0xFF,0xFF,0xFF,0x90,0x00,0x00,0x00,0x00,0x19,
    0xFF,0xFF,0xFF,0xFF,0xFF,0xFF,0x88,0xFF,0xFF,0xFF,0xFF,0x90,0x00,0x00,0x00,0x03,
    0xDF,0xFF,0xFF,0xFF,0xFF,0xFF,0xFF,0xFF,0xFF,0xFF,0xFF,0xFF,0x90,0x00,0x00,0x00,
    0x3E,0xFF,0xFF,0xFF,0xFF,0xFF,0xFF,0xFF,0xFF,0xFF,0xFF,0xFF,0xFF,0x90,0x00,0x00,
    0x01,0xDF,0xFF,0xFF,0xFF,0xFF,0xFF,0xFF,0xFF,0xFF,0xFF,0xFF,0xFF,0xFF,0x90,0x00,
    0x00,0x09,0xFF,0xFF,0xFF,0xFF,0xFF,0xFF,0xFF,0xFF,0xFF,0xFF,0xFF,0xFF,0xFF,0x90,
    0x00,0x00,0x3F,0xFF,0xFF,0xFF,0xFF,0xFF,0xFD,0xDE,0xFF,0xFF,0xFF,0xFF,0xFF,0xFF,
    0x90,0x00,0x00,0x9F,0xFF,0xFF,0xFF,0xFF,0xF7,0x10,0x00,0x5D,0xFF,0xFF,0xFF,0xFF,
    0xFF,0x90,0x00,0x00,0xEF,0xFF,0xFF,0xFF,0xFF,0x40,0x00,0x00,0x01,0xDF,0xFF,0xFF,
    0xFF,0xFF,0x90,0x00,0x03,0xFF,0xFF,0xFF,0xFF,0xF8,0x00,0x00,0x00,0x00,0x3F,0xFF,
    0xFF,0xFF,0xFF,0x90,0x00,0x05,0xFF,0xFF,0xFF,0xFF,0xF2,0x00,0x00,0x00,0x00,0x0F,
    0xFF,0xFF,0xFF,0xFF,0x90,0x00,0x07,0xFF,0xFF,0xFF,0xFF,0xD0,0x00,0x00,0x00,0x00,
    0x0A,0xFF,0xFF,0xFF,0xFF,0x90,0x00,0x08,0xFF,0xFF,0xFF,0xFF,0xB0,0x00,0x00,0x00,
    0x00,0x08,0xFF,0xFF,0xFF,0xFF,0x90,0x00,0x08,0xFF,0xFF,0xFF,0xFF,0xB0,0x00,0x00,
    0x00,0x00,0x07,0xFF,0xFF,0xFF,0xFF,0x90,0x00,0x07,0xFF,0xFF,0xFF,0xFF,0xD0,0x00,
    0x00,0x00,0x00,0x09,0xFF,0xFF,0xFF,0xFF,0x90,0x00,0x05,0xFF,0xFF,0xFF,0xFF,0xF2,
    0x00,0x00,0x00,0x00,0x0D,0xFF,0xFF,0xFF,0xFF,0x90,0x00,0x03,0xFF,0xFF,0xFF,0xFF,
    0xF8,0x00,0x00,0x00,0x00,0x4F,0xFF,0xFF,0xFF,0xFF,0x90,0x00,0x00,0xEF,0xFF,0xFF,
    0xFF,0xFF,0x40,0x00,0x00,0x02,0xDF,0xFF,0xFF,0xFF,0xFF,0x90,0x00,0x00,0x9F,0xFF,
    0xFF,0xFF,0xFF,0xF8,0x20,0x01,0x6E,0xFF,0xFF,0xFF,0xFF,0xFF,0x90,0x00,0x00,0x2F,
    0xFF,0xFF,0xFF,0xFF,0xFF,0xFE,0xDF,0xFF,0xFF,0xFF,0xFF,0xFF,0xFF,0x90,0x00,0x00,
    0x09,0xFF,0xFF,0xFF,0xFF,0xFF,0xFF,0xFF,0xFF,0xFF,0xFF,0xFF,0xFF,0xFF,0x90,0x00,
    0x00,0x01,0xDF,0xFF,0xFF,0xFF,0xFF,0xFF,0xFF,0xFF,0xFF,0xFF,0xFF,0xFF,0xFF,0x90,
    0x00,0x00,0x00,0x2E,0xFF,0xFF,0xFF,0xFF,0xFF,0xFF,0xFF,0xFF,0xFF,0xFF,0xFF,0xFF,
    0x90,0x00,0x00,0x00,0x02,0xDF,0xFF,0xFF,0xFF,0xFF,0xFF,0xFF,0xFD,0xFF,0xFF,0xFF,
    0xFF,0x90,0x00,0x00,0x00,0x00,0x19,0xFF,0xFF,0xFF,0xFF,0xFF,0xFF,0xA2,0xFF,0xFF,
    0xFF,0xFF,0x90,0x00,0x00,0x00,0x00,0x00,0x28,0xDF,0xFF,0xFF,0xFF,0xB4,0x02,0xFF,
    0xFF,0xFF,0xFF,0x90,0x00,0x00,0x00,0x00,0x00,0x00,0x02,0x56,0x65,0x41,0x00,0x00,
    0x00,0x00,0x00,0x00,0x00,0x00,0x00,0x00,0x00,0x00,0x00,0x00,0x25,0x67,0x65,0x30,
    0x00,0x00,0x00,0x00,0x00,0x00,0x00,0x00,0x00,0x00,0x4A,0xEF,0xFF,0xFF,0xFF,0xEA,
    0x50,0x00,0x00,0x00,0x00,0x00,0x00,0x00,0x04,0xCF,0xFF,0xFF,0xFF,0xFF,0xFF,0xFF,
    0xD5,0x00,0x00,0x00,0x00,0x00,0x00,0x09,0xFF,0xFF,0xFF,0xFF,0xFF,0xFF,0xFF,0xFF,
    0xFA,0x10,0x00,0x00,0x00,0x00,0x1B,0xFF,0xFF,0xFF,0xFF,0xFF,0xFF,0xFF,0xFF,0xFF,
    0xFC,0x10,0x00,0x00,0x00,0x0B,0xFF,0xFF,0xFF,0xFF,0xFF,0xFF,0xFF,0xFF,0xFF,0xFF,
    0xFB,0x00,0x00,0x00,0x07,0xFF,0xFF,0xFF,0xFF,0xFF,0xFF,0xFF,0xFF,0xFF,0xFF,0xFF,
    0xF7,0x00,0x00,0x02,0xFF,0xFF,0xFF,0xFF,0xFE,0x73,0x12,0x5C,0xFF,0xFF,0xFF,0xFF,
    0xE1,0x00,0x00,0x9F,0xFF,0xFF,0xFF,0xFC,0x10,0x00,0x00,0x09,0xFF,0xFF,0xFF,0xFF,
    0x80,0x00,0x0E,0xFF,0xFF,0xFF,0xFE,0x20,0x00,0x00,0x00,0x0C,0xFF,0xFF,0xFF,0xFD,
    0x00,0x04,0xFF,0xFF,0xFF,0xFF,0x90,0x00,0x00,0x00,0x00,0x5F,0xFF,0xFF,0xFF,0xF2,
    0x00,0x7F,0xFF,0xFF,0xFF,0xFD,0x88,0x88,0x88,0x88,0x88,0xFF,0xFF,0xFF,0xFF,0x50,
    0x09,0xFF,0xFF,0xFF,0xFF,0xFF,0xFF,0xFF,0xFF,0xFF,0xFF,0xFF,0xFF,0xFF,0xF6,0x00,
    0xAF,0xFF,0xFF,0xFF,0xFF,0xFF,0xFF,0xFF,0xFF,0xFF,0xFF,0xFF,0xFF,0xFF,0x70,0x0A,
    0xFF,0xFF,0xFF,0xFF,0xFF,0xFF,0xFF,0xFF,0xFF,0xFF,0xFF,0xFF,0xFF,0xF7,0x00,0x9F,
    0xFF,0xFF,0xFF,0xFF,0xFF,0xFF,0xFF,0xFF,0xFF,0xFF,0xFF,0xFF,0xFF,0x70,0x07,0xFF,
    0xFF,0xFF,0xFF,0xD4,0x44,0x44,0x44,0x44,0x44,0x44,0x44,0x44,0x42,0x00,0x4F,0xFF,
    0xFF,0xFF,0xFE,0x10,0x00,0x00,0x00,0x00,0x00,0x00,0x00,0x00,0x00,0x00,0xEF,0xFF,
    0xFF,0xFF,0xFB,0x00,0x00,0x00,0x00,0x00,0x73,0x00,0x00,0x00,0x00,0x08,0xFF,0xFF,
    0xFF,0xFF,0xFC,0x30,0x00,0x00,0x04,0xCF,0xE2,0x00,0x00,0x00,0x00,0x1E,0xFF,0xFF,
    0xFF,0xFF,0xFF,0xDA,0x89,0xAD,0xFF,0xFF,0xD2,0x00,0x00,0x00,0x00,0x5F,0xFF,0xFF,
    0xFF,0xFF,0xFF,0xFF,0xFF,0xFF,0xFF,0xFF,0xD2,0x00,0x00,0x00,0x00,0x9F,0xFF,0xFF,
    0xFF,0xFF,0xFF,0xFF,0xFF,0xFF,0xFF,0xFF,0xD1,0x00,0x00,0x00,0x00,0x9F,0xFF,0xFF,
    0xFF,0xFF,0xFF,0xFF,0xFF,0xFF,0xFF,0xFF,0x40,0x00,0x00,0x00,0x00,0x6E,0xFF,0xFF,
    0xFF,0xFF,0xFF,0xFF,0xFF,0xFF,0xFE,0x40,0x00,0x00,0x00,0x00,0x00,0x2A,0xFF,0xFF,
    0xFF,0xFF,0xFF,0xFF,0xFF,0xF9,0x20,0x00,0x00,0x00,0x00,0x00,0x00,0x02,0x7C,0xFF,
    0xFF,0xFF,0xFF,0xFD,0x82,0x00,0x00,0x00,0x00,0x00,0x00,0x00,0x00,0x00,0x00,0x35,
    0x66,0x65,0x31,0x00,0x00,0x00,0x00,0x00,0x00,0x00,0x00,0x00,0x00,0x00,0x00,0x00,
    0x00,0x00,0x00,0x00,0x00,0x00,0x00,0x16,0xAD,0xEF,0xFE,0xC9,0x50,0x00,0x00,0x00,
    0x00,0x7E,0xFF,0xFF,0xFF,0xFF,0xFF,0xA0,0x00,0x00,0x01,0xBF,0xFF,0xFF,0xFF,0xFF,
    0xFF,0xF7,0x00,0x00,0x00,0xBF,0xFF,0xFF,0xFF,0xFF,0xFF,0xFF,0x20,0x00,0x00,0x8F,
    0xFF,0xFF,0xFF,0xFF,0xFF,0xFF,0xB0,0x00,0x00,0x1E,0xFF,0xFF,0xFF,0xFF,0xFF,0xFF,
    0xF6,0x00,0x00,0x06,0xFF,0xFF,0xFF,0xFF,0xFF,0xFF,0xFF,0x10,0x00,0x00,0xAF,0xFF,
    0xFF,0xFF,0xFD,0x41,0x14,0x70,0x00,0x00,0x0D,0xFF,0xFF,0xFF,0xFF,0x40,0x00,0x00,
    0x00,0x00,0x00,0xEF,0xFF,0xFF,0xFF,0xE0,0x00,0x00,0x00,0x01,0x11,0x1F,0xFF,0xFF,
    0xFF,0xFE,0x11,0x11,0x11,0x00,0xCF,0xFF,0xFF,0xFF,0xFF,0xFF,0xFF,0xFF,0xFF,0xF0,
    0x0C,0xFF,0xFF,0xFF,0xFF,0xFF,0xFF,0xFF,0xFF,0xFF,0x00,0xCF,0xFF,0xFF,0xFF,0xFF,
    0xFF,0xFF,0xFF,0xFF,0xF0,0x0C,0xFF,0xFF,0xFF,0xFF,0xFF,0xFF,0xFF,0xFF,0xFF,0x00,
    0xCF,0xFF,0xFF,0xFF,0xFF,0xFF,0xFF,0xFF,0xFF,0xF0,0x0C,0xFF,0xFF,0xFF,0xFF,0xFF,
    0xFF,0xFF,0xFF,0xFF,0x00,0x9C,0xCC,0xFF,0xFF,0xFF,0xFF,0xFD,0xCC,0xCC,0xC0,0x00,
    0x00,0x0F,0xFF,0xFF,0xFF,0xFF,0x20,0x00,0x00,0x00,0x00,0x00,0xFF,0xFF,0xFF,0xFF,
    0xF2,0x00,0x00,0x00,0x00,0x00,0x0F,0xFF,0xFF,0xFF,0xFF,0x20,0x00,0x00,0x00,0x00,
    0x00,0xFF,0xFF,0xFF,0xFF,0xF2,0x00,0x00,0x00,0x00,0x00,0x0F,0xFF,0xFF,0xFF,0xFF,
    0x20,0x00,0x00,0x00,0x00,0x00,0xFF,0xFF,0xFF,0xFF,0xF2,0x00,0x00,0x00,0x00,0x00,
    0x0F,0xFF,0xFF,0xFF,0xFF,0x20,0x00,0x00,0x00,0x00,0x00,0xFF,0xFF,0xFF,0xFF,0xF2,
    0x00,0x00,0x00,0x00,0x00,0x0F,0xFF,0xFF,0xFF,0xFF,0x20,0x00,0x00,0x00,0x00,0x00,
    0xFF,0xFF,0xFF,0xFF,0xF2,0x00,0x00,0x00,0x00,0x00,0x0F,0xFF,0xFF,0xFF,0xFF,0x20,
    0x00,0x00,0x00,0x00,0x00,0xFF,0xFF,0xFF,0xFF,0xF2,0x00,0x00,0x00,0x00,0x00,0x0F,
    0xFF,0xFF,0xFF,0xFF,0x20,0x00,0x00,0x00,0x00,0x00,0xFF,0xFF,0xFF,0xFF,0xF2,0x00,
    0x00,0x00,0x00,0x00,0x0F,0xFF,0xFF,0xFF,0xFF,0x20,0x00,0x00,0x00,0x00,0x00,0xFF,
    0xFF,0xFF,0xFF,0xF2,0x00,0x00,0x00,0x00,0x00,0x0F,0xFF,0xFF,0xFF,0xFF,0x20,0x00,
    0x00,0x00,0x00,0x00,0xFF,0xFF,0xFF,0xFF,0xF2,0x00,0x00,0x00,0x00,0x00,0x00,0x00,
    0x00,0x00,0x03,0x56,0x66,0x31,0x00,0x00,0x00,0x00,0x00,0x00,0x00,0x00,0x00,0x00,
    0x00,0x00,0x4A,0xEF,0xFF,0xFF,0xFF,0xA3,0x00,0xCF,0xFF,0xFF,0xFF,0xD0,0x00,0x00,
    0x00,0x00,0x3C,0xFF,0xFF,0xFF,0xFF,0xFF,0xFF,0x90,0xCF,0xFF,0xFF,0xFF,0xD0,0x00,
    0x00,0x00,0x06,0xFF,0xFF,0xFF,0xFF,0xFF,0xFF,0xFF,0xFA,0xCF,0xFF,0xFF,0xFF,0xD0,
    0x00,0x00,0x00,0x6F,0xFF,0xFF,0xFF,0xFF,0xFF,0xFF,0xFF,0xFF,0xFF,0xFF,0xFF,0xFF,
    0xD0,0x00,0x00,0x04,0xFF,0xFF,0xFF,0xFF,0xFF,0xFF,0xFF,0xFF,0xFF,0xFF,0xFF,0xFF,
    0xFF,0xD0,0x00,0x00,0x1E,0xFF,0xFF,0xFF,0xFF,0xFF,0xFF,0xFF,0xFF,0xFF,0xFF,0xFF,
    0xFF,0xFF,0xD0,0x00,0x00,0x8F,0xFF,0xFF,0xFF,0xFF,0xFF,0xFD,0xDE,0xFF,0xFF,0xFF,
    0xFF,0xFF,0xFF,0xD0,0x00,0x00,0xEF,0xFF,0xFF,0xFF,0xFF,0xE6,0x10,0x00,0x3B,0xFF,
    0xFF,0xFF,0xFF,0xFF,0xD0,0x00,0x04,0xFF,0xFF,0xFF,0xFF,0xFD,0x10,0x00,0x00,0x00,
    0x8F,0xFF,0xFF,0xFF,0xFF,0xD0,0x00,0x07,0xFF,0xFF,0xFF,0xFF,0xF3,0x00,0x00,0x00,
    0x00,0x0C,0xFF,0xFF,0xFF,0xFF,0xD0,0x00,0x09,0xFF,0xFF,0xFF,0xFF,0xC0,0x00,0x00,
    0x00,0x00,0x06,0xFF,0xFF,0xFF,0xFF,0xD0,0x00,0x0A,0xFF,0xFF,0xFF,0xFF,0x90,0x00,
    0x00,0x00,0x00,0x03,0xFF,0xFF,0xFF,0xFF,0xD0,0x00,0x0A,0xFF,0xFF,0xFF,0xFF,0x90,
    0x00,0x00,0x00,0x00,0x03,0xFF,0xFF,0xFF,0xFF,0xD0,0x00,0x09,0xFF,0xFF,0xFF,0xFF,
    0xB0,0x00,0x00,0x00,0x00,0x05,0xFF,0xFF,0xFF,0xFF,0xD0,0x00,0x07,0xFF,0xFF,0xFF,
    0xFF,0xF2,0x00,0x00,0x00,0x00,0x0B,0xFF,0xFF,0xFF,0xFF,0xD0,0x00,0x04,0xFF,0xFF,
    0xFF,0xFF,0xFC,0x00,0x00,0x00,0x00,0x6F,0xFF,0xFF,0xFF,0xFF,0xD0,0x00,0x00,0xEF,
    0xFF,0xFF,0xFF,0xFF,0xC3,0x00,0x00,0x18,0xFF,0xFF,0xFF,0xFF,0xFF,0xD0,0x00,0x00,
    0x9F,0xFF,0xFF,0xFF,0xFF,0xFF,0xDA,0x9B,0xFF,0xFF,0xFF,0xFF,0xFF,0xFF,0xD0,0x00,
    0x00,0x2E,0xFF,0xFF,0xFF,0xFF,0xFF,0xFF,0xFF,0xFF,0xFF,0xFF,0xFF,0xFF,0xFF,0xD0,
    0x00,0x00,0x06,0xFF,0xFF,0xFF,0xFF,0xFF,0xFF,0xFF,0xFF,0xFF,0xFF,0xFF,0xFF,0xFF,
    0xD0,0x00,0x00,0x00,0x9F,0xFF,0xFF,0xFF,0xFF,0xFF,0xFF,0xFF,0xFF,0xFF,0xFF,0xFF,
    0xFF,0xD0,0x00,0x00,0x00,0x09,0xFF,0xFF,0xFF,0xFF,0xFF,0xFF,0xFF,0xFF,0xFF,0xFF,
    0xFF,0xFF,0xD0,0x00,0x00,0x00,0x00,0x5E,0xFF,0xFF,0xFF,0xFF,0xFF,0xFF,0xB4,0xFF,
    0xFF,0xFF,0xFF,0xC0,0x00,0x00,0x00,0x00,0x01,0x7D,0xFF,0xFF,0xFF,0xFF,0xD6,0x04,
    0xFF,0xFF,0xFF,0xFF,0xB0,0x00,0x00,0x00,0x00,0x00,0x00,0x36,0x9A,0xA9,0x73,0x00,
    0x07,0xFF,0xFF,0xFF,0xFF,0xA0,0x00,0x00,0x00,0x00,0x00,0x00,0x00,0x00,0x00,0x00,
    0x00,0x0C,0xFF,0xFF,0xFF,0xFF,0x70,0x00,0x00,0x00,0x03,0xB2,0x00,0x00,0x00,0x00,
    0x00,0x00,0x5F,0xFF,0xFF,0xFF,0xFF,0x30,0x00,0x00,0x00,0x0B,0xFF,0x94,0x00,0x00,
    0x00,0x00,0x06,0xFF,0xFF,0xFF,0xFF,0xFE,0x00,0x00,0x00,0x00,0x4F,0xFF,0xFF,0xEA,
    0x76,0x45,0x68,0xDF,0xFF,0xFF,0xFF,0xFF,0xF7,0x00,0x00,0x00,0x00,0xCF,0xFF,0xFF,
    0xFF,0xFF,0xFF,0xFF,0xFF,0xFF,0xFF,0xFF,0xFF,0xE1,0x00,0x00,0x00,0x04,0xFF,0xFF,
    0xFF,0xFF,0xFF,0xFF,0xFF,0xFF,0xFF,0xFF,0xFF,0xFF,0x50,0x00,0x00,0x00,0x0C,0xFF,
    0xFF,0xFF,0xFF,0xFF,0xFF,0xFF,0xFF,0xFF,0xFF,0xFF,0xF8,0x00,0x00,0x00,0x00,0x1C,
    0xFF,0xFF,0xFF,0xFF,0xFF,0xFF,0xFF,0xFF,0xFF,0xFF,0xFF,0x70,0x00,0x00,0x00,0x00,
    0x00,0x6D,0xFF,0xFF,0xFF,0xFF,0xFF,0xFF,0xFF,0xFF,0xFF,0xC3,0x00,0x00,0x00,0x00,
    0x00,0x00,0x00,0x49,0xDF,0xFF,0xFF,0xFF,0xFF,0xFF,0xFE,0xA4,0x00,0x00,0x00,0x00,
    0x00,0x00,0x00,0x00,0x00,0x01,0x47,0x89,0xAB,0xA9,0x86,0x30,0x00,0x00,0x00,0x00,
    0x00,0x00,0x00,0x09,0x99,0x99,0x99,0x99,0x10,0x00,0x00,0x00,0x00,0x00,0x00,0x00,
    0x00,0x00,0x00,0x01,0xFF,0xFF,0xFF,0xFF,0xF1,0x00,0x00,0x00,0x00,0x00,0x00,0x00,
    0x00,0x00,0x00,0x00,0x1F,0xFF,0xFF,0xFF,0xFF,0x10,0x00,0x00,0x00,0x00,0x00,0x00,
    0x00,0x00,0x00,0x00,0x01,0xFF,0xFF,0xFF,0xFF,0xF1,0x00,0x00,0x00,0x00,0x00,0x00,
    0x00,0x00,0x00,0x00,0x00,0x1F,0xFF,0xFF,0xFF,0xFF,0x10,0x00,0x00,0x00,0x00,0x00,
    0x00,0x00,0x00,0x00,0x00,0x01,0xFF,0xFF,0xFF,0xFF,0xF1,0x00,0x00,0x00,0x00,0x00,
    0x00,0x00,0x00,0x00,0x00,0x00,0x1F,0xFF,0xFF,0xFF,0xFF,0x10,0x00,0x00,0x00,0x00,
    0x00,0x00,0x00,0x00,0x00,0x00,0x01,0xFF,0xFF,0xFF,0xFF,0xF1,0x00,0x00,0x00,0x00,
    0x00,0x00,0x00,0x00,0x00,0x00,0x00,0x1F,0xFF,0xFF,0xFF,0xFF,0x10,0x00,0x00,0x00,
    0x00,0x00,0x00,0x00,0x00,0x00,0x00,0x01,0xFF,0xFF,0xFF,0xFF,0xF1,0x00,0x01,0x36,
    0x66,0x53,0x00,0x00,0x00,0x00,0x00,0x00,0x1F,0xFF,0xFF,0xFF,0xFF,0x10,0x4A,0xEF,
    0xFF,0xFF,0xFE,0x92,0x00,0x00,0x00,0x00,0x01,0xFF,0xFF,0xFF,0xFF,0xF3,0xAF,0xFF,
    0xFF,0xFF,0xFF,0xFF,0xF8,0x00,0x00,0x00,0x00,0x1F,0xFF,0xFF,0xFF,0xFF,0xEF,0xFF,
    0xFF,0xFF,0xFF,0xFF,0xFF,0xFA,0x00,0x00,0x00,0x01,0xFF,0xFF,0xFF,0xFF,0xFF,0xFF,
    0xFF,0xFF,0xFF,0xFF,0xFF,0xFF,0xF7,0x00,0x00,0x00,0x1F,0xFF,0xFF,0xFF,0xFF,0xFF,
    0xFF,0xFF,0xFF,0xFF,0xFF,0xFF,0xFF,0xF2,0x00,0x00,0x01,0xFF,0xFF,0xFF,0xFF,0xFF,
    0xFF,0xFF,0xFF,0xFF,0xFF,0xFF,0xFF,0xFF,0x90,0x00,0x00,0x1F,0xFF,0xFF,0xFF,0xFF,
    0xFF,0xFF,0xFF,0xFF,0xFF,0xFF,0xFF,0xFF,0xFE,0x00,0x00,0x01,0xFF,0xFF,0xFF,0xFF,
    0xFF,0xFE,0x96,0x57,0xDF,0xFF,0xFF,0xFF,0xFF,0xF4,0x00,0x00,0x1F,0xFF,0xFF,0xFF,
    0xFF,0xFC,0x10,0x00,0x00,0xBF,0xFF,0xFF,0xFF,0xFF,0x60,0x00,0x01,0xFF,0xFF,0xFF,
    0xFF,0xFE,0x10,0x00,0x00,0x01,0xFF,0xFF,0xFF,0xFF,0xF8,0x00,0x00,0x1F,0xFF,0xFF,
    0xFF,0xFF,0x80,0x00,0x00,0x00,0x0B,0xFF,0xFF,0xFF,0xFF,0x90,0x00,0x01,0xFF,0xFF,
    0xFF,0xFF,0xF4,0x00,0x00,0x00,0x00,0x9F,0xFF,0xFF,0xFF,0xF9,0x00,0x00,0x1F,0xFF,
    0xFF,0xFF,0xFF,0x20,0x00,0x00,0x00,0x08,0xFF,0xFF,0xFF,0xFF,0x90,0x00,0x01,0xFF,
    0xFF,0xFF,0xFF,0xF1,0x00,0x00,0x00,0x00,0x8F,0xFF,0xFF,0xFF,0xF9,0x00,0x00,0x1F,
    0xFF,0xFF,0xFF,0xFF,0x10,0x00,0x00,0x00,0x08,0xFF,0xFF,0xFF,0xFF,0x90,0x00,0x01,
    0xFF,0xFF,0xFF,0xFF,0xF1,0x00,0x00,0x00,0x00,0x8F,0xFF,0xFF,0xFF,0xF9,0x00,0x00,
    0x1F,0xFF,0xFF,0xFF,0xFF,0x10,0x00,0x00,0x00,0x08,0xFF,0xFF,0xFF,0xFF,0x90,0x00,
    0x01,0xFF,0xFF,0xFF,0xFF,0xF1,0x00,0x00,0x00,0x00,0x8F,0xFF,0xFF,0xFF,0xF9,0x00,
    0x00,0x1F,0xFF,0xFF,0xFF,0xFF,0x10,0x00,0x00,0x00,0x08,0xFF,0xFF,0xFF,0xFF,0x90,
    0x00,0x01,0xFF,0xFF,0xFF,0xFF,0xF1,0x00,0x00,0x00,0x00,0x8F,0xFF,0xFF,0xFF,0xF9,
    0x00,0x00,0x1F,0xFF,0xFF,0xFF,0xFF,0x10,0x00,0x00,0x00,0x08,0xFF,0xFF,0xFF,0xFF,
    0x90,0x00,0x01,0xFF,0xFF,0xFF,0xFF,0xF1,0x00,0x00,0x00,0x00,0x8F,0xFF,0xFF,0xFF,
    0xF9,0x00,0x00,0x1F,0xFF,0xFF,0xFF,0xFF,0x10,0x00,0x00,0x00,0x08,0xFF,0xFF,0xFF,
    0xFF,0x90,0x00,0x01,0xFF,0xFF,0xFF,0xFF,0xF1,0x00,0x00,0x00,0x00,0x8F,0xFF,0xFF,
    0xFF,0xF9,0x00,0x00,0x1F,0xFF,0xFF,0xFF,0xFF,0x10,0x00,0x00,0x00,0x08,0xFF,0xFF,
    0xFF,0xFF,0x90,0x00,0x01,0xFF,0xFF,0xFF,0xFF,0xF1,0x00,0x00,0x00,0x00,0x8F,0xFF,
    0xFF,0xFF,0xF9,0x00,0x00,0x00,0x05,0x88,0x74,0x00,0x00,0x00,0x00,0x4E,0xFF,0xFF,
    0xFD,0x30,0x00,0x00,0x4F,0xFF,0xFF,0xFF,0xFE,0x20,0x00,0x0C,0xFF,0xFF,0xFF,0xFF,
    0xFA,0x00,0x01,0xFF,0xFF,0xFF,0xFF,0xFF,0xE0,0x00,0x2F,0xFF,0xFF,0xFF,0xFF,0xFE,
    0x00,0x00,0xEF,0xFF,0xFF,0xFF,0xFF,0xB0,0x00,0x09,0xFF,0xFF,0xFF,0xFF,0xF5,0x00,
    0x00,0x1B,0xFF,0xFF,0xFF,0xF9,0x00,0x00,0x00,0x07,0xDF,0xFF,0xC5,0x00,0x00,0x00,
    0x00,0x00,0x01,0x00,0x00,0x00,0x00,0x00,0x00,0x00,0x00,0x00,0x00,0x00,0x00,0x00,
    0x00,0x00,0x00,0x00,0x00,0x00,0x01,0xFF,0xFF,0xFF,0xFF,0xF1,0x00,0x00,0x1F,0xFF,
    0xFF,0xFF,0xFF,0x10,0x00,0x01,0xFF,0xFF,0xFF,0xFF,0xF1,0x00,0x00,0x1F,0xFF,0xFF,
    0xFF,0xFF,0x10,0x00,0x01,0xFF,0xFF,0xFF,0xFF,0xF1,0x00,0x00,0x1F,0xFF,0xFF,0xFF,
    0xFF,0x10,0x00,0x01,0xFF,0xFF,0xFF,0xFF,0xF1,0x00,0x00,0x1F,0xFF,0xFF,0xFF,0xFF,
    0x10,0x00,0x01,0xFF,0xFF,0xFF,0xFF,0xF1,0x00,0x00,0x1F,0xFF,0xFF,0xFF,0xFF,0x10,
    0x00,0x01,0xFF,0xFF,0xFF,0xFF,0xF1,0x00,0x00,0x1F,0xFF,0xFF,0xFF,0xFF,0x10,0x00,
    0x01,0xFF,0xFF,0xFF,0xFF,0xF1,0x00,0x00,0x1F,0xFF,0xFF,0xFF,0xFF,0x10,0x00,0x01,
    0xFF,0xFF,0xFF,0xFF,0xF1,0x00,0x00,0x1F,0xFF,0xFF,0xFF,0xFF,0x10,0x00,0x01,0xFF,
    0xFF,0xFF,0xFF,0xF1,0x00,0x00,0x1F,0xFF,0xFF,0xFF,0xFF,0x10,0x00,0x01,0xFF,0xFF,
    0xFF,0xFF,0xF1,0x00,0x00,0x1F,0xFF,0xFF,0xFF,0xFF,0x10,0x00,0x01,0xFF,0xFF,0xFF,
    0xFF,0xF1,0x00,0x00,0x1F,0xFF,0xFF,0xFF,0xFF,0x10,0x00,0x01,0xFF,0xFF,0xFF,0xFF,
    0xF1,0x00,0x00,0x1F,0xFF,0xFF,0xFF,0xFF,0x10,0x00,0x01,0xFF,0xFF,0xFF,0xFF,0xF1,
    0x00,0x00,0x1F,0xFF,0xFF,0xFF,0xFF,0x10,0x00,0x00,0x00,0x00,0x00,0x00,0x58,0x87,
    0x40,0x00,0x00,0x00,0x00,0x00,0x00,0x4E,0xFF,0xFF,0xFD,0x30,0x00,0x00,0x00,0x00,
    0x04,0xFF,0xFF,0xFF,0xFF,0xE2,0x00,0x00,0x00,0x00,0x0C,0xFF,0xFF,0xFF,0xFF,0xFA,
    0x00,0x00,0x00,0x00,0x1F,0xFF,0xFF,0xFF,0xFF,0xFE,0x00,0x00,0x00,0x00,0x2F,0xFF,
    0xFF,0xFF,0xFF,0xFE,0x00,0x00,0x00,0x00,0x0E,0xFF,0xFF,0xFF,0xFF,0xFB,0x00,0x00,
    0x00,0x00,0x09,0xFF,0xFF,0xFF,0xFF,0xF5,0x00,0x00,0x00,0x00,0x01,0xBF,0xFF,0xFF,
    0xFF,0x90,0x00,0x00,0x00,0x00,0x00,0x07,0xDF,0xFF,0xC5,0x00,0x00,0x00,0x00,0x00,
    0x00,0x00,0x00,0x10,0x00,0x00,0x00,0x00,0x00,0x00,0x00,0x00,0x00,0x00,0x00,0x00,
    0x00,0x00,0x00,0x00,0x00,0x00,0x00,0x00,0x00,0x00,0x00,0x00,0x00,0x00,0x00,0xBF,
    0xFF,0xFF,0xFF,0xF6,0x00,0x00,0x00,0x00,0x00,0xBF,0xFF,0xFF,0xFF,0xF6,0x00,0x00,
    0x00,0x00,0x00,0xBF,0xFF,0xFF,0xFF,0xF6,0x00,0x00,0x00,0x00,0x00,0xBF,0xFF,0xFF,
    0xFF,0xF6,0x00,0x00,0x00,0x00,0x00,0xBF,0xFF,0xFF,0xFF,0xF6,0x00,0x00,0x00,0x00,
    0x00,0xBF,0xFF,0xFF,0xFF,0xF6,0x00,0x00,0x00,0x00,0x00,0xBF,0xFF,0xFF,0xFF,0xF6,
    0x00,0x00,0x00,0x00,0x00,0xBF,0xFF,0xFF,0xFF,0xF6,0x00,0x00,0x00,0x00,0x00,0xBF,
    0xFF,0xFF,0xFF,0xF6,0x00,0x00,0x00,0x00,0x00,0xBF,0xFF,0xFF,0xFF,0xF6,0x00,0x00,
    0x00,0x00,0x00,0xBF,0xFF,0xFF,0xFF,0xF6,0x00,0x00,0x00,0x00,0x00,0xBF,0xFF,0xFF,
    0xFF,0xF6,0x00,0x00,0x00,0x00,0x00,0xBF,0xFF,0xFF,0xFF,0xF6,0x00,0x00,0x00,0x00,
    0x00,0xBF,0xFF,0xFF,0xFF,0xF6,0x00,0x00,0x00,0x00,0x00,0xBF,0xFF,0xFF,0xFF,0xF6,
    0x00,0x00,0x00,0x00,0x00,0xBF,0xFF,0xFF,0xFF,0xF6,0x00,0x00,0x00,0x00,0x00,0xBF,
    0xFF,0xFF,0xFF,0xF6,0x00,0x00,0x00,0x00,0x00,0xBF,0xFF,0xFF,0xFF,0xF6,0x00,0x00,
    0x00,0x00,0x00,0xBF,0xFF,0xFF,0xFF,0xF6,0x00,0x00,0x00,0x00,0x00,0xBF,0xFF,0xFF,
    0xFF,0xF6,0x00,0x00,0x00,0x00,0x00,0xBF,0xFF,0xFF,0xFF,0xF6,0x00,0x00,0x00,0x00,
    0x00,0xBF,0xFF,0xFF,0xFF,0xF6,0x00,0x00,0x00,0x00,0x00,0xBF,0xFF,0xFF,0xFF,0xF6,
    0x00,0x00,0x00,0x00,0x00,0xBF,0xFF,0xFF,0xFF,0xF6,0x00,0x00,0x00,0x00,0x00,0xBF,
    0xFF,0xFF,0xFF,0xF6,0x00,0x00,0x00,0x00,0x00,0xBF,0xFF,0xFF,0xFF,0xF6,0x00,0x00,
    0x00,0x00,0x00,0xDF,0xFF,0xFF,0xFF,0xF5,0x00,0x00,0x00,0x00,0x04,0xFF,0xFF,0xFF,
    0xFF,0xF3,0x00,0x00,0x6B,0x75,0x7E,0xFF,0xFF,0xFF,0xFF,0xF0,0x00,0x00,0xCF,0xFF,
    0xFF,0xFF,0xFF,0xFF,0xFF,0xB0,0x00,0x02,0xFF,0xFF,0xFF,0xFF,0xFF,0xFF,0xFF,0x40,
    0x00,0x07,0xFF,0xFF,0xFF,0xFF,0xFF,0xFF,0xFB,0x00,0x00,0x0D,0xFF,0xFF,0xFF,0xFF,
    0xFF,0xFF,0xD1,0x00,0x00,0x3F,0xFF,0xFF,0xFF,0xFF,0xFF,0xFC,0x20,0x00,0x00,0x3C,
    0xFF,0xFF,0xFF,0xFF,0xFE,0x70,0x00,0x00,0x00,0x00,0x26,0x9A,0xBA,0x97,0x40,0x00,
    0x00,0x00,0x00,0x00,0x09,0x99,0x99,0x99,0x99,0x10,0x00,0x00,0x00,0x00,0x00,0x00,
    0x00,0x00,0x00,0x00,0x00,0x1F,0xFF,0xFF,0xFF,0xFF,0x10,0x00,0x00,0x00,0x00,0x00,
    0x00,0x00,0x00,0x00,0x00,0x00,0x1F,0xFF,0xFF,0xFF,0xFF,0x10,0x00,0x00,0x00,0x00,
    0x00,0x00,0x00,0x00,0x00,0x00,0x00,0x1F,0xFF,0xFF,0xFF,0xFF,0x10,0x00,0x00,0x00,
    0x00,0x00,0x00,0x00,0x00,0x00,0x00,0x00,0x1F,0xFF,0xFF,0xFF,0xFF,0x10,0x00,0x00,
    0x00,0x00,0x00,0x00,0x00,0x00,0x00,0x00,0x00,0x1F,0xFF,0xFF,0xFF,0xFF,0x10,0x00,
    0x00,0x00,0x00,0x00,0x00,0x00,0x00,0x00,0x00,0x00,0x1F,0xFF,0xFF,0xFF,0xFF,0x10,
    0x00,0x00,0x00,0x00,0x00,0x00,0x00,0x00,0x00,0x00,0x00,0x1F,0xFF,0xFF,0xFF,0xFF,
    0x10,0x00,0x00,0x00,0x00,0x00,0x00,0x00,0x00,0x00,0x00,0x00,0x1F,0xFF,0xFF,0xFF,
    0xFF,0x10,0x00,0x00,0x00,0x00,0x00,0x00,0x00,0x00,0x00,0x00,0x00,0x1F,0xFF,0xFF,
    0xFF,0xFF,0x10,0x00,0x00,0x00,0x00,0x00,0x00,0x00,0x00,0x00,0x00,0x00,0x1F,0xFF,
    0xFF,0xFF,0xFF,0x10,0x00,0x00,0x00,0x4E,0xFF,0xFF,0xFF,0xFF,0xFA,0x00,0x00,0x1F,
    0xFF,0xFF,0xFF,0xFF,0x10,0x00,0x00,0x04,0xEF,0xFF,0xFF,0xFF,0xFF,0xA0,0x00,0x00,
    0x1F,0xFF,0xFF,0xFF,0xFF,0x10,0x00,0x00,0x4F,0xFF,0xFF,0xFF,0xFF,0xFA,0x00,0x00,
    0x00,0x1F,0xFF,0xFF,0xFF,0xFF,0x10,0x00,0x05,0xFF,0xFF,0xFF,0xFF,0xFF,0xB0,0x00,
    0x00,0x00,0x1F,0xFF,0xFF,0xFF,0xFF,0x10,0x00,0x5F,0xFF,0xFF,0xFF,0xFF,0xFB,0x00,
    0x00,0x00,0x00,0x1F,0xFF,0xFF,0xFF,0xFF,0x10,0x05,0xFF,0xFF,0xFF,0xFF,0xFF,0xB1,
    0x00,0x00,0x00,0x00,0x1F,0xFF,0xFF,0xFF,0xFF,0x10,0x6F,0xFF,0xFF,0xFF,0xFF,0xFC,
    0x10,0x00,0x00,0x00,0x00,0x1F,0xFF,0xFF,0xFF,0xFF,0x16,0xFF,0xFF,0xFF,0xFF,0xFF,
    0xC1,0x00,0x00,0x00,0x00,0x00,0x1F,0xFF,0xFF,0xFF,0xFF,0x8F,0xFF,0xFF,0xFF,0xFF,
    0xFC,0x10,0x00,0x00,0x00,0x00,0x00,0x1F,0xFF,0xFF,0xFF,0xFF,0xFF,0xFF,0xFF,0xFF,
    0xFF,0xD1,0x00,0x00,0x00,0x00,0x00,0x00,0x1F,0xFF,0xFF,0xFF,0xFF,0xFF,0xFF,0xFF,
    0xFF,0xFE,0x10,0x00,0x00,0x00,0x00,0x00,0x00,0x1F,0xFF,0xFF,0xFF,0xFF,0xFF,0xFF,
    0xFF,0xFF,0xFC,0x00,0x00,0x00,0x00,0x00,0x00,0x00,0x1F,0xFF,0xFF,0xFF,0xFF,0xFF,
    0xFF,0xFF,0xFF,0xFF,0x70,0x00,0x00,0x00,0x00,0x00,0x00,0x1F,0xFF,0xFF,0xFF,0xFF,
    0xFF,0xFF,0xFF,0xFF,0xFF,0xF4,0x00,0x00,0x00,0x00,0x00,0x00,0x1F,0xFF,0xFF,0xFF,
    0xFF,0xFF,0xFF,0xFF,0xFF,0xFF,0xFE,0x20,0x00,0x00,0x00,0x00,0x00,0x1F,0xFF,0xFF,
    0xFF,0xFF,0xFF,0xFF,0xFF,0xFF,0xFF,0xFF,0xC0,0x00,0x00,0x00,0x00,0x00,0x1F,0xFF,
    0xFF,0xFF,0xFF,0xFF,0xFF,0xFF,0xFF,0xFF,0xFF,0xF9,0x00,0x00,0x00,0x00,0x00,0x1F,
    0xFF,0xFF,0xFF,0xFF,0xFE,0x4B,0xFF,0xFF,0xFF,0xFF,0xFF,0x60,0x00,0x00,0x00,0x00,
    0x1F,0xFF,0xFF,0xFF,0xFF,0xF4,0x01,0xDF,0xFF,0xFF,0xFF,0xFF,0xF3,0x00,0x00,0x00,
    0x00,0x1F,0xFF,0xFF,0xFF,0xFF,0x50,0x00,0x3E,0xFF,0xFF,0xFF,0xFF,0xFD,0x10,0x00,
    0x00,0x00,0x1F,0xFF,0xFF,0xFF,0xFF,0x10,0x00,0x05,0xFF,0xFF,0xFF,0xFF,0xFF,0xB0,
    0x00,0x00,0x00,0x1F,0xFF,0xFF,0xFF,0xFF,0x10,0x00,0x00,0x8F,0xFF,0xFF,0xFF,0xFF,
    0xF8,0x00,0x00,0x00,0x1F,0xFF,0xFF,0xFF,0xFF,0x10,0x00,0x00,0x0B,0xFF,0xFF,0xFF,
    0xFF,0xFF,0x50,0x00,0x00,0x1F,0xFF,0xFF,0xFF,0xFF,0x10,0x00,0x00,0x01,0xDF,0xFF,
    0xFF,0xFF,0xFF,0xE2,0x00,0x00,0x1F,0xFF,0xFF,0xFF,0xFF,0x10,0x00,0x00,0x00,0x3E,
    0xFF,0xFF,0xFF,0xFF,0xFD,0x10,0x00,0x1F,0xFF,0xFF,0xFF,0xFF,0x10,0x00,0x00,0x00,
    0x05,0xFF,0xFF,0xFF,0xFF,0xFF,0xA0,0x00,0x09,0x99,0x99,0x99,0x99,0x10,0x00,0x01,
    0xFF,0xFF,0xFF,0xFF,0xF1,0x00,0x00,0x1F,0xFF,0xFF,0xFF,0xFF,0x10,0x00,0x01,0xFF,
    0xFF,0xFF,0xFF,0xF1,0x00,0x00,0x1F,0xFF,0xFF,0xFF,0xFF,0x10,0x00,0x01,0xFF,0xFF,
    0xFF,0xFF,0xF1,0x00,0x00,0x1F,0xFF,0xFF,0xFF,0xFF,0x10,0x00,0x01,0xFF,0xFF,0xFF,
    0xFF,0xF1,0x00,0x00,0x1F,0xFF,0xFF,0xFF,0xFF,0x10,0x00,0x01,0xFF,0xFF,0xFF,0xFF,
    0xF1,0x00,0x00,0x1F,0xFF,0xFF,0xFF,0xFF,0x10,0x00,0x01,0xFF,0xFF,0xFF,0xFF,0xF1,
    0x00,0x00,0x1F,0xFF,0xFF,0xFF,0xFF,0x10,0x00,0x01,0xFF,0xFF,0xFF,0xFF,0xF1,0x00,
    0x00,0x1F,0xFF,0xFF,0xFF,0xFF,0x10,0x00,0x01,0xFF,0xFF,0xFF,0xFF,0xF1,0x00,0x00,
    0x1F,0xFF,0xFF,0xFF,0xFF,0x10,0x00,0x01,0xFF,0xFF,0xFF,0xFF,0xF1,0x00,0x00,0x1F,
    0xFF,0xFF,0xFF,0xFF,0x10,0x00,0x01,0xFF,0xFF,0xFF,0xFF,0xF1,0x00,0x00,0x1F,0xFF,
    0xFF,0xFF,0xFF,0x10,0x00,0x01,0xFF,0xFF,0xFF,0xFF,0xF1,0x00,0x00,0x1F,0xFF,0xFF,
    0xFF,0xFF,0x10,0x00,0x01,0xFF,0xFF,0xFF,0xFF,0xF1,0x00,0x00,0x1F,0xFF,0xFF,0xFF,
    0xFF,0x10,0x00,0x01,0xFF,0xFF,0xFF,0xFF,0xF1,0x00,0x00,0x1F,0xFF,0xFF,0xFF,0xFF,
    0x10,0x00,0x01,0xFF,0xFF,0xFF,0xFF,0xF1,0x00,0x00,0x1F,0xFF,0xFF,0xFF,0xFF,0x10,
    0x00,0x01,0xFF,0xFF,0xFF,0xFF,0xF1,0x00,0x00,0x1F,0xFF,0xFF,0xFF,0xFF,0x10,0x00,
    0x01,0xFF,0xFF,0xFF,0xFF,0xF1,0x00,0x00,0x1F,0xFF,0xFF,0xFF,0xFF,0x10,0x00,0x01,
    0xFF,0xFF,0xFF,0xFF,0xF1,0x00,0x00,0x1F,0xFF,0xFF,0xFF,0xFF,0x10,0x00,0x01,0xFF,
    0xFF,0xFF,0xFF,0xF1,0x00,0x00,0x00,0x00,0x00,0x00,0x00,0x00,0x00,0x14,0x67,0x64,
    0x10,0x00,0x00,0x00,0x00,0x01,0x36,0x66,0x53,0x00,0x00,0x00,0x00,0x00,0x00,0x1F,
    0xFF,0xFF,0xFF,0xF9,0x00,0x5C,0xFF,0xFF,0xFF,0xFB,0x40,0x00,0x00,0x04,0xAF,0xFF,
    0xFF,0xFF,0xE8,0x20,0x00,0x00,0x00,0x00,0x1F,0xFF,0xFF,0xFF,0xF9,0x2C,0xFF,0xFF,
    0xFF,0xFF,0xFF,0xFA,0x10,0x02,0xBF,0xFF,0xFF,0xFF,0xFF,0xFF,0xE6,0x00,0x00,0x00,
    0x00,0x1F,0xFF,0xFF,0xFF,0xFD,0xEF,0xFF,0xFF,0xFF,0xFF,0xFF,0xFF,0xC1,0x3E,0xFF,
    0xFF,0xFF,0xFF,0xFF,0xFF,0xFF,0x70,0x00,0x00,0x00,0x1F,0xFF,0xFF,0xFF,0xFF,0xFF,
    0xFF,0xFF,0xFF,0xFF,0xFF,0xFF,0xFC,0xEF,0xFF,0xFF,0xFF,0xFF,0xFF,0xFF,0xFF,0xF5,
    0x00,0x00,0x00,0x1F,0xFF,0xFF,0xFF,0xFF,0xFF,0xFF,0xFF,0xFF,0xFF,0xFF,0xFF,0xFF,
    0xFF,0xFF,0xFF,0xFF,0xFF,0xFF,0xFF,0xFF,0xFD,0x00,0x00,0x00,0x1F,0xFF,0xFF,0xFF,
    0xFF,0xFF,0xFF,0xFF,0xFF,0xFF,0xFF,0xFF,0xFF,0xFF,0xFF,0xFF,0xFF,0xFF,0xFF,0xFF,
    0xFF,0xFF,0x60,0x00,0x00,0x1F,0xFF,0xFF,0xFF,0xFF,0xFF,0xFF,0xFF,0xFF,0xFF,0xFF,
    0xFF,0xFF,0xFF,0xFF,0xFF,0xFF,0xFF,0xFF,0xFF,0xFF,0xFF,0xB0,0x00,0x00,0x1F,0xFF,
    0xFF,0xFF,0xFF,0xFF,0xD7,0x56,0xBF,0xFF,0xFF,0xFF,0xFF,0xFF,0xFF,0xA6,0x57,0xEF,
    0xFF,0xFF,0xFF,0xFF,0xE0,0x00,0x00,0x1F,0xFF,0xFF,0xFF,0xFF,0xF9,0x00,0x00,0x08,
    0xFF,0xFF,0xFF,0xFF,0xFF,0xF4,0x00,0x00,0x1D,0xFF,0xFF,0xFF,0xFF,0xF2,0x00,0x00,
    0x1F,0xFF,0xFF,0xFF,0xFF,0xC0,0x00,0x00,0x00,0xEF,0xFF,0xFF,0xFF,0xFF,0x70,0x00,
    0x00,0x05,0xFF,0xFF,0xFF,0xFF,0xF4,0x00,0x00,0x1F,0xFF,0xFF,0xFF,0xFF,0x70,0x00,
    0x00,0x00,0xAF,0xFF,0xFF,0xFF,0xFF,0x10,0x00,0x00,0x00,0xFF,0xFF,0xFF,0xFF,0xF4,
    0x00,0x00,0x1F,0xFF,0xFF,0xFF,0xFF,0x30,0x00,0x00,0x00,0x7F,0xFF,0xFF,0xFF,0xFD,
    0x00,0x00,0x00,0x00,0xDF,0xFF,0xFF,0xFF,0xF5,0x00,0x00,0x1F,0xFF,0xFF,0xFF,0xFF,
    0x20,0x00,0x00,0x00,0x6F,0xFF,0xFF,0xFF,0xFB,0x00,0x00,0x00,0x00,0xCF,0xFF,0xFF,
    0xFF,0xF5,0x00,0x00,0x1F,0xFF,0xFF,0xFF,0xFF,0x10,0x00,0x00,0x00,0x6F,0xFF,0xFF,
    0xFF,0xFB,0x00,0x00,0x00,0x00,0xCF,0xFF,0xFF,0xFF,0xF5,0x00,0x00,0x1F,0xFF,0xFF,
    0xFF,0xFF,0x10,0x00,0x00,0x00,0x6F,0xFF,0xFF,0xFF,0xFB,0x00,0x00,0x00,0x00,0xCF,
    0xFF,0xFF,0xFF,0xF5,0x00,0x00,0x1F,0xFF,0xFF,0xFF,0xFF,0x10,0x00,0x00,0x00,0x6F,
    0xFF,0xFF,0xFF,0xFB,0x00,0x00,0x00,0x00,0xCF,0xFF,0xFF,0xFF,0xF5,0x00,0x00,0x1F,
    0xFF,0xFF,0xFF,0xFF,0x10,0x00,0x00,0x00,0x6F,0xFF,0xFF,0xFF,0xFB,0x00,0x00,0x00,
    0x00,0xCF,0xFF,0xFF,0xFF,0xF5,0x00,0x00,0x1F,0xFF,0xFF,0xFF,0xFF,0x10,0x00,0x00,
    0x00,0x6F,0xFF,0xFF,0xFF,0xFB,0x00,0x00,0x00,0x00,0xCF,0xFF,0xFF,0xFF,0xF5,0x00,
    0x00,0x1F,0xFF,0xFF,0xFF,0xFF,0x10,0x00,0x00,0x00,0x6F,0xFF,0xFF,0xFF,0xFB,0x00,
    0x00,0x00,0x00,0xCF,0xFF,0xFF,0xFF,0xF5,0x00,0x00,0x1F,0xFF,0xFF,0xFF,0xFF,0x10,
    0x00,0x00,0x00,0x6F,0xFF,0xFF,0xFF,0xFB,0x00,0x00,0x00,0x00,0xCF,0xFF,0xFF,0xFF,
    0xF5,0x00,0x00,0x1F,0xFF,0xFF,0xFF,0xFF,0x10,0x00,0x00,0x00,0x6F,0xFF,0xFF,0xFF,
    0xFB,0x00,0x00,0x00,0x00,0xCF,0xFF,0xFF,0xFF,0xF5,0x00,0x00,0x1F,0xFF,0xFF,0xFF,
    0xFF,0x10,0x00,0x00,0x00,0x6F,0xFF,0xFF,0xFF,0xFB,0x00,0x00,0x00,0x00,0xCF,0xFF,
    0xFF,0xFF,0xF5,0x00,0x00,0x1F,0xFF,0xFF,0xFF,0xFF,0x10,0x00,0x00,0x00,0x6F,0xFF,
    0xFF,0xFF,0xFB,0x00,0x00,0x00,0x00,0xCF,0xFF,0xFF,0xFF,0xF5,0x00,0x00,0x1F,0xFF,
    0xFF,0xFF,0xFF,0x10,0x00,0x00,0x00,0x6F,0xFF,0xFF,0xFF,0xFB,0x00,0x00,0x00,0x00,
    0xCF,0xFF,0xFF,0xFF,0xF5,0x00,0x00,0x1F,0xFF,0xFF,0xFF,0xFF,0x10,0x00,0x00,0x00,
    0x6F,0xFF,0xFF,0xFF,0xFB,0x00,0x00,0x00,0x00,0xCF,0xFF,0xFF,0xFF,0xF5,0x00,0x00,
    0x1F,0xFF,0xFF,0xFF,0xFF,0x10,0x00,0x00,0x00,0x6F,0xFF,0xFF,0xFF,0xFB,0x00,0x00,
    0x00,0x00,0xCF,0xFF,0xFF,0xFF,0xF5,0x00,0x00,0x00,0x00,0x00,0x00,0x00,0x00,0x00,
    0x13,0x66,0x65,0x30,0x00,0x00,0x00,0x00,0x00,0x01,0xFF,0xFF,0xFF,0xFF,0x90,0x04,
    0xAE,0xFF,0xFF,0xFF,0xE9,0x20,0x00,0x00,0x00,0x00,0x1F,0xFF,0xFF,0xFF,0xF9,0x1A,
    0xFF,0xFF,0xFF,0xFF,0xFF,0xFF,0x80,0x00,0x00,0x00,0x01,0xFF,0xFF,0xFF,0xFF,0xCD,
    0xFF,0xFF,0xFF,0xFF,0xFF,0xFF,0xFF,0xA0,0x00,0x00,0x00,0x1F,0xFF,0xFF,0xFF,0xFF,
    0xFF,0xFF,0xFF,0xFF,0xFF,0xFF,0xFF,0xFF,0x70,0x00,0x00,0x01,0xFF,0xFF,0xFF,0xFF,
    0xFF,0xFF,0xFF,0xFF,0xFF,0xFF,0xFF,0xFF,0xFF,0x20,0x00,0x00,0x1F,0xFF,0xFF,0xFF,
    0xFF,0xFF,0xFF,0xFF,0xFF,0xFF,0xFF,0xFF,0xFF,0xF9,0x00,0x00,0x01,0xFF,0xFF,0xFF,
    0xFF,0xFF,0xFF,0xFF,0xFF,0xFF,0xFF,0xFF,0xFF,0xFF,0xE0,0x00,0x00,0x1F,0xFF,0xFF,
    0xFF,0xFF,0xFF,0xE9,0x65,0x7D,0xFF,0xFF,0xFF,0xFF,0xFF,0x40,0x00,0x01,0xFF,0xFF,
    0xFF,0xFF,0xFF,0xC1,0x00,0x00,0x0B,0xFF,0xFF,0xFF,0xFF,0xF6,0x00,0x00,0x1F,0xFF,
    0xFF,0xFF,0xFF,0xE1,0x00,0x00,0x00,0x1F,0xFF,0xFF,0xFF,0xFF,0x80,0x00,0x01,0xFF,
    0xFF,0xFF,0xFF,0xF8,0x00,0x00,0x00,0x00,0xBF,0xFF,0xFF,0xFF,0xF9,0x00,0x00,0x1F,
    0xFF,0xFF,0xFF,0xFF,0x40,0x00,0x00,0x00,0x09,0xFF,0xFF,0xFF,0xFF,0x90,0x00,0x01,
    0xFF,0xFF,0xFF,0xFF,0xF2,0x00,0x00,0x00,0x00,0x8F,0xFF,0xFF,0xFF,0xF9,0x00,0x00,
    0x1F,0xFF,0xFF,0xFF,0xFF,0x10,0x00,0x00,0x00,0x08,0xFF,0xFF,0xFF,0xFF,0x90,0x00,
    0x01,0xFF,0xFF,0xFF,0xFF,0xF1,0x00,0x00,0x00,0x00,0x8F,0xFF,0xFF,0xFF,0xF9,0x00,
    0x00,0x1F,0xFF,0xFF,0xFF,0xFF,0x10,0x00,0x00,0x00,0x08,0xFF,0xFF,0xFF,0xFF,0x90,
    0x00,0x01,0xFF,0xFF,0xFF,0xFF,0xF1,0x00,0x00,0x00,0x00,0x8F,0xFF,0xFF,0xFF,0xF9,
    0x00,0x00,0x1F,0xFF,0xFF,0xFF,0xFF,0x10,0x00,0x00,0x00,0x08,0xFF,0xFF,0xFF,0xFF,
    0x90,0x00,0x01,0xFF,0xFF,0xFF,0xFF,0xF1,0x00,0x00,0x00,0x00,0x8F,0xFF,0xFF,0xFF,
    0xF9,0x00,0x00,0x1F,0xFF,0xFF,0xFF,0xFF,0x10,0x00,0x00,0x00,0x08,0xFF,0xFF,0xFF,
    0xFF,0x90,0x00,0x01,0xFF,0xFF,0xFF,0xFF,0xF1,0x00,0x00,0x00,0x00,0x8F,0xFF,0xFF,
    0xFF,0xF9,0x00,0x00,0x1F,0xFF,0xFF,0xFF,0xFF,0x10,0x00,0x00,0x00,0x08,0xFF,0xFF,
    0xFF,0xFF,0x90,0x00,0x01,0xFF,0xFF,0xFF,0xFF,0xF1,0x00,0x00,0x00,0x00,0x8F,0xFF,
    0xFF,0xFF,0xF9,0x00,0x00,0x1F,0xFF,0xFF,0xFF,0xFF,0x10,0x00,0x00,0x00,0x08,0xFF,
    0xFF,0xFF,0xFF,0x90,0x00,0x01,0xFF,0xFF,0xFF,0xFF,0xF1,0x00,0x00,0x00,0x00,0x8F,
    0xFF,0xFF,0xFF,0xF9,0x00,0x00,0x1F,0xFF,0xFF,0xFF,0xFF,0x10,0x00,0x00,0x00,0x08,
    0xFF,0xFF,0xFF,0xFF,0x90,0x00,0x00,0x00,0x00,0x00,0x00,0x00,0x24,0x66,0x66,0x42,
    0x00,0x00,0x00,0x00,0x00,0x00,0x00,0x00,0x00,0x00,0x03,0x9D,0xFF,0xFF,0xFF,0xFF,
    0xD9,0x30,0x00,0x00,0x00,0x00,0x00,0x00,0x00,0x03,0xCF,0xFF,0xFF,0xFF,0xFF,0xFF,
    0xFF,0xFB,0x30,0x00,0x00,0x00,0x00,0x00,0x00,0x8F,0xFF,0xFF,0xFF,0xFF,0xFF,0xFF,
    0xFF,0xFF,0xF8,0x00,0x00,0x00,0x00,0x00,0x0B,0xFF,0xFF,0xFF,0xFF,0xFF,0xFF,0xFF,
    0xFF,0xFF,0xFF,0xB0,0x00,0x00,0x00,0x00,0xAF,0xFF,0xFF,0xFF,0xFF,0xFF,0xFF,0xFF,
    0xFF,0xFF,0xFF,0xFA,0x00,0x00,0x00,0x07,0xFF,0xFF,0xFF,0xFF,0xFF,0xFF,0xFF,0xFF,
    0xFF,0xFF,0xFF,0xFF,0x70,0x00,0x00,0x2F,0xFF,0xFF,0xFF,0xFF,0xFF,0xFD,0xDF,0xFF,
    0xFF,0xFF,0xFF,0xFF,0xE1,0x00,0x00,0x9F,0xFF,0xFF,0xFF,0xFF,0xE6,0x10,0x01,0x6E,
    0xFF,0xFF,0xFF,0xFF,0xF9,0x00,0x00,0xEF,0xFF,0xFF,0xFF,0xFE,0x20,0x00,0x00,0x02,
    0xEF,0xFF,0xFF,0xFF,0xFE,0x00,0x04,0xFF,0xFF,0xFF,0xFF,0xF5,0x00,0x00,0x00,0x00,
    0x6F,0xFF,0xFF,0xFF,0xFF,0x40,0x07,0xFF,0xFF,0xFF,0xFF,0xE0,0x00,0x00,0x00,0x00,
    0x0E,0xFF,0xFF,0xFF,0xFF,0x70,0x09,0xFF,0xFF,0xFF,0xFF,0xA0,0x00,0x00,0x00,0x00,
    0x0A,0xFF,0xFF,0xFF,0xFF,0x90,0x0A,0xFF,0xFF,0xFF,0xFF,0x90,0x00,0x00,0x00,0x00,
    0x09,0xFF,0xFF,0xFF,0xFF,0xA0,0x0A,0xFF,0xFF,0xFF,0xFF,0x90,0x00,0x00,0x00,0x00,
    0x09,0xFF,0xFF,0xFF,0xFF,0xA0,0x09,0xFF,0xFF,0xFF,0xFF,0xA0,0x00,0x00,0x00,0x00,
    0x0B,0xFF,0xFF,0xFF,0xFF,0x90,0x07,0xFF,0xFF,0xFF,0xFF,0xE0,0x00,0x00,0x00,0x00,
    0x1E,0xFF,0xFF,0xFF,0xFF,0x70,0x04,0xFF,0xFF,0xFF,0xFF,0xF6,0x00,0x00,0x00,0x00,
    0x6F,0xFF,0xFF,0xFF,0xFF,0x40,0x00,0xEF,0xFF,0xFF,0xFF,0xFE,0x30,0x00,0x00,0x03,
    0xEF,0xFF,0xFF,0xFF,0xFE,0x00,0x00,0x8F,0xFF,0xFF,0xFF,0xFF,0xE7,0x10,0x01,0x7E,
    0xFF,0xFF,0xFF,0xFF,0xF8,0x00,0x00,0x1E,0xFF,0xFF,0xFF,0xFF,0xFF,0xFE,0xEF,0xFF,
    0xFF,0xFF,0xFF,0xFF,0xE1,0x00,0x00,0x06,0xFF,0xFF,0xFF,0xFF,0xFF,0xFF,0xFF,0xFF,
    0xFF,0xFF,0xFF,0xFF,0x60,0x00,0x00,0x00,0x9F,0xFF,0xFF,0xFF,0xFF,0xFF,0xFF,0xFF,
    0xFF,0xFF,0xFF,0xF9,0x00,0x00,0x00,0x00,0x0A,0xFF,0xFF,0xFF,0xFF,0xFF,0xFF,0xFF,
    0xFF,0xFF,0xFF,0xA0,0x00,0x00,0x00,0x00,0x00,0x7F,0xFF,0xFF,0xFF,0xFF,0xFF,0xFF,
    0xFF,0xFF,0xF7,0x00,0x00,0x00,0x00,0x00,0x00,0x03,0xBF,0xFF,0xFF,0xFF,0xFF,0xFF,
    0xFF,0xFB,0x20,0x00,0x00,0x00,0x00,0x00,0x00,0x00,0x03,0x8D,0xFF,0xFF,0xFF,0xFF,
    0xD8,0x30,0x00,0x00,0x00,0x00,0x00,0x00,0x00,0x00,0x00,0x00,0x14,0x56,0x65,0x41,
    0x00,0x00,0x00,0x00,0x00,0x00,0x00,0x00,0x00,0x00,0x00,0x00,0x00,0x00,0x25,0x67,
    0x64,0x10,0x00,0x00,0x00,0x00,0x00,0x01,0xFF,0xFF,0xFF,0xFF,0x90,0x18,0xDF,0xFF,
    0xFF,0xFF,0xC6,0x00,0x00,0x00,0x00,0x00,0x1F,0xFF,0xFF,0xFF,0xF9,0x4E,0xFF,0xFF,
    0xFF,0xFF,0xFF,0xFD,0x40,0x00,0x00,0x00,0x01,0xFF,0xFF,0xFF,0xFF,0xEF,0xFF,0xFF,
    0xFF,0xFF,0xFF,0xFF,0xFF,0x80,0x00,0x00,0x00,0x1F,0xFF,0xFF,0xFF,0xFF,0xFF,0xFF,
    0xFF,0xFF,0xFF,0xFF,0xFF,0xFF,0x90,0x00,0x00,0x01,0xFF,0xFF,0xFF,0xFF,0xFF,0xFF,
    0xFF,0xFF,0xFF,0xFF,0xFF,0xFF,0xFF,0x70,0x00,0x00,0x1F,0xFF,0xFF,0xFF,0xFF,0xFF,
    0xFF,0xFF,0xFF,0xFF,0xFF,0xFF,0xFF,0xFF,0x20,0x00,0x01,0xFF,0xFF,0xFF,0xFF,0xFF,
    0xFF,0xFE,0xCE,0xFF,0xFF,0xFF,0xFF,0xFF,0xFA,0x00,0x00,0x1F,0xFF,0xFF,0xFF,0xFF,
    0xFF,0x92,0x00,0x04,0xCF,0xFF,0xFF,0xFF,0xFF,0xF2,0x00,0x01,0xFF,0xFF,0xFF,0xFF,
    0xFF,0x70,0x00,0x00,0x00,0xBF,0xFF,0xFF,0xFF,0xFF,0x70,0x00,0x1F,0xFF,0xFF,0xFF,
    0xFF,0xB0,0x00,0x00,0x00,0x01,0xEF,0xFF,0xFF,0xFF,0xFB,0x00,0x01,0xFF,0xFF,0xFF,
    0xFF,0xF5,0x00,0x00,0x00,0x00,0x09,0xFF,0xFF,0xFF,0xFF,0xD0,0x00,0x1F,0xFF,0xFF,
    0xFF,0xFF,0x10,0x00,0x00,0x00,0x00,0x5F,0xFF,0xFF,0xFF,0xFF,0x00,0x01,0xFF,0xFF,
    0xFF,0xFF,0xF0,0x00,0x00,0x00,0x00,0x03,0xFF,0xFF,0xFF,0xFF,0xF1,0x00,0x1F,0xFF,
    0xFF,0xFF,0xFF,0x00,0x00,0x00,0x00,0x00,0x3F,0xFF,0xFF,0xFF,0xFF,0x10,0x01,0xFF,
    0xFF,0xFF,0xFF,0xF1,0x00,0x00,0x00,0x00,0x05,0xFF,0xFF,0xFF,0xFF,0xF0,0x00,0x1F,
    0xFF,0xFF,0xFF,0xFF,0x50,0x00,0x00,0x00,0x00,0x9F,0xFF,0xFF,0xFF,0xFD,0x00,0x01,
    0xFF,0xFF,0xFF,0xFF,0xFB,0x00,0x00,0x00,0x00,0x1E,0xFF,0xFF,0xFF,0xFF,0xB0,0x00,
    0x1F,0xFF,0xFF,0xFF,0xFF,0xF7,0x00,0x00,0x00,0x0B,0xFF,0xFF,0xFF,0xFF,0xF7,0x00,
    0x01,0xFF,0xFF,0xFF,0xFF,0xFF,0xFA,0x30,0x00,0x4C,0xFF,0xFF,0xFF,0xFF,0xFF,0x20,
    0x00,0x1F,0xFF,0xFF,0xFF,0xFF,0xFF,0xFF,0xED,0xFF,0xFF,0xFF,0xFF,0xFF,0xFF,0xA0,
    0x00,0x01,0xFF,0xFF,0xFF,0xFF,0xFF,0xFF,0xFF,0xFF,0xFF,0xFF,0xFF,0xFF,0xFF,0xF2,
    0x00,0x00,0x1F,0xFF,0xFF,0xFF,0xFF,0xFF,0xFF,0xFF,0xFF,0xFF,0xFF,0xFF,0xFF,0xF7,
    0x00,0x00,0x01,0xFF,0xFF,0xFF,0xFF,0xFF,0xFF,0xFF,0xFF,0xFF,0xFF,0xFF,0xFF,0xF9,
    0x00,0x00,0x00,0x1F,0xFF,0xFF,0xFF,0xFF,0xFF,0xFF,0xFF,0xFF,0xFF,0xFF,0xFF,0xF8,
    0x00,0x00,0x00,0x01,0xFF,0xFF,0xFF,0xFF,0xF4,0xDF,0xFF,0xFF,0xFF,0xFF,0xFF,0xD5,
    0x00,0x00,0x00,0x00,0x1F,0xFF,0xFF,0xFF,0xFF,0x10,0x6C,0xFF,0xFF,0xFF,0xFB,0x60,
    0x00,0x00,0x00,0x00,0x01,0xFF,0xFF,0xFF,0xFF,0xF1,0x00,0x02,0x46,0x65,0x41,0x00,
    0x00,0x00,0x00,0x00,0x00,0x1F,0xFF,0xFF,0xFF,0xFF,0x10,0x00,0x00,0x00,0x00,0x00,
    0x00,0x00,0x00,0x00,0x00,0x01,0xFF,0xFF,0xFF,0xFF,0xF1,0x00,0x00,0x00,0x00,0x00,
    0x00,0x00,0x00,0x00,0x00,0x00,0x1F,0xFF,0xFF,0xFF,0xFF,0x10,0x00,0x00,0x00,0x00,
    0x00,0x00,0x00,0x00,0x00,0x00,0x01,0xFF,0xFF,0xFF,0xFF,0xF1,0x00,0x00,0x00,0x00,
    0x00,0x00,0x00,0x00,0x00,0x00,0x00,0x1F,0xFF,0xFF,0xFF,0xFF,0x10,0x00,0x00,0x00,
    0x00,0x00,0x00,0x00,0x00,0x00,0x00,0x01,0xFF,0xFF,0xFF,0xFF,0xF1,0x00,0x00,0x00,
    0x00,0x00,0x00,0x00,0x00,0x00,0x00,0x00,0x1F,0xFF,0xFF,0xFF,0xFF,0x10,0x00,0x00,
    0x00,0x00,0x00,0x00,0x00,0x00,0x00,0x00,0x01,0xFF,0xFF,0xFF,0xFF,0xF1,0x00,0x00,
    0x00,0x00,0x00,0x00,0x00,0x00,0x00,0x00,0x00,0x05,0x55,0x55,0x55,0x55,0x00,0x00,
    0x00,0x00,0x00,0x00,0x00,0x00,0x00,0x00,0x00,0x00,0x00,0x00,0x00,0x00,0x03,0x56,
    0x66,0x31,0x00,0x00,0x00,0x00,0x00,0x00,0x00,0x00,0x00,0x00,0x00,0x03,0xAE,0xFF,
    0xFF,0xFF,0xFA,0x30,0x4F,0xFF,0xFF,0xFF,0xF6,0x00,0x00,0x00,0x00,0x2A,0xFF,0xFF,
    0xFF,0xFF,0xFF,0xFF,0x94,0xFF,0xFF,0xFF,0xFF,0x60,0x00,0x00,0x00,0x4E,0xFF,0xFF,
    0xFF,0xFF,0xFF,0xFF,0xFF,0xEF,0xFF,0xFF,0xFF,0xF6,0x00,0x00,0x00,0x4F,0xFF,0xFF,
    0xFF,0xFF,0xFF,0xFF,0xFF,0xFF,0xFF,0xFF,0xFF,0xFF,0x60,0x00,0x00,0x2E,0xFF,0xFF,
    0xFF,0xFF,0xFF,0xFF,0xFF,0xFF,0xFF,0xFF,0xFF,0xFF,0xF6,0x00,0x00,0x0B,0xFF,0xFF,
    0xFF,0xFF,0xFF,0xFF,0xFF,0xFF,0xFF,0xFF,0xFF,0xFF,0xFF,0x60,0x00,0x05,0xFF,0xFF,
    0xFF,0xFF,0xFF,0xFF,0xDD,0xFF,0xFF,0xFF,0xFF,0xFF,0xFF,0xF6,0x00,0x00,0xBF,0xFF,
    0xFF,0xFF,0xFF,0xE6,0x10,0x01,0x6E,0xFF,0xFF,0xFF,0xFF,0xFF,0x60,0x00,0x1F,0xFF,
    0xFF,0xFF,0xFF,0xE2,0x00,0x00,0x00,0x3E,0xFF,0xFF,0xFF,0xFF,0xF6,0x00,0x05,0xFF,
    0xFF,0xFF,0xFF,0xF5,0x00,0x00,0x00,0x00,0x6F,0xFF,0xFF,0xFF,0xFF,0x60,0x00,0x8F,
    0xFF,0xFF,0xFF,0xFE,0x00,0x00,0x00,0x00,0x00,0xFF,0xFF,0xFF,0xFF,0xF6,0x00,0x09,
    0xFF,0xFF,0xFF,0xFF,0xA0,0x00,0x00,0x00,0x00,0x0E,0xFF,0xFF,0xFF,0xFF,0x60,0x00,
    0xAF,0xFF,0xFF,0xFF,0xF9,0x00,0x00,0x00,0x00,0x00,0xDF,0xFF,0xFF,0xFF,0xF6,0x00,
    0x0A,0xFF,0xFF,0xFF,0xFF,0x90,0x00,0x00,0x00,0x00,0x0D,0xFF,0xFF,0xFF,0xFF,0x60,
    0x00,0x9F,0xFF,0xFF,0xFF,0xFA,0x00,0x00,0x00,0x00,0x00,0xFF,0xFF,0xFF,0xFF,0xF6,
    0x00,0x08,0xFF,0xFF,0xFF,0xFF,0xE0,0x00,0x00,0x00,0x00,0x0F,0xFF,0xFF,0xFF,0xFF,
    0x60,0x00,0x5F,0xFF,0xFF,0xFF,0xFF,0x60,0x00,0x00,0x00,0x06,0xFF,0xFF,0xFF,0xFF,
    0xF6,0x00,0x01,0xFF,0xFF,0xFF,0xFF,0xFE,0x30,0x00,0x00,0x03,0xEF,0xFF,0xFF,0xFF,
    0xFF,0x60,0x00,0x0B,0xFF,0xFF,0xFF,0xFF,0xFE,0x71,0x00,0x17,0xEF,0xFF,0xFF,0xFF,
    0xFF,0xF6,0x00,0x00,0x5F,0xFF,0xFF,0xFF,0xFF,0xFF,0xFE,0xEF,0xFF,0xFF,0xFF,0xFF,
    0xFF,0xFF,0x60,0x00,0x00,0xCF,0xFF,0xFF,0xFF,0xFF,0xFF,0xFF,0xFF,0xFF,0xFF,0xFF,
    0xFF,0xFF,0xF6,0x00,0x00,0x02,0xEF,0xFF,0xFF,0xFF,0xFF,0xFF,0xFF,0xFF,0xFF,0xFF,
    0xFF,0xFF,0xFF,0x60,0x00,0x00,0x04,0xFF,0xFF,0xFF,0xFF,0xFF,0xFF,0xFF,0xFF,0xFF,
    0xFF,0xFF,0xFF,0xF6,0x00,0x00,0x00,0x04,0xEF,0xFF,0xFF,0xFF,0xFF,0xFF,0xFF,0xFF,
    0xFF,0xFF,0xFF,0xFF,0x60,0x00,0x00,0x00,0x02,0xAF,0xFF,0xFF,0xFF,0xFF,0xFF,0xF6,
    0xBF,0xFF,0xFF,0xFF,0xF6,0x00,0x00,0x00,0x00,0x00,0x39,0xEF,0xFF,0xFF,0xFE,0x92,
    0x0B,0xFF,0xFF,0xFF,0xFF,0x60,0x00,0x00,0x00,0x00,0x00,0x00,0x25,0x66,0x53,0x00,
    0x00,0xBF,0xFF,0xFF,0xFF,0xF6,0x00,0x00,0x00,0x00,0x00,0x00,0x00,0x00,0x00,0x00,
    0x00,0x0B,0xFF,0xFF,0xFF,0xFF,0x60,0x00,0x00,0x00,0x00,0x00,0x00,0x00,0x00,0x00,
    0x00,0x00,0xBF,0xFF,0xFF,0xFF,0xF6,0x00,0x00,0x00,0x00,0x00,0x00,0x00,0x00,0x00,
    0x00,0x00,0x0B,0xFF,0xFF,0xFF,0xFF,0x60,0x00,0x00,0x00,0x00,0x00,0x00,0x00,0x00,
    0x00,0x00,0x00,0xBF,0xFF,0xFF,0xFF,0xF6,0x00,0x00,0x00,0x00,0x00,0x00,0x00,0x00,
    0x00,0x00,0x00,0x0B,0xFF,0xFF,0xFF,0xFF,0x60,0x00,0x00,0x00,0x00,0x00,0x00,0x00,
    0x00,0x00,0x00,0x00,0xBF,0xFF,0xFF,0xFF,0xF6,0x00,0x00,0x00,0x00,0x00,0x00,0x00,
    0x00,0x00,0x00,0x00,0x0B,0xFF,0xFF,0xFF,0xFF,0x60,0x00,0x00,0x00,0x00,0x00,0x00,
    0x00,0x00,0x00,0x00,0x00,0xBF,0xFF,0xFF,0xFF,0xF6,0x00,0x00,0x00,0x00,0x00,0x00,
    0x00,0x00,0x00,0x00,0x00,0x03,0x55,0x55,0x55,0x55,0x20,0x00,0x00,0x00,0x00,0x00,
    0x00,0x00,0x00,0x00,0x03,0x56,0x20,0x01,0xFF,0xFF,0xFF,0xFF,0x90,0x03,0x9E,0xFF,
    0xF5,0x00,0x1F,0xFF,0xFF,0xFF,0xF9,0x19,0xFF,0xFF,0xFF,0x50,0x01,0xFF,0xFF,0xFF,
    0xFF,0xAB,0xFF,0xFF,0xFF,0xF5,0x00,0x1F,0xFF,0xFF,0xFF,0xFF,0xFF,0xFF,0xFF,0xFF,
    0x50,0x01,0xFF,0xFF,0xFF,0xFF,0xFF,0xFF,0xFF,0xFF,0xF5,0x00,0x1F,0xFF,0xFF,0xFF,
    0xFF,0xFF,0xFF,0xFF,0xFF,0x50,0x01,0xFF,0xFF,0xFF,0xFF,0xFF,0xFF,0xFF,0xFF,0xF5,
    0x00,0x1F,0xFF,0xFF,0xFF,0xFF,0xFF,0xFF,0xCA,0x9A,0x40,0x01,0xFF,0xFF,0xFF,0xFF,
    0xFF,0xF9,0x20,0x00,0x00,0x00,0x1F,0xFF,0xFF,0xFF,0xFF,0xF7,0x00,0x00,0x00,0x00,
    0x01,0xFF,0xFF,0xFF,0xFF,0xFC,0x00,0x00,0x00,0x00,0x00,0x1F,0xFF,0xFF,0xFF,0xFF,
    0x60,0x00,0x00,0x00,0x00,0x01,0xFF,0xFF,0xFF,0xFF,0xF3,0x00,0x00,0x00,0x00,0x00,
    0x1F,0xFF,0xFF,0xFF,0xFF,0x20,0x00,0x00,0x00,0x00,0x01,0xFF,0xFF,0xFF,0xFF,0xF1,
    0x00,0x00,0x00,0x00,0x00,0x1F,0xFF,0xFF,0xFF,0xFF,0x10,0x00,0x00,0x00,0x00,0x01,
    0xFF,0xFF,0xFF,0xFF,0xF1,0x00,0x00,0x00,0x00,0x00,0x1F,0xFF,0xFF,0xFF,0xFF,0x10,
    0x00,0x00,0x00,0x00,0x01,0xFF,0xFF,0xFF,0xFF,0xF1,0x00,0x00,0x00,0x00,0x00,0x1F,
    0xFF,0xFF,0xFF,0xFF,0x10,0x00,0x00,0x00,0x00,0x01,0xFF,0xFF,0xFF,0xFF,0xF1,0x00,
    0x00,0x00,0x00,0x00,0x1F,0xFF,0xFF,0xFF,0xFF,0x10,0x00,0x00,0x00,0x00,0x01,0xFF,
    0xFF,0xFF,0xFF,0xF1,0x00,0x00,0x00,0x00,0x00,0x1F,0xFF,0xFF,0xFF,0xFF,0x10,0x00,
    0x00,0x00,0x00,0x01,0xFF,0xFF,0xFF,0xFF,0xF1,0x00,0x00,0x00,0x00,0x00,0x1F,0xFF,
    0xFF,0xFF,0xFF,0x10,0x00,0x00,0x00,0x00,0x00,0x00,0x00,0x00,0x00,0x35,0x66,0x66,
    0x53,0x10,0x00,0x00,0x00,0x00,0x00,0x00,0x16,0xBF,0xFF,0xFF,0xFF,0xFF,0xFE,0xA6,
    0x20,0x00,0x00,0x00,0x07,0xEF,0xFF,0xFF,0xFF,0xFF,0xFF,0xFF,0xFF,0xFA,0x20,0x00,
    0x02,0xCF,0xFF,0xFF,0xFF,0xFF,0xFF,0xFF,0xFF,0xFF,0xFE,0x10,0x00,0x1D,0xFF,0xFF,
    0xFF,0xFF,0xFF,0xFF,0xFF,0xFF,0xFF,0xF9,0x00,0x00,0x9F,0xFF,0xFF,0xFF,0xFF,0xFF,
    0xFF,0xFF,0xFF,0xFF,0xF2,0x00,0x02,0xFF,0xFF,0xFF,0xFF,0xFF,0xFF,0xFF,0xFF,0xFF,
    0xFF,0xB0,0x00,0x06,0xFF,0xFF,0xFF,0xFF,0xD5,0x21,0x12,0x46,0xAE,0xFF,0x40,0x00,
    0x09,0xFF,0xFF,0xFF,0xFF,0x10,0x00,0x00,0x00,0x01,0x6B,0x00,0x00,0x09,0xFF,0xFF,
    0xFF,0xFF,0x30,0x00,0x00,0x00,0x00,0x00,0x00,0x00,0x07,0xFF,0xFF,0xFF,0xFF,0xFB,
    0x74,0x20,0x00,0x00,0x00,0x00,0x00,0x05,0xFF,0xFF,0xFF,0xFF,0xFF,0xFF,0xFF,0xC9,
    0x62,0x00,0x00,0x00,0x00,0xEF,0xFF,0xFF,0xFF,0xFF,0xFF,0xFF,0xFF,0xFF,0xC5,0x00,
    0x00,0x00,0x5F,0xFF,0xFF,0xFF,0xFF,0xFF,0xFF,0xFF,0xFF,0xFF,0xB1,0x00,0x00,0x06,
    0xFF,0xFF,0xFF,0xFF,0xFF,0xFF,0xFF,0xFF,0xFF,0xFC,0x00,0x00,0x00,0x3A,0xFF,0xFF,
    0xFF,0xFF,0xFF,0xFF,0xFF,0xFF,0xFF,0x80,0x00,0x00,0x00,0x16,0x9C,0xEF,0xFF,0xFF,
    0xFF,0xFF,0xFF,0xFF,0xD0,0x00,0x00,0x00,0x00,0x00,0x02,0x46,0x9D,0xFF,0xFF,0xFF,
    0xFF,0xF2,0x00,0x03,0x10,0x00,0x00,0x00,0x00,0x00,0x8F,0xFF,0xFF,0xFF,0xF3,0x00,
    0x0D,0xE8,0x30,0x00,0x00,0x00,0x00,0x6F,0xFF,0xFF,0xFF,0xF3,0x00,0x4F,0xFF,0xFD,
    0x96,0x32,0x12,0x37,0xEF,0xFF,0xFF,0xFF,0xF1,0x00,0xBF,0xFF,0xFF,0xFF,0xFF,0xFF,
    0xFF,0xFF,0xFF,0xFF,0xFF,0xB0,0x02,0xFF,0xFF,0xFF,0xFF,0xFF,0xFF,0xFF,0xFF,0xFF,
    0xFF,0xFF,0x40,0x09,0xFF,0xFF,0xFF,0xFF,0xFF,0xFF,0xFF,0xFF,0xFF,0xFF,0xF8,0x00,
    0x0E,0xFF,0xFF,0xFF,0xFF,0xFF,0xFF,0xFF,0xFF,0xFF,0xFF,0x80,0x00,0x02,0x8E,0xFF,
    0xFF,0xFF,0xFF,0xFF,0xFF,0xFF,0xFF,0xC4,0x00,0x00,0x00,0x00,0x48,0xCE,0xFF,0xFF,
    0xFF,0xFF,0xFD,0x94,0x00,0x00,0x00,0x00,0x00,0x00,0x00,0x24,0x56,0x66,0x53,0x10,
    0x00,0x00,0x00,0x00,0x00,0x00,0xDD,0xDD,0xDD,0xDD,0xD2,0x00,0x00,0x00,0x00,0x00,
    0x0F,0xFF,0xFF,0xFF,0xFF,0x20,0x00,0x00,0x00,0x00,0x00,0xFF,0xFF,0xFF,0xFF,0xF2,
    0x00,0x00,0x00,0x00,0x00,0x0F,0xFF,0xFF,0xFF,0xFF,0x20,0x00,0x00,0x00,0x00,0x00,
    0xFF,0xFF,0xFF,0xFF,0xF2,0x00,0x00,0x00,0x00,0x00,0x0F,0xFF,0xFF,0xFF,0xFF,0x20,
    0x00,0x00,0x00,0xCF,0xFF,0xFF,0xFF,0xFF,0xFF,0xFF,0xFF,0xFF,0xF0,0x0C,0xFF,0xFF,
    0xFF,0xFF,0xFF,0xFF,0xFF,0xFF,0xFF,0x00,0xCF,0xFF,0xFF,0xFF,0xFF,0xFF,0xFF,0xFF,
    0xFF,0xF0,0x0C,0xFF,0xFF,0xFF,0xFF,0xFF,0xFF,0xFF,0xFF,0xFF,0x00,0xCF,0xFF,0xFF,
    0xFF,0xFF,0xFF,0xFF,0xFF,0xFF,0xF0,0x0C,0xFF,0xFF,0xFF,0xFF,0xFF,0xFF,0xFF,0xFF,
    0xFF,0x00,0x9C,0xCC,0xFF,0xFF,0xFF,0xFF,0xFD,0xCC,0xCC,0xC0,0x00,0x00,0x0F,0xFF,
    0xFF,0xFF,0xFF,0x20,0x00,0x00,0x00,0x00,0x00,0xFF,0xFF,0xFF,0xFF,0xF2,0x00,0x00,
    0x00,0x00,0x00,0x0F,0xFF,0xFF,0xFF,0xFF,0x20,0x00,0x00,0x00,0x00,0x00,0xFF,0xFF,
    0xFF,0xFF,0xF2,0x00,0x00,0x00,0x00,0x00,0x0F,0xFF,0xFF,0xFF,0xFF,0x20,0x00,0x00,
    0x00,0x00,0x00,0xFF,0xFF,0xFF,0xFF,0xF2,0x00,0x00,0x00,0x00,0x00,0x0F,0xFF,0xFF,
    0xFF,0xFF,0x20,0x00,0x00,0x00,0x00,0x00,0xFF,0xFF,0xFF,0xFF,0xF2,0x00,0x00,0x00,
    0x00,0x00,0x0F,0xFF,0xFF,0xFF,0xFF,0x20,0x00,0x00,0x00,0x00,0x00,0xFF,0xFF,0xFF,
    0xFF,0xF2,0x00,0x00,0x00,0x00,0x00,0x0E,0xFF,0xFF,0xFF,0xFF,0x50,0x00,0x00,0x00,
    0x00,0x00,0xDF,0xFF,0xFF,0xFF,0xFC,0x10,0x00,0x30,0x00,0x00,0x0A,0xFF,0xFF,0xFF,
    0xFF,0xFE,0xAB,0xDE,0x00,0x00,0x00,0x6F,0xFF,0xFF,0xFF,0xFF,0xFF,0xFF,0xF5,0x00,
    0x00,0x01,0xEF,0xFF,0xFF,0xFF,0xFF,0xFF,0xFF,0xA0,0x00,0x00,0x07,0xFF,0xFF,0xFF,
    0xFF,0xFF,0xFF,0xFF,0x10,0x00,0x00,0x0A,0xFF,0xFF,0xFF,0xFF,0xFF,0xFF,0xF6,0x00,
    0x00,0x00,0x07,0xFF,0xFF,0xFF,0xFF,0xFF,0xFF,0xB0,0x00,0x00,0x00,0x02,0x8D,0xFF,
    0xFF,0xFF,0xFE,0x92,0x00,0x00,0x00,0x00,0x00,0x02,0x45,0x66,0x42,0x00,0x00,0x00,
    0x00,0x00,0x00,0x00,0x00,0x00,0x00,0x00,0x00,0x00,0x00,0x00,0x00,0x00,0x00,0x00,
    0x03,0xFF,0xFF,0xFF,0xFF,0xE0,0x00,0x00,0x00,0x00,0xDF,0xFF,0xFF,0xFF,0xF4,0x00,
    0x00,0x3F,0xFF,0xFF,0xFF,0xFE,0x00,0x00,0x00,0x00,0x0D,0xFF,0xFF,0xFF,0xFF,0x40,
    0x00,0x03,0xFF,0xFF,0xFF,0xFF,0xE0,0x00,0x00,0x00,0x00,0xDF,0xFF,0xFF,0xFF,0xF4,
    0x00,0x00,0x3F,0xFF,0xFF,0xFF,0xFE,0x00,0x00,0x00,0x00,0x0D,0xFF,0xFF,0xFF,0xFF,
    0x40,0x00,0x03,0xFF,0xFF,0xFF,0xFF,0xE0,0x00,0x00,0x00,0x00,0xDF,0xFF,0xFF,0xFF,
    0xF4,0x00,0x00,0x3F,0xFF,0xFF,0xFF,0xFE,0x00,0x00,0x00,0x00,0x0D,0xFF,0xFF,0xFF,
    0xFF,0x40,0x00,0x03,0xFF,0xFF,0xFF,0xFF,0xE0,0x00,0x00,0x00,0x00,0xDF,0xFF,0xFF,
    0xFF,0xF4,0x00,0x00,0x3F,0xFF,0xFF,0xFF,0xFE,0x00,0x00,0x00,0x00,0x0D,0xFF,0xFF,
    0xFF,0xFF,0x40,0x00,0x03,0xFF,0xFF,0xFF,0xFF,0xE0,0x00,0x00,0x00,0x00,0xDF,0xFF,
    0xFF,0xFF,0xF4,0x00,0x00,0x3F,0xFF,0xFF,0xFF,0xFE,0x00,0x00,0x00,0x00,0x0D,0xFF,
    0xFF,0xFF,0xFF,0x40,0x00,0x03,0xFF,0xFF,0xFF,0xFF,0xE0,0x00,0x00,0x00,0x00,0xDF,
    0xFF,0xFF,0xFF,0xF4,0x00,0x00,0x3F,0xFF,0xFF,0xFF,0xFE,0x00,0x00,0x00,0x00,0x0D,
    0xFF,0xFF,0xFF,0xFF,0x40,0x00,0x03,0xFF,0xFF,0xFF,0xFF,0xE0,0x00,0x00,0x00,0x00,
    0xDF,0xFF,0xFF,0xFF,0xF4,0x00,0x00,0x3F,0xFF,0xFF,0xFF,0xFE,0x00,0x00,0x00,0x00,
    0x0E,0xFF,0xFF,0xFF,0xFF,0x40,0x00,0x03,0xFF,0xFF,0xFF,0xFF,0xF0,0x00,0x00,0x00,
    0x01,0xFF,0xFF,0xFF,0xFF,0xF4,0x00,0x00,0x2F,0xFF,0xFF,0xFF,0xFF,0x30,0x00,0x00,
    0x00,0x5F,0xFF,0xFF,0xFF,0xFF,0x40,0x00,0x01,0xFF,0xFF,0xFF,0xFF,0xF8,0x00,0x00,
    0x00,0x0C,0xFF,0xFF,0xFF,0xFF,0xF4,0x00,0x00,0x0E,0xFF,0xFF,0xFF,0xFF,0xF4,0x00,
    0x00,0x09,0xFF,0xFF,0xFF,0xFF,0xFF,0x40,0x00,0x00,0xBF,0xFF,0xFF,0xFF,0xFF,0xFA,
    0x65,0x8D,0xFF,0xFF,0xFF,0xFF,0xFF,0xF4,0x00,0x00,0x07,0xFF,0xFF,0xFF,0xFF,0xFF,
    0xFF,0xFF,0xFF,0xFF,0xFF,0xFF,0xFF,0xFF,0x40,0x00,0x00,0x2F,0xFF,0xFF,0xFF,0xFF,
    0xFF,0xFF,0xFF,0xFF,0xFF,0xFF,0xFF,0xFF,0xF4,0x00,0x00,0x00,0x9F,0xFF,0xFF,0xFF,
    0xFF,0xFF,0xFF,0xFF,0xFF,0xFF,0xFF,0xFF,0xFF,0x40,0x00,0x00,0x01,0xDF,0xFF,0xFF,
    0xFF,0xFF,0xFF,0xFF,0xFF,0xFF,0xFF,0xFF,0xFF,0xF4,0x00,0x00,0x00,0x03,0xEF,0xFF,
    0xFF,0xFF,0xFF,0xFF,0xFF,0xFB,0xFF,0xFF,0xFF,0xFF,0x40,0x00,0x00,0x00,0x02,0xCF,
    0xFF,0xFF,0xFF,0xFF,0xFF,0xD4,0x6F,0xFF,0xFF,0xFF,0xF4,0x00,0x00,0x00,0x00,0x00,
    0x5B,0xFF,0xFF,0xFF,0xFC,0x61,0x06,0xFF,0xFF,0xFF,0xFF,0x40,0x00,0x00,0x00,0x00,
    0x00,0x01,0x35,0x66,0x42,0x00,0x00,0x00,0x00,0x00,0x00,0x00,0x00,0x00,0x00,0x00,
    0x00,0x00,0x00,0x00,0x00,0x00,0x00,0x00,0x00,0x00,0x00,0x00,0x00,0x5F,0xFF,0xFF,
    0xFF,0xFF,0x10,0x00,0x00,0x00,0x00,0x00,0x9F,0xFF,0xFF,0xFF,0xF2,0x0E,0xFF,0xFF,
    0xFF,0xFF,0x70,0x00,0x00,0x00,0x00,0x01,0xEF,0xFF,0xFF,0xFF,0xA0,0x08,0xFF,0xFF,
    0xFF,0xFF,0xD0,0x00,0x00,0x00,0x00,0x06,0xFF,0xFF,0xFF,0xFF,0x40,0x02,0xFF,0xFF,
    0xFF,0xFF,0xF3,0x00,0x00,0x00,0x00,0x0C,0xFF,0xFF,0xFF,0xFD,0x00,0x00,0xAF,0xFF,
    0xFF,0xFF,0xF9,0x00,0x00,0x00,0x00,0x3F,0xFF,0xFF,0xFF,0xF7,0x00,0x00,0x4F,0xFF,
    0xFF,0xFF,0xFE,0x10,0x00,0x00,0x00,0xAF,0xFF,0xFF,0xFF,0xF1,0x00,0x00,0x0D,0xFF,
    0xFF,0xFF,0xFF,0x60,0x00,0x00,0x01,0xFF,0xFF,0xFF,0xFF,0xA0,0x00,0x00,0x07,0xFF,
    0xFF,0xFF,0xFF,0xC0,0x00,0x00,0x07,0xFF,0xFF,0xFF,0xFF,0x30,0x00,0x00,0x01,0xFF,
    0xFF,0xFF,0xFF,0xF3,0x00,0x00,0x0D,0xFF,0xFF,0xFF,0xFC,0x00,0x00,0x00,0x00,0x9F,
    0xFF,0xFF,0xFF,0xF9,0x00,0x00,0x4F,0xFF,0xFF,0xFF,0xF6,0x00,0x00,0x00,0x00,0x3F,
    0xFF,0xFF,0xFF,0xFE,0x00,0x00,0xBF,0xFF,0xFF,0xFF,0xE1,0x00,0x00,0x00,0x00,0x0C,
    0xFF,0xFF,0xFF,0xFF,0x50,0x02,0xFF,0xFF,0xFF,0xFF,0x90,0x00,0x00,0x00,0x00,0x06,
    0xFF,0xFF,0xFF,0xFF,0xB0,0x08,0xFF,0xFF,0xFF,0xFF,0x20,0x00,0x00,0x00,0x00,0x01,
    0xEF,0xFF,0xFF,0xFF,0xF2,0x0E,0xFF,0xFF,0xFF,0xFB,0x00,0x00,0x00,0x00,0x00,0x00,
    0x8F,0xFF,0xFF,0xFF,0xF8,0x5F,0xFF,0xFF,0xFF,0xF5,0x00,0x00,0x00,0x00,0x00,0x00,
    0x2F,0xFF,0xFF,0xFF,0xFE,0xCF,0xFF,0xFF,0xFF,0xE0,0x00,0x00,0x00,0x00,0x00,0x00,
    0x0B,0xFF,0xFF,0xFF,0xFF,0xFF,0xFF,0xFF,0xFF,0x80,0x00,0x00,0x00,0x00,0x00,0x00,
    0x05,0xFF,0xFF,0xFF,0xFF,0xFF,0xFF,0xFF,0xFF,0x20,0x00,0x00,0x00,0x00,0x00,0x00,
    0x00,0xEF,0xFF,0xFF,0xFF,0xFF,0xFF,0xFF,0xFA,0x00,0x00,0x00,0x00,0x00,0x00,0x00,
    0x00,0x8F,0xFF,0xFF,0xFF,0xFF,0xFF,0xFF,0xF4,0x00,0x00,0x00,0x00,0x00,0x00,0x00,
    0x00,0x2F,0xFF,0xFF,0xFF,0xFF,0xFF,0xFF,0xD0,0x00,0x00,0x00,0x00,0x00,0x00,0x00,
    0x00,0x0A,0xFF,0xFF,0xFF,0xFF,0xFF,0xFF,0x70,0x00,0x00,0x00,0x00,0x00,0x00,0x00,
    0x00,0x04,0xFF,0xFF,0xFF,0xFF,0xFF,0xFE,0x10,0x00,0x00,0x00,0x00,0x00,0x00,0x00,
    0x00,0x00,0xDF,0xFF,0xFF,0xFF,0xFF,0xF9,0x00,0x00,0x00,0x00,0x00,0x00,0x00,0x00,
    0x00,0x00,0x7F,0xFF,0xFF,0xFF,0xFF,0xF3,0x00,0x00,0x00,0x00,0x00,0x00,0x00,0x00,
    0x00,0x00,0x1E,0xFF,0xFF,0xFF,0xFF,0xC0,0x00,0x00,0x00,0x00,0x00,0x00,0x00,0x00,
    0x00,0x00,0x00,0x00,0x00,0x00,0x00,0x00,0x00,0x00,0x00,0x00,0x00,0x00,0x00,0x00,
    0x00,0x00,0x00,0x00,0x00,0x0E,0xFF,0xFF,0xFF,0xFA,0x00,0x00,0x00,0x00,0x00,0xCF,
    0xFF,0xFF,0xFF,0x40,0x00,0x00,0x00,0x00,0x3F,0xFF,0xFF,0xFF,0xC0,0x09,0xFF,0xFF,
    0xFF,0xFF,0x10,0x00,0x00,0x00,0x03,0xFF,0xFF,0xFF,0xFF,0x90,0x00,0x00,0x00,0x00,
    0x8F,0xFF,0xFF,0xFF,0x70,0x03,0xFF,0xFF,0xFF,0xFF,0x60,0x00,0x00,0x00,0x08,0xFF,
    0xFF,0xFF,0xFF,0xE0,0x00,0x00,0x00,0x00,0xDF,0xFF,0xFF,0xFF,0x20,0x00,0xDF,0xFF,
    0xFF,0xFF,0xB0,0x00,0x00,0x00,0x0D,0xFF,0xFF,0xFF,0xFF,0xF5,0x00,0x00,0x00,0x03,
    0xFF,0xFF,0xFF,0xFB,0x00,0x00,0x8F,0xFF,0xFF,0xFF,0xF1,0x00,0x00,0x00,0x4F,0xFF,
    0xFF,0xFF,0xFF,0xFA,0x00,0x00,0x00,0x08,0xFF,0xFF,0xFF,0xF6,0x00,0x00,0x2F,0xFF,
    0xFF,0xFF,0xF6,0x00,0x00,0x00,0x9F,0xFF,0xFF,0xFF,0xFF,0xFE,0x00,0x00,0x00,0x0E,
    0xFF,0xFF,0xFF,0xF1,0x00,0x00,0x0C,0xFF,0xFF,0xFF,0xFB,0x00,0x00,0x00,0xEF,0xFF,
    0xFF,0xFF,0xFF,0xFF,0x50,0x00,0x00,0x4F,0xFF,0xFF,0xFF,0xA0,0x00,0x00,0x07,0xFF,
    0xFF,0xFF,0xFF,0x10,0x00,0x04,0xFF,0xFF,0xFF,0xFF,0xFF,0xFF,0xA0,0x00,0x00,0x9F,
    0xFF,0xFF,0xFF,0x50,0x00,0x00,0x02,0xFF,0xFF,0xFF,0xFF,0x60,0x00,0x0A,0xFF,0xFF,
    0xFF,0xFF,0xFF,0xFF,0xE1,0x00,0x00,0xEF,0xFF,0xFF,0xFE,0x10,0x00,0x00,0x00,0xBF,
    0xFF,0xFF,0xFF,0xB0,0x00,0x1E,0xFF,0xFF,0xFF,0xFF,0xFF,0xFF,0xF5,0x00,0x05,0xFF,
    0xFF,0xFF,0xFA,0x00,0x00,0x00,0x00,0x6F,0xFF,0xFF,0xFF,0xF1,0x00,0x5F,0xFF,0xFF,
    0xFF,0xFF,0xFF,0xFF,0xFA,0x00,0x0A,0xFF,0xFF,0xFF,0xF4,0x00,0x00,0x00,0x00,0x1F,
    0xFF,0xFF,0xFF,0xF6,0x00,0xBF,0xFF,0xFF,0xFF,0xFF,0xFF,0xFF,0xFE,0x10,0x1E,0xFF,
    0xFF,0xFF,0xE0,0x00,0x00,0x00,0x00,0x0A,0xFF,0xFF,0xFF,0xFB,0x01,0xFF,0xFF,0xFF,
    0xFB,0xBF,0xFF,0xFF,0xFF,0x50,0x5F,0xFF,0xFF,0xFF,0x90,0x00,0x00,0x00,0x00,0x05,
    0xFF,0xFF,0xFF,0xFF,0x16,0xFF,0xFF,0xFF,0xF6,0x6F,0xFF,0xFF,0xFF,0xA0,0xAF,0xFF,
    0xFF,0xFF,0x30,0x00,0x00,0x00,0x00,0x00,0xEF,0xFF,0xFF,0xFF,0x6B,0xFF,0xFF,0xFF,
    0xF1,0x1F,0xFF,0xFF,0xFF,0xF2,0xFF,0xFF,0xFF,0xFD,0x00,0x00,0x00,0x00,0x00,0x00,
    0x9F,0xFF,0xFF,0xFF,0xDF,0xFF,0xFF,0xFF,0xA0,0x0A,0xFF,0xFF,0xFF,0xFB,0xFF,0xFF,
    0xFF,0xF8,0x00,0x00,0x00,0x00,0x00,0x00,0x4F,0xFF,0xFF,0xFF,0xFF,0xFF,0xFF,0xFF,
    0x50,0x05,0xFF,0xFF,0xFF,0xFF,0xFF,0xFF,0xFF,0xF2,0x00,0x00,0x00,0x00,0x00,0x00,
    0x0E,0xFF,0xFF,0xFF,0xFF,0xFF,0xFF,0xFE,0x10,0x01,0xEF,0xFF,0xFF,0xFF,0xFF,0xFF,
    0xFF,0xC0,0x00,0x00,0x00,0x00,0x00,0x00,0x08,0xFF,0xFF,0xFF,0xFF,0xFF,0xFF,0xF9,
    0x00,0x00,0xAF,0xFF,0xFF,0xFF,0xFF,0xFF,0xFF,0x70,0x00,0x00,0x00,0x00,0x00,0x00,
    0x03,0xFF,0xFF,0xFF,0xFF,0xFF,0xFF,0xF4,0x00,0x00,0x5F,0xFF,0xFF,0xFF,0xFF,0xFF,
    0xFF,0x10,0x00,0x00,0x00,0x00,0x00,0x00,0x00,0xDF,0xFF,0xFF,0xFF,0xFF,0xFF,0xE0,
    0x00,0x00,0x0E,0xFF,0xFF,0xFF,0xFF,0xFF,0xFB,0x00,0x00,0x00,0x00,0x00,0x00,0x00,
    0x00,0x8F,0xFF,0xFF,0xFF,0xFF,0xFF,0x80,0x00,0x00,0x09,0xFF,0xFF,0xFF,0xFF,0xFF,
    0xF6,0x00,0x00,0x00,0x00,0x00,0x00,0x00,0x00,0x2F,0xFF,0xFF,0xFF,0xFF,0xFF,0x30,
    0x00,0x00,0x04,0xFF,0xFF,0xFF,0xFF,0xFF,0xF1,0x00,0x00,0x00,0x00,0x00,0x00,0x00,
    0x00,0x0C,0xFF,0xFF,0xFF,0xFF,0xFD,0x00,0x00,0x00,0x00,0xEF,0xFF,0xFF,0xFF,0xFF,
    0xA0,0x00,0x00,0x00,0x00,0x00,0x00,0x00,0x00,0x07,0xFF,0xFF,0xFF,0xFF,0xF7,0x00,
    0x00,0x00,0x00,0x9F,0xFF,0xFF,0xFF,0xFF,0x50,0x00,0x00,0x00,0x00,0x00,0x00,0x00,
    0x00,0x01,0xFF,0xFF,0xFF,0xFF,0xF2,0x00,0x00,0x00,0x00,0x4F,0xFF,0xFF,0xFF,0xFE,
    0x00,0x00,0x00,0x00,0x00,0x00,0x00,0x00,0x00,0x00,0x00,0x00,0x00,0x00,0x00,0x00,
    0x00,0x00,0x00,0x00,0x00,0x6F,0xFF,0xFF,0xFF,0xFF,0xC0,0x00,0x00,0x00,0x07,0xFF,
    0xFF,0xFF,0xFF,0xE3,0x00,0xAF,0xFF,0xFF,0xFF,0xFF,0x80,0x00,0x00,0x04,0xFF,0xFF,
    0xFF,0xFF,0xF6,0x00,0x01,0xDF,0xFF,0xFF,0xFF,0xFF,0x40,0x00,0x01,0xDF,0xFF,0xFF,
    0xFF,0xF9,0x00,0x00,0x03,0xFF,0xFF,0xFF,0xFF,0xFD,0x10,0x00,0xAF,0xFF,0xFF,0xFF,
    0xFC,0x10,0x00,0x00,0x07,0xFF,0xFF,0xFF,0xFF,0xFA,0x00,0x6F,0xFF,0xFF,0xFF,0xFE,
    0x20,0x00,0x00,0x00,0x0B,0xFF,0xFF,0xFF,0xFF,0xF5,0x2E,0xFF,0xFF,0xFF,0xFF,0x50,
    0x00,0x00,0x00,0x00,0x1D,0xFF,0xFF,0xFF,0xFF,0xEE,0xFF,0xFF,0xFF,0xFF,0x90,0x00,
    0x00,0x00,0x00,0x00,0x4F,0xFF,0xFF,0xFF,0xFF,0xFF,0xFF,0xFF,0xFF,0xC0,0x00,0x00,
    0x00,0x00,0x00,0x00,0x7F,0xFF,0xFF,0xFF,0xFF,0xFF,0xFF,0xFF,0xE2,0x00,0x00,0x00,
    0x00,0x00,0x00,0x00,0xBF,0xFF,0xFF,0xFF,0xFF,0xFF,0xFF,0xF5,0x00,0x00,0x00,0x00,
    0x00,0x00,0x00,0x02,0xEF,0xFF,0xFF,0xFF,0xFF,0xFF,0xF8,0x00,0x00,0x00,0x00,0x00,
    0x00,0x00,0x00,0x04,0xFF,0xFF,0xFF,0xFF,0xFF,0xFC,0x00,0x00,0x00,0x00,0x00,0x00,
    0x00,0x00,0x00,0x09,0xFF,0xFF,0xFF,0xFF,0xFF,0x20,0x00,0x00,0x00,0x00,0x00,0x00,
    0x00,0x00,0x00,0x9F,0xFF,0xFF,0xFF,0xFF,0xF8,0x00,0x00,0x00,0x00,0x00,0x00,0x00,
    0x00,0x00,0x5F,0xFF,0xFF,0xFF,0xFF,0xFF,0xF4,0x00,0x00,0x00,0x00,0x00,0x00,0x00,
    0x00,0x2E,0xFF,0xFF,0xFF,0xFF,0xFF,0xFF,0xE2,0x00,0x00,0x00,0x00,0x00,0x00,0x00,
    0x1C,0xFF,0xFF,0xFF,0xFF,0xFF,0xFF,0xFF,0xB0,0x00,0x00,0x00,0x00,0x00,0x00,0x09,
    0xFF,0xFF,0xFF,0xFF,0xFF,0xFF,0xFF,0xFF,0x80,0x00,0x00,0x00,0x00,0x00,0x06,0xFF,
    0xFF,0xFF,0xFF,0xFF,0xFF,0xFF,0xFF,0xFF,0x40,0x00,0x00,0x00,0x00,0x03,0xFF,0xFF,
    0xFF,0xFF,0xFA,0xEF,0xFF,0xFF,0xFF,0xFE,0x10,0x00,0x00,0x00,0x01,0xDF,0xFF,0xFF,
    0xFF,0xFC,0x05,0xFF,0xFF,0xFF,0xFF,0xFB,0x00,0x00,0x00,0x00,0xAF,0xFF,0xFF,0xFF,
    0xFE,0x20,0x0A,0xFF,0xFF,0xFF,0xFF,0xF7,0x00,0x00,0x00,0x7F,0xFF,0xFF,0xFF,0xFF,
    0x50,0x00,0x1E,0xFF,0xFF,0xFF,0xFF,0xF4,0x00,0x00,0x3F,0xFF,0xFF,0xFF,0xFF,0xA0,
    0x00,0x00,0x4F,0xFF,0xFF,0xFF,0xFF,0xD1,0x00,0x1D,0xFF,0xFF,0xFF,0xFF,0xD1,0x00,
    0x00,0x00,0x9F,0xFF,0xFF,0xFF,0xFF,0xB0,0x0B,0xFF,0xFF,0xFF,0xFF,0xF3,0x00,0x00,
    0x00,0x01,0xDF,0xFF,0xFF,0xFF,0xFF,0x70,0x00,0x00,0x00,0x00,0x00,0x00,0x00,0x00,
    0x00,0x00,0x00,0x00,0x00,0x00,0x00,0x00,0x5F,0xFF,0xFF,0xFF,0xFF,0x10,0x00,0x00,
    0x00,0x00,0x00,0x9F,0xFF,0xFF,0xFF,0xF2,0x0D,0xFF,0xFF,0xFF,0xFF,0x70,0x00,0x00,
    0x00,0x00,0x01,0xEF,0xFF,0xFF,0xFF,0xA0,0x07,0xFF,0xFF,0xFF,0xFF,0xD0,0x00,0x00,
    0x00,0x00,0x06,0xFF,0xFF,0xFF,0xFF,0x40,0x01,0xFF,0xFF,0xFF,0xFF,0xF4,0x00,0x00,
    0x00,0x00,0x0C,0xFF,0xFF,0xFF,0xFD,0x00,0x00,0xAF,0xFF,0xFF,0xFF,0xFA,0x00,0x00,
    0x00,0x00,0x3F,0xFF,0xFF,0xFF,0xF7,0x00,0x00,0x3F,0xFF,0xFF,0xFF,0xFF,0x10,0x00,
    0x00,0x00,0x9F,0xFF,0xFF,0xFF,0xE1,0x00,0x00,0x0C,0xFF,0xFF,0xFF,0xFF,0x70,0x00,
    0x00,0x01,0xEF,0xFF,0xFF,0xFF,0x90,0x00,0x00,0x05,0xFF,0xFF,0xFF,0xFF,0xD0,0x00,
    0x00,0x06,0xFF,0xFF,0xFF,0xFF,0x30,0x00,0x00,0x00,0xEF,0xFF,0xFF,0xFF,0xF4,0x00,
    0x00,0x0C,0xFF,0xFF,0xFF,0xFC,0x00,0x00,0x00,0x00,0x8F,0xFF,0xFF,0xFF,0xFA,0x00,
    0x00,0x3F,0xFF,0xFF,0xFF,0xF6,0x00,0x00,0x00,0x00,0x2F,0xFF,0xFF,0xFF,0xFF,0x10,
    0x00,0x9F,0xFF,0xFF,0xFF,0xE0,0x00,0x00,0x00,0x00,0x0A,0xFF,0xFF,0xFF,0xFF,0x70,
    0x01,0xEF,0xFF,0xFF,0xFF,0x80,0x00,0x00,0x00,0x00,0x04,0xFF,0xFF,0xFF,0xFF,0xD0,
    0x06,0xFF,0xFF,0xFF,0xFF,0x20,0x00,0x00,0x00,0x00,0x00,0xCF,0xFF,0xFF,0xFF,0xF4,
    0x0D,0xFF,0xFF,0xFF,0xFB,0x00,0x00,0x00,0x00,0x00,0x00,0x6F,0xFF,0xFF,0xFF,0xFA,
    0x4F,0xFF,0xFF,0xFF,0xF5,0x00,0x00,0x00,0x00,0x00,0x00,0x1E,0xFF,0xFF,0xFF,0xFF,
    0xBF,0xFF,0xFF,0xFF,0xD0,0x00,0x00,0x00,0x00,0x00,0x00,0x08,0xFF,0xFF,0xFF,0xFF,
    0xFF,0xFF,0xFF,0xFF,0x70,0x00,0x00,0x00,0x00,0x00,0x00,0x02,0xFF,0xFF,0xFF,0xFF,
    0xFF,0xFF,0xFF,0xFF,0x10,0x00,0x00,0x00,0x00,0x00,0x00,0x00,0xBF,0xFF,0xFF,0xFF,
    0xFF,0xFF,0xFF,0xFA,0x00,0x00,0x00,0x00,0x00,0x00,0x00,0x00,0x4F,0xFF,0xFF,0xFF,
    0xFF,0xFF,0xFF,0xF3,0x00,0x00,0x00,0x00,0x00,0x00,0x00,0x00,0x0D,0xFF,0xFF,0xFF,
    0xFF,0xFF,0xFF,0xC0,0x00,0x00,0x00,0x00,0x00,0x00,0x00,0x00,0x07,0xFF,0xFF,0xFF,
    0xFF,0xFF,0xFF,0x60,0x00,0x00,0x00,0x00,0x00,0x00,0x00,0x00,0x01,0xEF,0xFF,0xFF,
    0xFF,0xFF,0xFE,0x10,0x00,0x00,0x00,0x00,0x00,0x00,0x00,0x00,0x00,0x9F,0xFF,0xFF,
    0xFF,0xFF,0xF9,0x00,0x00,0x00,0x00,0x00,0x00,0x00,0x00,0x00,0x00,0x3F,0xFF,0xFF,
    0xFF,0xFF,0xF2,0x00,0x00,0x00,0x00,0x00,0x00,0x00,0x00,0x00,0x00,0x0C,0xFF,0xFF,
    0xFF,0xFF,0xB0,0x00,0x00,0x00,0x00,0x00,0x00,0x00,0x00,0x00,0x00,0x0D,0xFF,0xFF,
    0xFF,0xFF,0x50,0x00,0x00,0x00,0x00,0x00,0x00,0x04,0x91,0x00,0x00,0x4F,0xFF,0xFF,
    0xFF,0xFD,0x00,0x00,0x00,0x00,0x00,0x00,0x00,0x0B,0xFF,0xA8,0x8B,0xFF,0xFF,0xFF,
    0xFF,0xF7,0x00,0x00,0x00,0x00,0x00,0x00,0x00,0x4F,0xFF,0xFF,0xFF,0xFF,0xFF,0xFF,
    0xFF,0xD1,0x00,0x00,0x00,0x00,0x00,0x00,0x00,0xBF,0xFF,0xFF,0xFF,0xFF,0xFF,0xFF,
    0xFF,0x50,0x00,0x00,0x00,0x00,0x00,0x00,0x04,0xFF,0xFF,0xFF,0xFF,0xFF,0xFF,0xFF,
    0xFA,0x00,0x00,0x00,0x00,0x00,0x00,0x00,0x0B,0xFF,0xFF,0xFF,0xFF,0xFF,0xFF,0xFF,
    0xB1,0x00,0x00,0x00,0x00,0x00,0x00,0x00,0x1C,0xFF,0xFF,0xFF,0xFF,0xFF,0xFF,0xFA,
    0x10,0x00,0x00,0x00,0x00,0x00,0x00,0x00,0x00,0x6C,0xFF,0xFF,0xFF,0xFF,0xFC,0x50,
    0x00,0x00,0x00,0x00,0x00,0x00,0x00,0x00,0x00,0x00,0x26,0x9A,0xBA,0x96,0x20,0x00,
    0x00,0x00,0x00,0x00,0x00,0x00,0x00,0x00,0x00,0x00,0x00,0x00,0x00,0x00,0x00,0x00,
    0x00,0x00,0x00,0x00,0x00,0x00,0x1F,0xFF,0xFF,0xFF,0xFF,0xFF,0xFF,0xFF,0xFF,0xFF,
    0xFF,0xFF,0x20,0x01,0xFF,0xFF,0xFF,0xFF,0xFF,0xFF,0xFF,0xFF,0xFF,0xFF,0xFF,0xF2,
    0x00,0x1F,0xFF,0xFF,0xFF,0xFF,0xFF,0xFF,0xFF,0xFF,0xFF,0xFF,0xFF,0x20,0x01,0xFF,
    0xFF,0xFF,0xFF,0xFF,0xFF,0xFF,0xFF,0xFF,0xFF,0xFF,0xF2,0x00,0x1F,0xFF,0xFF,0xFF,
    0xFF,0xFF,0xFF,0xFF,0xFF,0xFF,0xFF,0xFF,0x20,0x01,0xFF,0xFF,0xFF,0xFF,0xFF,0xFF,
    0xFF,0xFF,0xFF,0xFF,0xFF,0xD1,0x00,0x1C,0xCC,0xCC,0xCC,0xCC,0xCC,0xEF,0xFF,0xFF,
    0xFF,0xFF,0xE2,0x00,0x00,0x00,0x00,0x00,0x00,0x00,0x2D,0xFF,0xFF,0xFF,0xFF,0xF4,
    0x00,0x00,0x00,0x00,0x00,0x00,0x00,0x1C,0xFF,0xFF,0xFF,0xFF,0xF5,0x00,0x00,0x00,
    0x00,0x00,0x00,0x00,0x0B,0xFF,0xFF,0xFF,0xFF,0xF7,0x00,0x00,0x00,0x00,0x00,0x00,
    0x00,0x09,0xFF,0xFF,0xFF,0xFF,0xF9,0x00,0x00,0x00,0x00,0x00,0x00,0x00,0x07,0xFF,
    0xFF,0xFF,0xFF,0xFB,0x00,0x00,0x00,0x00,0x00,0x00,0x00,0x05,0xFF,0xFF,0xFF,0xFF,
    0xFC,0x10,0x00,0x00,0x00,0x00,0x00,0x00,0x04,0xFF,0xFF,0xFF,0xFF,0xFD,0x20,0x00,
    0x00,0x00,0x00,0x00,0x00,0x02,0xEF,0xFF,0xFF,0xFF,0xFE,0x30,0x00,0x00,0x00,0x00,
    0x00,0x00,0x01,0xDF,0xFF,0xFF,0xFF,0xFF,0x40,0x00,0x00,0x00,0x00,0x00,0x00,0x01,
    0xCF,0xFF,0xFF,0xFF,0xFF,0x60,0x00,0x00,0x00,0x00,0x00,0x00,0x00,0xAF,0xFF,0xFF,
    0xFF,0xFF,0x80,0x00,0x00,0x00,0x00,0x00,0x00,0x00,0x8F,0xFF,0xFF,0xFF,0xFF,0xA0,
    0x00,0x00,0x00,0x00,0x00,0x00,0x00,0x6F,0xFF,0xFF,0xFF,0xFF,0xFC,0xCC,0xCC,0xCC,
    0xCC,0xCC,0xC7,0x00,0x4F,0xFF,0xFF,0xFF,0xFF,0xFF,0xFF,0xFF,0xFF,0xFF,0xFF,0xFF,
    0x90,0x06,0xFF,0xFF,0xFF,0xFF,0xFF,0xFF,0xFF,0xFF,0xFF,0xFF,0xFF,0xF9,0x00,0x6F,
    0xFF,0xFF,0xFF,0xFF,0xFF,0xFF,0xFF,0xFF,0xFF,0xFF,0xFF,0x90,0x06,0xFF,0xFF,0xFF,
    0xFF,0xFF,0xFF,0xFF,0xFF,0xFF,0xFF,0xFF,0xF9,0x00,0x6F,0xFF,0xFF,0xFF,0xFF,0xFF,
    0xFF,0xFF,0xFF,0xFF,0xFF,0xFF,0x90,0x06,0xFF,0xFF,0xFF,0xFF,0xFF,0xFF,0xFF,0xFF,
    0xFF,0xFF,0xFF,0xF9,0x00,0x00,0x00,0x00,0x00,0x00,0x00,0x36,0x89,0x99,0x92,0x00,
    0x00,0x00,0x00,0x01,0x7D,0xFF,0xFF,0xFF,0xF4,0x00,0x00,0x00,0x00,0x2D,0xFF,0xFF,
    0xFF,0xFF,0xF4,0x00,0x00,0x00,0x02,0xEF,0xFF,0xFF,0xFF,0xFF,0xF4,0x00,0x00,0x00,
    0x0B,0xFF,0xFF,0xFF,0xFF,0xFF,0xF4,0x00,0x00,0x00,0x3F,0xFF,0xFF,0xFF,0xFF,0xFF,
    0xF4,0x00,0x00,0x00,0x8F,0xFF,0xFF,0xFF,0xFF,0xFF,0xF4,0x00,0x00,0x00,0xCF,0xFF,
    0xFF,0xFF,0xFF,0xD8,0x61,0x00,0x00,0x00,0xDF,0xFF,0xFF,0xFF,0xFD,0x10,0x00,0x00,
    0x00,0x00,0xEF,0xFF,0xFF,0xFF,0xF5,0x00,0x00,0x00,0x00,0x00,0xFF,0xFF,0xFF,0xFF,
    0xF3,0x00,0x00,0x00,0x00,0x00,0xFF,0xFF,0xFF,0xFF,0xF2,0x00,0x00,0x00,0x00,0x00,
    0xFF,0xFF,0xFF,0xFF,0xF2,0x00,0x00,0x00,0x00,0x00,0xFF,0xFF,0xFF,0xFF,0xF2,0x00,
    0x00,0x00,0x00,0x00,0xFF,0xFF,0xFF,0xFF,0xF2,0x00,0x00,0x00,0x00,0x00,0xFF,0xFF,
    0xFF,0xFF,0xF2,0x00,0x00,0x00,0x00,0x00,0xFF,0xFF,0xFF,0xFF,0xF2,0x00,0x00,0x00,
    0x00,0x01,0xFF,0xFF,0xFF,0xFF,0xF2,0x00,0x00,0x00,0x00,0x06,0xFF,0xFF,0xFF,0xFF,
    0xF1,0x00,0x00,0x00,0x7A,0xBF,0xFF,0xFF,0xFF,0xFF,0xD0,0x00,0x00,0x00,0xAF,0xFF,
    0xFF,0xFF,0xFF,0xFF,0x80,0x00,0x00,0x00,0xAF,0xFF,0xFF,0xFF,0xFF,0xFC,0x00,0x00,
    0x00,0x00,0xAF,0xFF,0xFF,0xFF,0xFE,0x70,0x00,0x00,0x00,0x00,0xAF,0xFF,0xFF,0xFF,
    0xFF,0xB3,0x00,0x00,0x00,0x00,0xAF,0xFF,0xFF,0xFF,0xFF,0xFE,0x20,0x00,0x00,0x00,
    0xAF,0xFF,0xFF,0xFF,0xFF,0xFF,0xA0,0x00,0x00,0x00,0x35,0x7D,0xFF,0xFF,0xFF,0xFF,
    0xE0,0x00,0x00,0x00,0x00,0x03,0xFF,0xFF,0xFF,0xFF,0xF1,0x00,0x00,0x00,0x00,0x00,
    0xFF,0xFF,0xFF,0xFF,0xF2,0x00,0x00,0x00,0x00,0x00,0xFF,0xFF,0xFF,0xFF,0xF2,0x00,
    0x00,0x00,0x00,0x00,0xFF,0xFF,0xFF,0xFF,0xF2,0x00,0x00,0x00,0x00,0x00,0xFF,0xFF,
    0xFF,0xFF,0xF2,0x00,0x00,0x00,0x00,0x00,0xFF,0xFF,0xFF,0xFF,0xF2,0x00,0x00,0x00,
    0x00,0x00,0xFF,0xFF,0xFF,0xFF,0xF2,0x00,0x00,0x00,0x00,0x00,0xFF,0xFF,0xFF,0xFF,
    0xF2,0x00,0x00,0x00,0x00,0x00,0xFF,0xFF,0xFF,0xFF,0xF3,0x00,0x00,0x00,0x00,0x00,
    0xEF,0xFF,0xFF,0xFF,0xF7,0x00,0x00,0x00,0x00,0x00,0xDF,0xFF,0xFF,0xFF,0xFE,0x40,
    0x00,0x00,0x00,0x00,0xBF,0xFF,0xFF,0xFF,0xFF,0xFC,0xA3,0x00,0x00,0x00,0x7F,0xFF,
    0xFF,0xFF,0xFF,0xFF,0xF4,0x00,0x00,0x00,0x1E,0xFF,0xFF,0xFF,0xFF,0xFF,0xF4,0x00,
    0x00,0x00,0x08,0xFF,0xFF,0xFF,0xFF,0xFF,0xF4,0x00,0x00,0x00,0x00,0xBF,0xFF,0xFF,
    0xFF,0xFF,0xF4,0x00,0x00,0x00,0x00,0x09,0xFF,0xFF,0xFF,0xFF,0xF4,0x00,0x00,0x00,
    0x00,0x00,0x39,0xDF,0xFF,0xFF,0xF4,0x00,0x00,0x00,0x00,0x00,0x00,0x01,0x34,0x55,
    0x51,0x00,0x06,0x99,0x99,0x99,0x96,0x00,0x00,0x00,0x9F,0xFF,0xFF,0xFF,0xB0,0x00,
    0x00,0x09,0xFF,0xFF,0xFF,0xFB,0x00,0x00,0x00,0x9F,0xFF,0xFF,0xFF,0xB0,0x00,0x00,
    0x09,0xFF,0xFF,0xFF,0xFB,0x00,0x00,0x00,0x9F,0xFF,0xFF,0xFF,0xB0,0x00,0x00,0x09,
    0xFF,0xFF,0xFF,0xFB,0x00,0x00,0x00,0x9F,0xFF,0xFF,0xFF,0xB0,0x00,0x00,0x09,0xFF,
    0xFF,0xFF,0xFB,0x00,0x00,0x00,0x9F,0xFF,0xFF,0xFF,0xB0,0x00,0x00,0x09,0xFF,0xFF,
    0xFF,0xFB,0x00,0x00,0x00,0x9F,0xFF,0xFF,0xFF,0xB0,0x00,0x00,0x09,0xFF,0xFF,0xFF,
    0xFB,0x00,0x00,0x00,0x9F,0xFF,0xFF,0xFF,0xB0,0x00,0x00,0x09,0xFF,0xFF,0xFF,0xFB,
    0x00,0x00,0x00,0x9F,0xFF,0xFF,0xFF,0xB0,0x00,0x00,0x09,0xFF,0xFF,0xFF,0xFB,0x00,
    0x00,0x00,0x9F,0xFF,0xFF,0xFF,0xB0,0x00,0x00,0x09,0xFF,0xFF,0xFF,0xFB,0x00,0x00,
    0x00,0x9F,0xFF,0xFF,0xFF,0xB0,0x00,0x00,0x09,0xFF,0xFF,0xFF,0xFB,0x00,0x00,0x00,
    0x9F,0xFF,0xFF,0xFF,0xB0,0x00,0x00,0x09,0xFF,0xFF,0xFF,0xFB,0x00,0x00,0x00,0x9F,
    0xFF,0xFF,0xFF,0xB0,0x00,0x00,0x09,0xFF,0xFF,0xFF,0xFB,0x00,0x00,0x00,0x9F,0xFF,
    0xFF,0xFF,0xB0,0x00,0x00,0x09,0xFF,0xFF,0xFF,0xFB,0x00,0x00,0x00,0x9F,0xFF,0xFF,
    0xFF,0xB0,0x00,0x00,0x09,0xFF,0xFF,0xFF,0xFB,0x00,0x00,0x00,0x9F,0xFF,0xFF,0xFF,
    0xB0,0x00,0x00,0x09,0xFF,0xFF,0xFF,0xFB,0x00,0x00,0x00,0x9F,0xFF,0xFF,0xFF,0xB0,
    0x00,0x00,0x09,0xFF,0xFF,0xFF,0xFB,0x00,0x00,0x00,0x9F,0xFF,0xFF,0xFF,0xB0,0x00,
    0x00,0x09,0xFF,0xFF,0xFF,0xFB,0x00,0x00,0x00,0x9F,0xFF,0xFF,0xFF,0xB0,0x00,0x00,
    0x09,0xFF,0xFF,0xFF,0xFB,0x00,0x00,0x00,0x9F,0xFF,0xFF,0xFF,0xB0,0x00,0x00,0x09,
    0xFF,0xFF,0xFF,0xFB,0x00,0x00,0x00,0x9F,0xFF,0xFF,0xFF,0xB0,0x00,0x00,0x09,0xFF,
    0xFF,0xFF,0xFB,0x00,0x00,0x00,0x9F,0xFF,0xFF,0xFF,0xB0,0x00,0x00,0x09,0xFF,0xFF,
    0xFF,0xFB,0x00,0x00,0x00,0x9F,0xFF,0xFF,0xFF,0xB0,0x00,0x00,0x09,0xFF,0xFF,0xFF,
    0xFB,0x00,0x00,0x00,0x35,0x55,0x55,0x55,0x30,0x00,0x49,0x99,0x87,0x62,0x00,0x00,
    0x00,0x00,0x00,0x00,0x6F,0xFF,0xFF,0xFF,0xD6,0x00,0x00,0x00,0x00,0x00,0x6F,0xFF,
    0xFF,0xFF,0xFF,0xB2,0x00,0x00,0x00,0x00,0x6F,0xFF,0xFF,0xFF,0xFF,0xFC,0x10,0x00,
    0x00,0x00,0x6F,0xFF,0xFF,0xFF,0xFF,0xFF,0x90,0x00,0x00,0x00,0x6F,0xFF,0xFF,0xFF,
    0xFF,0xFF,0xF2,0x00,0x00,0x00,0x6F,0xFF,0xFF,0xFF,0xFF,0xFF,0xF6,0x00,0x00,0x00,
    0x26,0x8E,0xFF,0xFF,0xFF,0xFF,0xFA,0x00,0x00,0x00,0x00,0x02,0xEF,0xFF,0xFF,0xFF,
    0xFB,0x00,0x00,0x00,0x00,0x00,0x7F,0xFF,0xFF,0xFF,0xFD,0x00,0x00,0x00,0x00,0x00,
    0x5F,0xFF,0xFF,0xFF,0xFD,0x00,0x00,0x00,0x00,0x00,0x4F,0xFF,0xFF,0xFF,0xFD,0x00,
    0x00,0x00,0x00,0x00,0x4F,0xFF,0xFF,0xFF,0xFD,0x00,0x00,0x00,0x00,0x00,0x4F,0xFF,
    0xFF,0xFF,0xFD,0x00,0x00,0x00,0x00,0x00,0x4F,0xFF,0xFF,0xFF,0xFD,0x00,0x00,0x00,
    0x00,0x00,0x4F,0xFF,0xFF,0xFF,0xFD,0x00,0x00,0x00,0x00,0x00,0x4F,0xFF,0xFF,0xFF,
    0xFD,0x00,0x00,0x00,0x00,0x00,0x4F,0xFF,0xFF,0xFF,0xFE,0x00,0x00,0x00,0x00,0x00,
    0x3F,0xFF,0xFF,0xFF,0xFF,0x40,0x00,0x00,0x00,0x00,0x0E,0xFF,0xFF,0xFF,0xFF,0xFB,
    0xA5,0x00,0x00,0x00,0x09,0xFF,0xFF,0xFF,0xFF,0xFF,0xF8,0x00,0x00,0x00,0x01,0xDF,
    0xFF,0xFF,0xFF,0xFF,0xF8,0x00,0x00,0x00,0x00,0x18,0xFF,0xFF,0xFF,0xFF,0xF8,0x00,
    0x00,0x00,0x00,0x3C,0xFF,0xFF,0xFF,0xFF,0xF8,0x00,0x00,0x00,0x03,0xFF,0xFF,0xFF,
    0xFF,0xFF,0xF8,0x00,0x00,0x00,0x0B,0xFF,0xFF,0xFF,0xFF,0xFF,0xF8,0x00,0x00,0x00,
    0x1F,0xFF,0xFF,0xFF,0xFF,0xC6,0x53,0x00,0x00,0x00,0x3F,0xFF,0xFF,0xFF,0xFF,0x10,
    0x00,0x00,0x00,0x00,0x4F,0xFF,0xFF,0xFF,0xFD,0x00,0x00,0x00,0x00,0x00,0x4F,0xFF,
    0xFF,0xFF,0xFD,0x00,0x00,0x00,0x00,0x00,0x4F,0xFF,0xFF,0xFF,0xFD,0x00,0x00,0x00,
    0x00,0x00,0x4F,0xFF,0xFF,0xFF,0xFD,0x00,0x00,0x00,0x00,0x00,0x4F,0xFF,0xFF,0xFF,
    0xFD,0x00,0x00,0x00,0x00,0x00,0x4F,0xFF,0xFF,0xFF,0xFD,0x00,0x00,0x00,0x00,0x00,
    0x4F,0xFF,0xFF,0xFF,0xFD,0x00,0x00,0x00,0x00,0x00,0x5F,0xFF,0xFF,0xFF,0xFD,0x00,
    0x00,0x00,0x00,0x00,0x9F,0xFF,0xFF,0xFF,0xFC,0x00,0x00,0x00,0x00,0x05,0xFF,0xFF,
    0xFF,0xFF,0xFB,0x00,0x00,0x00,0x4A,0xDF,0xFF,0xFF,0xFF,0xFF,0xF9,0x00,0x00,0x00,
    0x6F,0xFF,0xFF,0xFF,0xFF,0xFF,0xF5,0x00,0x00,0x00,0x6F,0xFF,0xFF,0xFF,0xFF,0xFF,
    0xD0,0x00,0x00,0x00,0x6F,0xFF,0xFF,0xFF,0xFF,0xFF,0x60,0x00,0x00,0x00,0x6F,0xFF,
    0xFF,0xFF,0xFF,0xF9,0x00,0x00,0x00,0x00,0x6F,0xFF,0xFF,0xFF,0xFF,0x70,0x00,0x00,
    0x00,0x00,0x6F,0xFF,0xFF,0xFD,0x82,0x00,0x00,0x00,0x00,0x00,0x25,0x55,0x43,0x10,
    0x00,0x00,0x00,0x00,0x00,0x00,0x00,0x00,0x00,0x00,0x00,0x00,0x00,0x00,0x00,0x00,
    0x00,0x00,0x00,0x00,0x00,0x00,0x00,0x03,0x9E,0xFF,0xD8,0x20,0x00,0x00,0x00,0x58,
    0x88,0x88,0x10,0x00,0x00,0x08,0xFF,0xFF,0xFF,0xFF,0x70,0x00,0x00,0x0A,0xFF,0xFF,
    0xF0,0x00,0x00,0x08,0xFF,0xFF,0xFF,0xFF,0xFF,0xC2,0x00,0x02,0xFF,0xFF,0xFE,0x00,
    0x00,0x04,0xFF,0xFF,0xFF,0xFF,0xFF,0xFF,0xE7,0x35,0xDF,0xFF,0xFF,0xB0,0x00,0x00,
    0xCF,0xFF,0xFF,0xFF,0xFF,0xFF,0xFF,0xFF,0xFF,0xFF,0xFF,0xF8,0x00,0x00,0x3F,0xFF,
    0xFF,0xFF,0xFF,0xFF,0xFF,0xFF,0xFF,0xFF,0xFF,0xFF,0x20,0x00,0x07,0xFF,0xFF,0xFF,
    0xB7,0xAF,0xFF,0xFF,0xFF,0xFF,0xFF,0xFF,0xB0,0x00,0x00,0xAF,0xFF,0xFF,0x80,0x00,
    0x3D,0xFF,0xFF,0xFF,0xFF,0xFF,0xE2,0x00,0x00,0x0B,0xFF,0xFF,0xF1,0x00,0x00,0x19,
    0xFF,0xFF,0xFF,0xFF,0xE3,0x00,0x00,0x00,0xAC,0xCC,0xCA,0x00,0x00,0x00,0x03,0xBF,
    0xFF,0xFE,0x91,0x00,0x00,0x00,0x00,0x00,0x00,0x00,0x00,0x00,0x00,0x00,0x14,0x53,
    0x10,0x00,0x00,0x00,0x00,0x00,0x00,0x00,0x00,0x00,0x00,0x00,0x00,0x00,0x00,0x00,
    0x00,0x00,0x00,0x00,0x00,0x00,0x00,0x00,0x00,0x00,0x00,0x00,0x00,0x00,0x00,0x00,
    0x00,0x00,0x00,0x00,0x00,0x00,0x00,0x00,0x00,0x00,0x00,0x00,0x00,0x00,0x00,0x00,
    0x00,0x00,0x00,0x00,0x00,0x00,0x00,0x00,0x00,0x00,0x00,0x00,0x00,0x00,0x00,0x00,
    0x00,0x00,0x00,0x00,0x00,0x00,0x00,0x00,0x00,0x00,0x00,0x00,0x00,0x00,0x00,0x00,
    0x00,0x00,0x00,0x00,0x00,0x00,0x00,0x00,0x00,0x00,0x00,0x00,0x00,0x00,0x00,0x00,
    0x00,0x00,0x00,0x00,0x00,0x00,0x00,0x00,0x00,0x00,0x00,0x00,0x00,0x00,0x00,0x00,
    0x00,0x00,0x00,0x00,0x00,0x00,0x00,0x00,0x00,0x00,0x00,0x00,0x00,0x00,0x00,0x00,
    0x00,0x00,0x00,0x00,0x00,0x00,0x00,0x00,0x00,0x00,0x00,0x00,0x00,0x00,0x00,0x00,
    0x00,0x00,0x00,0x00,0x00,0x00,0x00,0x00,0x00,0x00,0x00,0x00,0x00,0x00,0x00,0x00,
    0x00,0x00,0x00,0x00,0x00,0x00,0x00,0x00,0x00,0x00,0x00,0x00,0x00,0x00,0x00,0x00,
    0x00,0x5B,0xEF,0xFE,0xB5,0x00,0x00,0x00,0x00,0x00,0x2C,0xFF,0xFF,0xFF,0xFF,0xC2,
    0x00,0x00,0x00,0x04,0xEF,0xFF,0xFF,0xFF,0xFF,0xFE,0x40,0x00,0x00,0x2E,0xFF,0xFF,
    0xFF,0xFF,0xFF,0xFF,0xE2,0x00,0x00,0xBF,0xFF,0xFE,0x95,0x59,0xEF,0xFF,0xFB,0x00,
    0x03,0xFF,0xFF,0xE3,0x00,0x00,0x3E,0xFF,0xFF,0x30,0x08,0xFF,0xFF,0x60,0x00,0x00,
    0x06,0xFF,0xFF,0x70,0x0A,0xFF,0xFF,0x10,0x00,0x00,0x01,0xFF,0xFF,0xA0,0x0B,0xFF,
    0xFF,0x00,0x00,0x00,0x00,0xFF,0xFF,0xA0,0x0A,0xFF,0xFF,0x20,0x00,0x00,0x02,0xFF,
    0xFF,0x90,0x07,0xFF,0xFF,0x80,0x00,0x00,0x08,0xFF,0xFF,0x60,0x02,0xFF,0xFF,0xF6,
    0x00,0x00,0x6F,0xFF,0xFF,0x20,0x00,0x9F,0xFF,0xFF,0xC8,0x8C,0xFF,0xFF,0xF9,0x00,
    0x00,0x1D,0xFF,0xFF,0xFF,0xFF,0xFF,0xFF,0xC1,0x00,0x00,0x02,0xDF,0xFF,0xFF,0xFF,
    0xFF,0xFD,0x20,0x00,0x00,0x00,0x19,0xFF,0xFF,0xFF,0xFF,0x91,0x00,0x00,0x00,0x00,
    0x00,0x27,0xBC,0xCA,0x72,0x00,0x00,0x00,0x00,0x00,0x00,0x00,0x00,0x00,0x00,0x00,
    0x00,0x00,0x00,0x00,0x00,0x00,0x00,0x00,0x00,0x00,0x00,0x00,0x00,0x00,0x00,0x00,
    0x00,0x00,0x00,0x00,0x00,0x00,0x00,0x00,0x00,0x00,0x00,0x00,0x00,0x00,0x00,0x00,
    0x00,0x00,0x00,0x00,0x00,0x00,0x00,0x00,0x00,0x00,0x00,0x00,0x00,0x00,0x00,0x00,
    0x00,0x00,0x00,0x00,0x00,0x00,0x00,0x00,0x00,0x00,0x00,0x00,0x00,0x00,0x00,0x00,
    0x00,0x00,0x00,0x00,0x00,0x00,0x00,0x00,0x00,0x00,0x00,0x00,0x00,0x00,0x00,0x00,
    0x00,0x00,0x00,0x00,0x00,0x00,0x00,0x00,0x00,0x00,0x00,0x00,0x00,0x00,0x00,0x00,
    0x00,0x00,0x00,0x00,0x00,0x00,0x00,0x00,0x00,0x00,0x00,0x00,0x00,0x00,0x00,0x00,
    0x00,0x00,0x00,0x00,0x00,0x00,0x00,0x00,0x00,0x00,0x00,0x00,0x00,0x00,0x00,0x00,
    0x00,0x00,0x00,0x00,0x00,0x00,0x00,0x00,0x00,0x00,0x00,0x00,0x00,0x00,0x00,0x00,
    0x00,0x00,0x00,0x00,0x00,0x00,0x00,0x00,0x00,0x00,0x00,0x00,0x00,0x00,0x00,0x00,
    0x00,0x00,
};

static const lv_font_fmt_txt_glyph_dsc_t glyph_dsc[] = {
    {.bitmap_index = 0, .adv_w = 0, .box_w = 0, .box_h = 0, .ofs_x = 0, .ofs_y = 0},
    {.bitmap_index = 0, .adv_w = 224, .box_w = 0, .box_h = 0, .ofs_x = 0, .ofs_y = 0},
    {.bitmap_index = 0, .adv_w = 224, .box_w = 14, .box_h = 35, .ofs_x = 0, .ofs_y = -1},
    {.bitmap_index = 245, .adv_w = 352, .box_w = 22, .box_h = 34, .ofs_x = 0, .ofs_y = 0},
    {.bitmap_index = 619, .adv_w = 560, .box_w = 35, .box_h = 34, .ofs_x = 0, .ofs_y = 0},
    {.bitmap_index = 1214, .adv_w = 496, .box_w = 31, .box_h = 46, .ofs_x = 0, .ofs_y = -6},
    {.bitmap_index = 1927, .adv_w = 688, .box_w = 43, .box_h = 36, .ofs_x = 0, .ofs_y = -1},
    {.bitmap_index = 2701, .adv_w = 576, .box_w = 36, .box_h = 36, .ofs_x = 0, .ofs_y = -1},
    {.bitmap_index = 3349, .adv_w = 192, .box_w = 12, .box_h = 34, .ofs_x = 0, .ofs_y = 0},
    {.bitmap_index = 3553, .adv_w = 288, .box_w = 18, .box_h = 46, .ofs_x = 0, .ofs_y = -10},
    {.bitmap_index = 3967, .adv_w = 288, .box_w = 19, .box_h = 46, .ofs_x = -1, .ofs_y = -10},
    {.bitmap_index = 4404, .adv_w = 352, .box_w = 22, .box_h = 36, .ofs_x = 0, .ofs_y = 0},
    {.bitmap_index = 4800, .adv_w = 464, .box_w = 29, .box_h = 29, .ofs_x = 0, .ofs_y = 0},
    {.bitmap_index = 5221, .adv_w = 224, .box_w = 14, .box_h = 19, .ofs_x = 0, .ofs_y = -8},
    {.bitmap_index = 5354, .adv_w = 304, .box_w = 19, .box_h = 18, .ofs_x = 0, .ofs_y = 0},
    {.bitmap_index = 5525, .adv_w = 224, .box_w = 14, .box_h = 12, .ofs_x = 0, .ofs_y = -1},
    {.bitmap_index = 5609, .adv_w = 320, .box_w = 25, .box_h = 46, .ofs_x = -2, .ofs_y = -5},
    {.bitmap_index = 6184, .adv_w = 528, .box_w = 33, .box_h = 36, .ofs_x = 0, .ofs_y = -1},
    {.bitmap_index = 6778, .adv_w = 304, .box_w = 19, .box_h = 34, .ofs_x = 0, .ofs_y = 0},
    {.bitmap_index = 7101, .adv_w = 464, .box_w = 30, .box_h = 35, .ofs_x = -1, .ofs_y = 0},
    {.bitmap_index = 7626, .adv_w = 464, .box_w = 30, .box_h = 35, .ofs_x = -1, .ofs_y = -1},
    {.bitmap_index = 8151, .adv_w = 544, .box_w = 34, .box_h = 34, .ofs_x = 0, .ofs_y = 0},
    {.bitmap_index = 8729, .adv_w = 464, .box_w = 29, .box_h = 35, .ofs_x = 0, .ofs_y = -1},
    {.bitmap_index = 9237, .adv_w = 496, .box_w = 31, .box_h = 36, .ofs_x = 0, .ofs_y = -1},
    {.bitmap_index = 9795, .adv_w = 480, .box_w = 30, .box_h = 34, .ofs_x = 0, .ofs_y = 0},
    {.bitmap_index = 10305, .adv_w = 512, .box_w = 32, .box_h = 36, .ofs_x = 0, .ofs_y = -1},
    {.bitmap_index = 10881, .adv_w = 496, .box_w = 31, .box_h = 36, .ofs_x = 0, .ofs_y = -1},
    {.bitmap_index = 11439, .adv_w = 224, .box_w = 14, .box_h = 28, .ofs_x = 0, .ofs_y = -1},
    {.bitmap_index = 11635, .adv_w = 224, .box_w = 14, .box_h = 35, .ofs_x = 0, .ofs_y = -8},
    {.bitmap_index = 11880, .adv_w = 464, .box_w = 29, .box_h = 30, .ofs_x = 0, .ofs_y = 0},
    {.bitmap_index = 12315, .adv_w = 464, .box_w = 29, .box_h = 27, .ofs_x = 0, .ofs_y = 0},
    {.bitmap_index = 12707, .adv_w = 464, .box_w = 29, .box_h = 30, .ofs_x = 0, .ofs_y = 0},
    {.bitmap_index = 13142, .adv_w = 464, .box_w = 30, .box_h = 36, .ofs_x = -1, .ofs_y = -1},
    {.bitmap_index = 13682, .adv_w = 800, .box_w = 50, .box_h = 45, .ofs_x = 0, .ofs_y = -10},
    {.bitmap_index = 14807, .adv_w = 608, .box_w = 40, .box_h = 34, .ofs_x = -1, .ofs_y = 0},
    {.bitmap_index = 15487, .adv_w = 592, .box_w = 37, .box_h = 34, .ofs_x = 0, .ofs_y = 0},
    {.bitmap_index = 16116, .adv_w = 560, .box_w = 35, .box_h = 36, .ofs_x = 0, .ofs_y = -1},
    {.bitmap_index = 16746, .adv_w = 640, .box_w = 40, .box_h = 34, .ofs_x = 0, .ofs_y = 0},
    {.bitmap_index = 17426, .adv_w = 512, .box_w = 32, .box_h = 34, .ofs_x = 0, .ofs_y = 0},
    {.bitmap_index = 17970, .adv_w = 496, .box_w = 31, .box_h = 34, .ofs_x = 0, .ofs_y = 0},
    {.bitmap_index = 18497, .adv_w = 592, .box_w = 37, .box_h = 36, .ofs_x = 0, .ofs_y = -1},
    {.bitmap_index = 19163, .adv_w = 624, .box_w = 39, .box_h = 34, .ofs_x = 0, .ofs_y = 0},
    {.bitmap_index = 19826, .adv_w = 256, .box_w = 16, .box_h = 34, .ofs_x = 0, .ofs_y = 0},
    {.bitmap_index = 20098, .adv_w = 432, .box_w = 28, .box_h = 35, .ofs_x = -1, .ofs_y = -1},
    {.bitmap_index = 20588, .adv_w = 576, .box_w = 37, .box_h = 34, .ofs_x = 0, .ofs_y = 0},
    {.bitmap_index = 21217, .adv_w = 464, .box_w = 29, .box_h = 34, .ofs_x = 0, .ofs_y = 0},
    {.bitmap_index = 21710, .adv_w = 736, .box_w = 46, .box_h = 34, .ofs_x = 0, .ofs_y = 0},
    {.bitmap_index = 22492, .adv_w = 624, .box_w = 39, .box_h = 34, .ofs_x = 0, .ofs_y = 0},
    {.bitmap_index = 23155, .adv_w = 656, .box_w = 41, .box_h = 36, .ofs_x = 0, .ofs_y = -1},
    {.bitmap_index = 23893, .adv_w = 560, .box_w = 35, .box_h = 34, .ofs_x = 0, .ofs_y = 0},
    {.bitmap_index = 24488, .adv_w = 656, .box_w = 41, .box_h = 44, .ofs_x = 0, .ofs_y = -9},
    {.bitmap_index = 25390, .adv_w = 576, .box_w = 36, .box_h = 34, .ofs_x = 0, .ofs_y = 0},
    {.bitmap_index = 26002, .adv_w = 496, .box_w = 31, .box_h = 36, .ofs_x = 0, .ofs_y = -1},
    {.bitmap_index = 26560, .adv_w = 496, .box_w = 31, .box_h = 34, .ofs_x = 0, .ofs_y = 0},
    {.bitmap_index = 27087, .adv_w = 608, .box_w = 38, .box_h = 35, .ofs_x = 0, .ofs_y = -1},
    {.bitmap_index = 27752, .adv_w = 592, .box_w = 39, .box_h = 34, .ofs_x = -1, .ofs_y = 0},
    {.bitmap_index = 28415, .adv_w = 912, .box_w = 57, .box_h = 34, .ofs_x = 0, .ofs_y = 0},
    {.bitmap_index = 29384, .adv_w = 560, .box_w = 37, .box_h = 34, .ofs_x = -1, .ofs_y = 0},
    {.bitmap_index = 30013, .adv_w = 528, .box_w = 36, .box_h = 34, .ofs_x = -1, .ofs_y = 0},
    {.bitmap_index = 30625, .adv_w = 528, .box_w = 33, .box_h = 34, .ofs_x = 0, .ofs_y = 0},
    {.bitmap_index = 31186, .adv_w = 304, .box_w = 19, .box_h = 46, .ofs_x = 0, .ofs_y = -10},
    {.bitmap_index = 31623, .adv_w = 320, .box_w = 25, .box_h = 46, .ofs_x = -3, .ofs_y = -5},
    {.bitmap_index = 32198, .adv_w = 304, .box_w = 19, .box_h = 46, .ofs_x = 0, .ofs_y = -10},
    {.bitmap_index = 32635, .adv_w = 464, .box_w = 29, .box_h = 27, .ofs_x = 0, .ofs_y = 0},
    {.bitmap_index = 33027, .adv_w = 384, .box_w = 24, .box_h = 6, .ofs_x = 0, .ofs_y = -6},
    {.bitmap_index = 33099, .adv_w = 464, .box_w = 29, .box_h = 37, .ofs_x = 0, .ofs_y = 0},
    {.bitmap_index = 33636, .adv_w = 480, .box_w = 30, .box_h = 28, .ofs_x = 0, .ofs_y = -1},
    {.bitmap_index = 34056, .adv_w = 528, .box_w = 33, .box_h = 37, .ofs_x = 0, .ofs_y = -1},
    {.bitmap_index = 34667, .adv_w = 464, .box_w = 29, .box_h = 28, .ofs_x = 0, .ofs_y = -1},
    {.bitmap_index = 35073, .adv_w = 544, .box_w = 34, .box_h = 37, .ofs_x = 0, .ofs_y = -1},
    {.bitmap_index = 35702, .adv_w = 496, .box_w = 31, .box_h = 28, .ofs_x = 0, .ofs_y = -1},
    {.bitmap_index = 36136, .adv_w = 304, .box_w = 21, .box_h = 37, .ofs_x = 0, .ofs_y = 0},
    {.bitmap_index = 36525, .adv_w = 544, .box_w = 34, .box_h = 37, .ofs_x = 0, .ofs_y = -10},
    {.bitmap_index = 37154, .adv_w = 528, .box_w = 33, .box_h = 36, .ofs_x = 0, .ofs_y = 0},
    {.bitmap_index = 37748, .adv_w = 240, .box_w = 15, .box_h = 39, .ofs_x = 0, .ofs_y = 0},
    {.bitmap_index = 38041, .adv_w = 240, .box_w = 20, .box_h = 49, .ofs_x = -5, .ofs_y = -10},
    {.bitmap_index = 38531, .adv_w = 528, .box_w = 34, .box_h = 36, .ofs_x = 0, .ofs_y = 0},
    {.bitmap_index = 39143, .adv_w = 240, .box_w = 15, .box_h = 36, .ofs_x = 0, .ofs_y = 0},
    {.bitmap_index = 39413, .adv_w = 800, .box_w = 50, .box_h = 27, .ofs_x = 0, .ofs_y = 0},
    {.bitmap_index = 40088, .adv_w = 528, .box_w = 33, .box_h = 27, .ofs_x = 0, .ofs_y = 0},
    {.bitmap_index = 40534, .adv_w = 512, .box_w = 32, .box_h = 28, .ofs_x = 0, .ofs_y = -1},
    {.bitmap_index = 40982, .adv_w = 528, .box_w = 33, .box_h = 37, .ofs_x = 0, .ofs_y = -10},
    {.bitmap_index = 41593, .adv_w = 528, .box_w = 33, .box_h = 37, .ofs_x = 0, .ofs_y = -10},
    {.bitmap_index = 42204, .adv_w = 336, .box_w = 21, .box_h = 27, .ofs_x = 0, .ofs_y = 0},
    {.bitmap_index = 42488, .adv_w = 416, .box_w = 26, .box_h = 28, .ofs_x = 0, .ofs_y = -1},
    {.bitmap_index = 42852, .adv_w = 336, .box_w = 21, .box_h = 33, .ofs_x = 0, .ofs_y = -1},
    {.bitmap_index = 43199, .adv_w = 528, .box_w = 33, .box_h = 28, .ofs_x = 0, .ofs_y = -1},
    {.bitmap_index = 43661, .adv_w = 480, .box_w = 32, .box_h = 27, .ofs_x = -1, .ofs_y = 0},
    {.bitmap_index = 44093, .adv_w = 736, .box_w = 48, .box_h = 27, .ofs_x = -1, .ofs_y = 0},
    {.bitmap_index = 44741, .adv_w = 480, .box_w = 31, .box_h = 27, .ofs_x = -1, .ofs_y = 0},
    {.bitmap_index = 45160, .adv_w = 480, .box_w = 32, .box_h = 37, .ofs_x = -1, .ofs_y = -10},
    {.bitmap_index = 45752, .adv_w = 432, .box_w = 27, .box_h = 27, .ofs_x = 0, .ofs_y = 0},
    {.bitmap_index = 46117, .adv_w = 320, .box_w = 20, .box_h = 46, .ofs_x = 0, .ofs_y = -10},
    {.bitmap_index = 46577, .adv_w = 240, .box_w = 15, .box_h = 46, .ofs_x = 0, .ofs_y = -10},
    {.bitmap_index = 46922, .adv_w = 320, .box_w = 20, .box_h = 46, .ofs_x = 0, .ofs_y = -10},
    {.bitmap_index = 47382, .adv_w = 464, .box_w = 29, .box_h = 23, .ofs_x = 0, .ofs_y = 0},
    {.bitmap_index = 47716, .adv_w = 320, .box_w = 20, .box_h = 35, .ofs_x = 0, .ofs_y = 0},
};

static const lv_font_fmt_txt_cmap_t cmaps[] = {
    {
        .range_start = 0x20, .range_length = 95,
        .glyph_id_start = 1,
        .unicode_list = NULL, .glyph_id_ofs_list = NULL, .list_length = 0,
        .type = LV_FONT_FMT_TXT_CMAP_FORMAT0_TINY
    },
    {
        .range_start = 0xB0, .range_length = 1,
        .glyph_id_start = 96,
        .unicode_list = NULL, .glyph_id_ofs_list = NULL, .list_length = 0,
        .type = LV_FONT_FMT_TXT_CMAP_FORMAT0_TINY
    }
};

static lv_font_fmt_txt_glyph_cache_t cache;

static const lv_font_fmt_txt_dsc_t font_dsc = {
    .glyph_bitmap = glyph_bitmap,
    .glyph_dsc = glyph_dsc,
    .cmaps = cmaps,
    .kern_dsc = NULL,
    .kern_scale = 0,
    .cmap_num = 2,
    .bpp = 4,
    .kern_classes = 0,
    .bitmap_format = 0,
    .cache = &cache
};

const lv_font_t font_montserrat_extrabold_48 = {
    .get_glyph_dsc = lv_font_get_glyph_dsc_fmt_txt,
    .get_glyph_bitmap = lv_font_get_bitmap_fmt_txt,
    .line_height = 60,
    .base_line = 13,
    .subpx = LV_FONT_SUBPX_NONE,
    .underline_position = -1,
    .underline_thickness = 1,
    .dsc = &font_dsc,
    .fallback = &lv_font_montserrat_48
};
