// Auto-generated by firmware/assets/convert_font.py from
// Montserrat-Variable.ttf (ExtraBold weight) - do not hand-edit.
// Re-run the script if the weight or source font changes.
#include "font_montserrat_extrabold_32.h"

static const uint8_t glyph_bitmap[] = {
    0x05,0x66,0x66,0x66,0x30,0x0B,0xFF,0xFF,0xFF,0x60,0x0A,0xFF,0xFF,0xFF,0x40,0x08,
    0xFF,0xFF,0xFF,0x30,0x07,0xFF,0xFF,0xFF,0x20,0x06,0xFF,0xFF,0xFF,0x00,0x05,0xFF,
    0xFF,0xFE,0x00,0x03,0xFF,0xFF,0xFD,0x00,0x02,0xFF,0xFF,0xFC,0x00,0x01,0xFF,0xFF,
    0xFA,0x00,0x00,0xEF,0xFF,0xF9,0x00,0x00,0xDF,0xFF,0xF8,0x00,0x00,0xCF,0xFF,0xF6,
    0x00,0x00,0xBF,0xFF,0xF5,0x00,0x00,0x8C,0xCC,0xC3,0x00,0x00,0x00,0x00,0x00,0x00,
    0x00,0x02,0x54,0x10,0x00,0x00,0x9F,0xFF,0xE5,0x00,0x07,0xFF,0xFF,0xFE,0x20,0x0C,
    0xFF,0xFF,0xFF,0x60,0x0B,0xFF,0xFF,0xFF,0x50,0x06,0xFF,0xFF,0xFE,0x10,0x00,0x7F,
    0xFF,0xD3,0x00,0x00,0x01,0x33,0x00,0x00,0x04,0x66,0x66,0x30,0x46,0x66,0x63,0x00,
    0xAF,0xFF,0xF6,0x0A,0xFF,0xFF,0x60,0x09,0xFF,0xFF,0x50,0x9F,0xFF,0xF5,0x00,0x9F,
    0xFF,0xF5,0x09,0xFF,0xFF,0x50,0x08,0xFF,0xFF,0x40,0x8F,0xFF,0xF4,0x00,0x7F,0xFF,
    0xF3,0x07,0xFF,0xFF,0x30,0x07,0xFF,0xFF,0x30,0x7F,0xFF,0xF3,0x00,0x6F,0xFF,0xF2,
    0x06,0xFF,0xFF,0x20,0x05,0xFF,0xFF,0x10,0x5F,0xFF,0xF1,0x00,0x4E,0xEE,0xE1,0x04,
    0xEE,0xEE,0x10,0x00,0x00,0x00,0x00,0x00,0x00,0x00,0x00,0x00,0x00,0x00,0x00,0x00,
    0x00,0x00,0x00,0x00,0x00,0x00,0x00,0x00,0x00,0x00,0x00,0x00,0x00,0x00,0x00,0x00,
    0x00,0x00,0x00,0x00,0x00,0x00,0x00,0x00,0x00,0x00,0x00,0x00,0x00,0x00,0x00,0x00,
    0x00,0x00,0x00,0x00,0x00,0x00,0x00,0x00,0x00,0x00,0x00,0x00,0x00,0x00,0x00,0x00,
    0x00,0x00,0x00,0x00,0x00,0x00,0x00,0x00,0x00,0x00,0x00,0x00,0x00,0x00,0x00,0x00,
    0x00,0x00,0x00,0x00,0x00,0x00,0x00,0x00,0x00,0x00,0x00,0x00,0x00,0x00,0x00,0x00,
    0x00,0x00,0x00,0x00,0x00,0x00,0x00,0x00,0x26,0x66,0x60,0x00,0x06,0x66,0x62,0x00,
    0x00,0x00,0x00,0x05,0xFF,0xFF,0x00,0x01,0xFF,0xFF,0x40,0x00,0x00,0x00,0x00,0x7F,
    0xFF,0xD0,0x00,0x3F,0xFF,0xF2,0x00,0x00,0x00,0x00,0x09,0xFF,0xFB,0x00,0x05,0xFF,
    0xFF,0x00,0x00,0x00,0x00,0x00,0xBF,0xFF,0x90,0x00,0x7F,0xFF,0xD0,0x00,0x00,0x4A,
    0xAA,0xAF,0xFF,0xFF,0xAA,0xAF,0xFF,0xFF,0xAA,0xA8,0x06,0xFF,0xFF,0xFF,0xFF,0xFF,
    0xFF,0xFF,0xFF,0xFF,0xFF,0xC0,0x6F,0xFF,0xFF,0xFF,0xFF,0xFF,0xFF,0xFF,0xFF,0xFF,
    0xFC,0x06,0xFF,0xFF,0xFF,0xFF,0xFF,0xFF,0xFF,0xFF,0xFF,0xFF,0xC0,0x37,0x77,0xDF,
    0xFF,0xF7,0x77,0x8F,0xFF,0xFB,0x77,0x76,0x00,0x00,0x07,0xFF,0xFD,0x00,0x03,0xFF,
    0xFF,0x20,0x00,0x00,0x00,0x00,0x9F,0xFF,0xB0,0x00,0x5F,0xFF,0xF0,0x00,0x00,0x00,
    0x00,0x0B,0xFF,0xF9,0x00,0x07,0xFF,0xFE,0x00,0x00,0x00,0x00,0x00,0xDF,0xFF,0x70,
    0x00,0x8F,0xFF,0xC0,0x00,0x00,0x6D,0xDD,0xDF,0xFF,0xFF,0xDD,0xDF,0xFF,0xFF,0xDD,
    0xDA,0x07,0xFF,0xFF,0xFF,0xFF,0xFF,0xFF,0xFF,0xFF,0xFF,0xFF,0xB0,0x7F,0xFF,0xFF,
    0xFF,0xFF,0xFF,0xFF,0xFF,0xFF,0xFF,0xFB,0x07,0xFF,0xFF,0xFF,0xFF,0xFF,0xFF,0xFF,
    0xFF,0xFF,0xFF,0xB0,0x24,0x44,0xBF,0xFF,0xF4,0x44,0x6F,0xFF,0xF6,0x44,0x43,0x00,
    0x00,0x09,0xFF,0xFB,0x00,0x05,0xFF,0xFF,0x10,0x00,0x00,0x00,0x00,0xBF,0xFF,0x90,
    0x00,0x6F,0xFF,0xE0,0x00,0x00,0x00,0x00,0x0D,0xFF,0xF7,0x00,0x08,0xFF,0xFC,0x00,
    0x00,0x00,0x00,0x00,0xFF,0xFF,0x60,0x00,0xAF,0xFF,0xA0,0x00,0x00,0x00,0x00,0x00,
    0x00,0x00,0x14,0x44,0x20,0x00,0x00,0x00,0x00,0x00,0x00,0x00,0x06,0xFF,0xF7,0x00,
    0x00,0x00,0x00,0x00,0x00,0x00,0x00,0x6F,0xFF,0x70,0x00,0x00,0x00,0x00,0x00,0x00,
    0x00,0x06,0xFF,0xF7,0x00,0x00,0x00,0x00,0x00,0x00,0x00,0x37,0xFF,0xFF,0xFA,0x74,
    0x00,0x00,0x00,0x00,0x05,0xDF,0xFF,0xFF,0xFF,0xFF,0xFE,0xA2,0x00,0x00,0x0A,0xFF,
    0xFF,0xFF,0xFF,0xFF,0xFF,0xFF,0xE0,0x00,0x09,0xFF,0xFF,0xFF,0xFF,0xFF,0xFF,0xFF,
    0xF8,0x00,0x04,0xFF,0xFF,0xFF,0xFF,0xFF,0xFF,0xFF,0xFF,0x20,0x00,0xAF,0xFF,0xFF,
    0xFE,0xFF,0xFA,0x6A,0xFF,0xA0,0x00,0x0D,0xFF,0xFF,0xF7,0x6F,0xFF,0x70,0x01,0x74,
    0x00,0x00,0xEF,0xFF,0xFF,0x76,0xFF,0xF7,0x00,0x00,0x00,0x00,0x0C,0xFF,0xFF,0xFF,
    0xDF,0xFF,0x70,0x00,0x00,0x00,0x00,0x9F,0xFF,0xFF,0xFF,0xFF,0xFE,0x30,0x00,0x00,
    0x00,0x02,0xFF,0xFF,0xFF,0xFF,0xFF,0xFF,0xE9,0x30,0x00,0x00,0x05,0xFF,0xFF,0xFF,
    0xFF,0xFF,0xFF,0xFF,0x90,0x00,0x00,0x03,0xCF,0xFF,0xFF,0xFF,0xFF,0xFF,0xFF,0xB0,
    0x00,0x00,0x00,0x38,0xCF,0xFF,0xFF,0xFF,0xFF,0xFF,0x60,0x00,0x00,0x00,0x00,0x7F,
    0xFF,0xFF,0xFF,0xFF,0xFC,0x00,0x00,0x00,0x00,0x06,0xFF,0xFA,0xCF,0xFF,0xFF,0xF0,
    0x00,0x44,0x00,0x00,0x6F,0xFF,0x74,0xFF,0xFF,0xFF,0x00,0x0C,0xFC,0x61,0x06,0xFF,
    0xF7,0x8F,0xFF,0xFF,0xE0,0x03,0xFF,0xFF,0xFC,0xFF,0xFF,0xFF,0xFF,0xFF,0xF9,0x00,
    0xAF,0xFF,0xFF,0xFF,0xFF,0xFF,0xFF,0xFF,0xFF,0x20,0x2F,0xFF,0xFF,0xFF,0xFF,0xFF,
    0xFF,0xFF,0xFF,0x60,0x00,0x7E,0xFF,0xFF,0xFF,0xFF,0xFF,0xFF,0xFE,0x50,0x00,0x00,
    0x05,0xAE,0xFF,0xFF,0xFF,0xFF,0xD7,0x10,0x00,0x00,0x00,0x00,0x01,0x4B,0xFF,0xFB,
    0x20,0x00,0x00,0x00,0x00,0x00,0x00,0x00,0x6F,0xFF,0x70,0x00,0x00,0x00,0x00,0x00,
    0x00,0x00,0x06,0xFF,0xF7,0x00,0x00,0x00,0x00,0x00,0x00,0x00,0x00,0x5D,0xDD,0x60,
    0x00,0x00,0x00,0x00,0x00,0x00,0x59,0xA8,0x50,0x00,0x00,0x00,0x00,0x03,0x66,0x66,
    0x10,0x00,0x00,0x03,0xDF,0xFF,0xFF,0xC2,0x00,0x00,0x00,0x01,0xDF,0xFF,0xA0,0x00,
    0x00,0x02,0xEF,0xFF,0xFF,0xFF,0xD1,0x00,0x00,0x00,0x9F,0xFF,0xE1,0x00,0x00,0x00,
    0xAF,0xFF,0xB6,0xCF,0xFF,0x80,0x00,0x00,0x4F,0xFF,0xF5,0x00,0x00,0x00,0x1F,0xFF,
    0xE0,0x01,0xFF,0xFE,0x00,0x00,0x1D,0xFF,0xF9,0x00,0x00,0x00,0x03,0xFF,0xFA,0x00,
    0x0C,0xFF,0xF1,0x00,0x0A,0xFF,0xFD,0x10,0x00,0x00,0x00,0x4F,0xFF,0x90,0x00,0xAF,
    0xFF,0x20,0x05,0xFF,0xFF,0x40,0x00,0x00,0x00,0x03,0xFF,0xFA,0x00,0x0B,0xFF,0xF1,
    0x01,0xEF,0xFF,0x90,0x00,0x00,0x00,0x00,0x1F,0xFF,0xE0,0x01,0xEF,0xFE,0x00,0xAF,
    0xFF,0xD1,0x00,0x00,0x00,0x00,0x00,0xAF,0xFF,0xB5,0xBF,0xFF,0x80,0x6F,0xFF,0xF3,
    0x00,0x00,0x00,0x00,0x00,0x02,0xEF,0xFF,0xFF,0xFF,0xE1,0x2E,0xFF,0xF8,0x00,0x01,
    0x10,0x00,0x00,0x00,0x04,0xEF,0xFF,0xFF,0xD3,0x0B,0xFF,0xFC,0x00,0x7D,0xFF,0xFA,
    0x30,0x00,0x00,0x01,0x69,0xA9,0x50,0x06,0xFF,0xFF,0x30,0xBF,0xFF,0xFF,0xFE,0x40,
    0x00,0x00,0x00,0x00,0x00,0x02,0xEF,0xFF,0x70,0x8F,0xFF,0xFF,0xFF,0xFE,0x20,0x00,
    0x00,0x00,0x00,0x00,0xCF,0xFF,0xC0,0x1F,0xFF,0xE3,0x09,0xFF,0xF8,0x00,0x00,0x00,
    0x00,0x00,0x7F,0xFF,0xE2,0x05,0xFF,0xF9,0x00,0x1F,0xFF,0xC0,0x00,0x00,0x00,0x00,
    0x3F,0xFF,0xF7,0x00,0x7F,0xFF,0x60,0x00,0xEF,0xFE,0x00,0x00,0x00,0x00,0x0C,0xFF,
    0xFB,0x00,0x07,0xFF,0xF6,0x00,0x0E,0xFF,0xE0,0x00,0x00,0x00,0x08,0xFF,0xFE,0x20,
    0x00,0x5F,0xFF,0x80,0x01,0xFF,0xFD,0x00,0x00,0x00,0x03,0xFF,0xFF,0x60,0x00,0x02,
    0xFF,0xFD,0x10,0x7F,0xFF,0x90,0x00,0x00,0x01,0xDF,0xFF,0xB0,0x00,0x00,0x0A,0xFF,
    0xFE,0xCF,0xFF,0xF3,0x00,0x00,0x00,0x9F,0xFF,0xE1,0x00,0x00,0x00,0x1D,0xFF,0xFF,
    0xFF,0xF6,0x00,0x00,0x00,0x4F,0xFF,0xF5,0x00,0x00,0x00,0x00,0x19,0xEF,0xFF,0xC5,
    0x00,0x00,0x00,0x00,0x00,0x00,0x00,0x00,0x00,0x00,0x00,0x01,0x34,0x20,0x00,0x00,
    0x00,0x00,0x00,0x02,0x69,0xAA,0x96,0x20,0x00,0x00,0x00,0x00,0x00,0x00,0x02,0xAF,
    0xFF,0xFF,0xFF,0xF9,0x10,0x00,0x00,0x00,0x00,0x00,0x2D,0xFF,0xFF,0xFF,0xFF,0xFF,
    0xB0,0x00,0x00,0x00,0x00,0x00,0xCF,0xFF,0xFF,0xFF,0xFF,0xFF,0xF6,0x00,0x00,0x00,
    0x00,0x03,0xFF,0xFF,0xFC,0x65,0xCF,0xFF,0xFC,0x00,0x00,0x00,0x00,0x06,0xFF,0xFF,
    0xF2,0x00,0x3F,0xFF,0xFE,0x00,0x00,0x00,0x00,0x07,0xFF,0xFF,0xF3,0x00,0x6F,0xFF,
    0xFC,0x00,0x00,0x00,0x00,0x04,0xFF,0xFF,0xFB,0x05,0xEF,0xFF,0xF8,0x00,0x00,0x00,
    0x00,0x00,0xDF,0xFF,0xFF,0xFF,0xFF,0xFF,0xE2,0x00,0x00,0x00,0x00,0x00,0x4F,0xFF,
    0xFF,0xFF,0xFF,0xFE,0x40,0x00,0x00,0x00,0x00,0x00,0x0A,0xFF,0xFF,0xFF,0xFF,0xC2,
    0x00,0x00,0x00,0x00,0x00,0x01,0xBF,0xFF,0xFF,0xFF,0xFF,0x30,0x01,0xD9,0x40,0x00,
    0x00,0x2D,0xFF,0xFF,0xFF,0xFF,0xFF,0xE4,0x05,0xFF,0xFE,0x90,0x01,0xCF,0xFF,0xFF,
    0xFF,0xFF,0xFF,0xFF,0x5A,0xFF,0xFF,0xA0,0x06,0xFF,0xFF,0xFB,0x12,0xDF,0xFF,0xFF,
    0xFF,0xFF,0xFF,0x50,0x0C,0xFF,0xFF,0xF2,0x00,0x1C,0xFF,0xFF,0xFF,0xFF,0xFE,0x00,
    0x0E,0xFF,0xFF,0xF0,0x00,0x01,0xBF,0xFF,0xFF,0xFF,0xF7,0x00,0x0F,0xFF,0xFF,0xF4,
    0x00,0x00,0x0A,0xFF,0xFF,0xFF,0xF1,0x00,0x0C,0xFF,0xFF,0xFE,0x84,0x35,0x8E,0xFF,
    0xFF,0xFF,0xFD,0x20,0x06,0xFF,0xFF,0xFF,0xFF,0xFF,0xFF,0xFF,0xFF,0xFF,0xFF,0xD1,
    0x00,0xAF,0xFF,0xFF,0xFF,0xFF,0xFF,0xFF,0xFF,0xFF,0xFF,0x70,0x00,0x09,0xFF,0xFF,
    0xFF,0xFF,0xFF,0xFF,0xB5,0xEF,0xF9,0x00,0x00,0x00,0x3A,0xEF,0xFF,0xFF,0xFE,0xA3,
    0x00,0x2D,0xB0,0x00,0x00,0x00,0x00,0x03,0x56,0x65,0x30,0x00,0x00,0x02,0x10,0x00,
    0x04,0x66,0x66,0x30,0x0A,0xFF,0xFF,0x60,0x09,0xFF,0xFF,0x50,0x09,0xFF,0xFF,0x50,
    0x08,0xFF,0xFF,0x40,0x07,0xFF,0xFF,0x30,0x07,0xFF,0xFF,0x30,0x06,0xFF,0xFF,0x20,
    0x05,0xFF,0xFF,0x10,0x04,0xEE,0xEE,0x10,0x00,0x00,0x00,0x00,0x00,0x00,0x00,0x00,
    0x00,0x00,0x00,0x00,0x00,0x00,0x00,0x00,0x00,0x00,0x00,0x00,0x00,0x00,0x00,0x00,
    0x00,0x00,0x00,0x00,0x00,0x00,0x00,0x00,0x00,0x00,0x00,0x00,0x00,0x00,0x00,0x00,
    0x00,0x00,0x00,0x00,0x00,0x00,0x00,0x00,0x00,0x00,0x00,0x00,0x00,0x00,0x02,0xBB,
    0xBB,0xB8,0x00,0x00,0x0A,0xFF,0xFF,0xF3,0x00,0x00,0x3F,0xFF,0xFF,0xB0,0x00,0x00,
    0xBF,0xFF,0xFF,0x40,0x00,0x02,0xFF,0xFF,0xFD,0x00,0x00,0x07,0xFF,0xFF,0xF7,0x00,
    0x00,0x0C,0xFF,0xFF,0xF2,0x00,0x00,0x2F,0xFF,0xFF,0xD0,0x00,0x00,0x5F,0xFF,0xFF,
    0xA0,0x00,0x00,0x8F,0xFF,0xFF,0x70,0x00,0x00,0xBF,0xFF,0xFF,0x40,0x00,0x00,0xDF,
    0xFF,0xFF,0x20,0x00,0x00,0xEF,0xFF,0xFF,0x10,0x00,0x00,0xFF,0xFF,0xFF,0x00,0x00,
    0x01,0xFF,0xFF,0xFE,0x00,0x00,0x01,0xFF,0xFF,0xFD,0x00,0x00,0x00,0xFF,0xFF,0xFE,
    0x00,0x00,0x00,0xFF,0xFF,0xFF,0x00,0x00,0x00,0xDF,0xFF,0xFF,0x10,0x00,0x00,0xCF,
    0xFF,0xFF,0x30,0x00,0x00,0xAF,0xFF,0xFF,0x60,0x00,0x00,0x7F,0xFF,0xFF,0x90,0x00,
    0x00,0x3F,0xFF,0xFF,0xB0,0x00,0x00,0x0E,0xFF,0xFF,0xF1,0x00,0x00,0x09,0xFF,0xFF,
    0xF5,0x00,0x00,0x04,0xFF,0xFF,0xFA,0x00,0x00,0x00,0xEF,0xFF,0xFF,0x10,0x00,0x00,
    0x7F,0xFF,0xFF,0x80,0x00,0x00,0x0D,0xFF,0xFF,0xE1,0x00,0x00,0x05,0xFF,0xFF,0xF8,
    0x00,0x00,0x00,0x33,0x33,0x32,0x0A,0xBB,0xBB,0xA0,0x00,0x00,0x00,0x6F,0xFF,0xFF,
    0x70,0x00,0x00,0x00,0xDF,0xFF,0xFE,0x10,0x00,0x00,0x07,0xFF,0xFF,0xF8,0x00,0x00,
    0x00,0x1F,0xFF,0xFF,0xE0,0x00,0x00,0x00,0xAF,0xFF,0xFF,0x40,0x00,0x00,0x05,0xFF,
    0xFF,0xFA,0x00,0x00,0x00,0x1F,0xFF,0xFF,0xE0,0x00,0x00,0x00,0xDF,0xFF,0xFF,0x30,
    0x00,0x00,0x0A,0xFF,0xFF,0xF6,0x00,0x00,0x00,0x7F,0xFF,0xFF,0x80,0x00,0x00,0x04,
    0xFF,0xFF,0xFA,0x00,0x00,0x00,0x3F,0xFF,0xFF,0xC0,0x00,0x00,0x03,0xFF,0xFF,0xFD,
    0x00,0x00,0x00,0x2F,0xFF,0xFF,0xD0,0x00,0x00,0x01,0xFF,0xFF,0xFD,0x00,0x00,0x00,
    0x2F,0xFF,0xFF,0xD0,0x00,0x00,0x03,0xFF,0xFF,0xFC,0x00,0x00,0x00,0x4F,0xFF,0xFF,
    0xB0,0x00,0x00,0x06,0xFF,0xFF,0xF9,0x00,0x00,0x00,0x9F,0xFF,0xFF,0x70,0x00,0x00,
    0x0B,0xFF,0xFF,0xF4,0x00,0x00,0x00,0xEF,0xFF,0xFF,0x10,0x00,0x00,0x3F,0xFF,0xFF,
    0xC0,0x00,0x00,0x08,0xFF,0xFF,0xF7,0x00,0x00,0x00,0xDF,0xFF,0xFF,0x20,0x00,0x00,
    0x4F,0xFF,0xFF,0xB0,0x00,0x00,0x0B,0xFF,0xFF,0xF4,0x00,0x00,0x03,0xFF,0xFF,0xFB,
    0x00,0x00,0x00,0xAF,0xFF,0xFF,0x20,0x00,0x00,0x03,0x33,0x33,0x20,0x00,0x00,0x00,
    0x00,0x00,0x06,0xBB,0xB0,0x00,0x00,0x00,0x00,0x00,0x8F,0xFF,0x00,0x00,0x00,0x03,
    0xD4,0x08,0xFF,0xF0,0x19,0xA0,0x00,0xCF,0xFA,0x9F,0xFF,0x6E,0xFF,0x40,0x6F,0xFF,
    0xFF,0xFF,0xFF,0xFF,0xFD,0x02,0xAF,0xFF,0xFF,0xFF,0xFF,0xFD,0x50,0x00,0x3E,0xFF,
    0xFF,0xFF,0xF7,0x00,0x00,0x2A,0xFF,0xFF,0xFF,0xFF,0xD5,0x00,0x6F,0xFF,0xFF,0xFF,
    0xFF,0xFF,0xFC,0x02,0xFF,0xFF,0xFF,0xFF,0xDF,0xFF,0x90,0x08,0xFC,0x38,0xFF,0xF1,
    0x8F,0xE1,0x00,0x16,0x00,0x8F,0xFF,0x00,0x24,0x00,0x00,0x00,0x08,0xFF,0xF0,0x00,
    0x00,0x00,0x00,0x00,0x24,0x44,0x00,0x00,0x00,0x00,0x00,0x00,0x00,0x00,0x00,0x00,
    0x00,0x00,0x00,0x00,0x00,0x00,0x00,0x00,0x00,0x00,0x00,0x00,0x00,0x00,0x00,0x00,
    0x00,0x00,0x00,0x00,0x00,0x00,0x00,0x00,0x00,0x00,0x00,0x00,0x00,0x00,0x00,0x00,
    0x00,0x00,0x00,0x00,0x00,0x00,0x00,0x00,0x00,0x00,0x00,0x00,0x00,0x00,0x00,0x00,
    0x00,0x00,0x00,0x00,0x00,0x00,0x00,0x00,0x00,0x00,0x00,0x00,0x00,0x00,0x00,0x00,
    0x00,0x00,0x00,0x00,0x00,0x00,0x00,0x09,0xCC,0xCC,0x30,0x00,0x00,0x00,0x00,0x00,
    0x00,0x0B,0xFF,0xFF,0x30,0x00,0x00,0x00,0x00,0x00,0x00,0x0B,0xFF,0xFF,0x30,0x00,
    0x00,0x00,0x00,0x00,0x00,0x0B,0xFF,0xFF,0x30,0x00,0x00,0x00,0x00,0x00,0x00,0x0B,
    0xFF,0xFF,0x30,0x00,0x00,0x00,0x01,0x88,0x88,0x8F,0xFF,0xFF,0xB8,0x88,0x85,0x00,
    0x02,0xFF,0xFF,0xFF,0xFF,0xFF,0xFF,0xFF,0xFA,0x00,0x02,0xFF,0xFF,0xFF,0xFF,0xFF,
    0xFF,0xFF,0xFA,0x00,0x02,0xFF,0xFF,0xFF,0xFF,0xFF,0xFF,0xFF,0xFA,0x00,0x02,0xFF,
    0xFF,0xFF,0xFF,0xFF,0xFF,0xFF,0xFA,0x00,0x00,0x22,0x22,0x2D,0xFF,0xFF,0x52,0x22,
    0x21,0x00,0x00,0x00,0x00,0x0B,0xFF,0xFF,0x30,0x00,0x00,0x00,0x00,0x00,0x00,0x0B,
    0xFF,0xFF,0x30,0x00,0x00,0x00,0x00,0x00,0x00,0x0B,0xFF,0xFF,0x30,0x00,0x00,0x00,
    0x00,0x00,0x00,0x0B,0xFF,0xFF,0x30,0x00,0x00,0x00,0x00,0x00,0x00,0x04,0x66,0x66,
    0x10,0x00,0x00,0x00,0x00,0x00,0x00,0x00,0x00,0x00,0x00,0x00,0x00,0x00,0x00,0x00,
    0x00,0x00,0x00,0x00,0x00,0x00,0x00,0x00,0x00,0x00,0x00,0x00,0x00,0x00,0x00,0x00,
    0x00,0x00,0x00,0x5B,0xDB,0x50,0x00,0x7F,0xFF,0xFF,0x70,0x0E,0xFF,0xFF,0xFE,0x01,
    0xFF,0xFF,0xFF,0xF2,0x0F,0xFF,0xFF,0xFF,0x10,0x9F,0xFF,0xFF,0xD0,0x01,0xBF,0xFF,
    0xF7,0x00,0x06,0xFF,0xFE,0x10,0x00,0xBF,0xFF,0x90,0x00,0x0E,0xFF,0xF3,0x00,0x04,
    0xFF,0xFB,0x00,0x00,0x9F,0xFF,0x50,0x00,0x00,0x00,0x00,0x00,0x00,0x03,0x77,0x77,
    0x77,0x77,0x60,0x07,0xFF,0xFF,0xFF,0xFF,0xD0,0x07,0xFF,0xFF,0xFF,0xFF,0xD0,0x07,
    0xFF,0xFF,0xFF,0xFF,0xD0,0x07,0xFF,0xFF,0xFF,0xFF,0xD0,0x01,0x33,0x33,0x33,0x33,
    0x30,0x00,0x00,0x00,0x00,0x00,0x00,0x00,0x00,0x00,0x00,0x00,0x00,0x00,0x00,0x00,
    0x00,0x00,0x00,0x00,0x00,0x00,0x00,0x00,0x00,0x00,0x00,0x00,0x00,0x00,0x00,0x00,
    0x00,0x00,0x00,0x00,0x00,0x00,0x4B,0xDB,0x50,0x00,0x6F,0xFF,0xFF,0x70,0x0E,0xFF,
    0xFF,0xFE,0x02,0xFF,0xFF,0xFF,0xF2,0x1F,0xFF,0xFF,0xFF,0x10,0xAF,0xFF,0xFF,0xA0,
    0x01,0xAF,0xFF,0xB1,0x00,0x00,0x24,0x20,0x00,0x00,0x00,0x00,0x00,0x00,0x0B,0xEE,
    0xEE,0x90,0x00,0x00,0x00,0x00,0x02,0xFF,0xFF,0xF4,0x00,0x00,0x00,0x00,0x00,0x7F,
    0xFF,0xFE,0x00,0x00,0x00,0x00,0x00,0x0C,0xFF,0xFF,0x90,0x00,0x00,0x00,0x00,0x02,
    0xFF,0xFF,0xF3,0x00,0x00,0x00,0x00,0x00,0x8F,0xFF,0xFD,0x00,0x00,0x00,0x00,0x00,
    0x0D,0xFF,0xFF,0x80,0x00,0x00,0x00,0x00,0x03,0xFF,0xFF,0xF3,0x00,0x00,0x00,0x00,
    0x00,0x9F,0xFF,0xFC,0x00,0x00,0x00,0x00,0x00,0x0E,0xFF,0xFF,0x70,0x00,0x00,0x00,
    0x00,0x04,0xFF,0xFF,0xF2,0x00,0x00,0x00,0x00,0x00,0x9F,0xFF,0xFC,0x00,0x00,0x00,
    0x00,0x00,0x0E,0xFF,0xFF,0x60,0x00,0x00,0x00,0x00,0x05,0xFF,0xFF,0xF1,0x00,0x00,
    0x00,0x00,0x00,0xAF,0xFF,0xFB,0x00,0x00,0x00,0x00,0x00,0x1F,0xFF,0xFF,0x60,0x00,
    0x00,0x00,0x00,0x06,0xFF,0xFF,0xF1,0x00,0x00,0x00,0x00,0x00,0xBF,0xFF,0xFA,0x00,
    0x00,0x00,0x00,0x00,0x1F,0xFF,0xFF,0x50,0x00,0x00,0x00,0x00,0x06,0xFF,0xFF,0xE0,
    0x00,0x00,0x00,0x00,0x00,0xCF,0xFF,0xF9,0x00,0x00,0x00,0x00,0x00,0x2F,0xFF,0xFF,
    0x40,0x00,0x00,0x00,0x00,0x07,0xFF,0xFF,0xE0,0x00,0x00,0x00,0x00,0x00,0xCF,0xFF,
    0xF9,0x00,0x00,0x00,0x00,0x00,0x3F,0xFF,0xFF,0x30,0x00,0x00,0x00,0x00,0x08,0xFF,
    0xFF,0xD0,0x00,0x00,0x00,0x00,0x00,0xDF,0xFF,0xF8,0x00,0x00,0x00,0x00,0x00,0x3F,
    0xFF,0xFF,0x30,0x00,0x00,0x00,0x00,0x09,0xFF,0xFF,0xC0,0x00,0x00,0x00,0x00,0x00,
    0xEF,0xFF,0xF7,0x00,0x00,0x00,0x00,0x00,0x03,0x33,0x33,0x10,0x00,0x00,0x00,0x00,
    0x00,0x00,0x00,0x00,0x04,0x8B,0xCC,0xB8,0x30,0x00,0x00,0x00,0x00,0x00,0x03,0xCF,
    0xFF,0xFF,0xFF,0xFB,0x30,0x00,0x00,0x00,0x00,0x6F,0xFF,0xFF,0xFF,0xFF,0xFF,0xF5,
    0x00,0x00,0x00,0x05,0xFF,0xFF,0xFF,0xFF,0xFF,0xFF,0xFF,0x40,0x00,0x00,0x2E,0xFF,
    0xFF,0xFF,0xFF,0xFF,0xFF,0xFF,0xE1,0x00,0x00,0x9F,0xFF,0xFF,0xFC,0x67,0xCF,0xFF,
    0xFF,0xF8,0x00,0x01,0xFF,0xFF,0xFF,0xB0,0x00,0x0C,0xFF,0xFF,0xFE,0x00,0x05,0xFF,
    0xFF,0xFF,0x20,0x00,0x03,0xFF,0xFF,0xFF,0x40,0x09,0xFF,0xFF,0xFC,0x00,0x00,0x00,
    0xEF,0xFF,0xFF,0x80,0x0B,0xFF,0xFF,0xF9,0x00,0x00,0x00,0xBF,0xFF,0xFF,0xA0,0x0D,
    0xFF,0xFF,0xF8,0x00,0x00,0x00,0x9F,0xFF,0xFF,0xC0,0x0D,0xFF,0xFF,0xF7,0x00,0x00,
    0x00,0x8F,0xFF,0xFF,0xC0,0x0D,0xFF,0xFF,0xF8,0x00,0x00,0x00,0x9F,0xFF,0xFF,0xC0,
    0x0C,0xFF,0xFF,0xF8,0x00,0x00,0x00,0xAF,0xFF,0xFF,0xB0,0x0A,0xFF,0xFF,0xFB,0x00,
    0x00,0x00,0xCF,0xFF,0xFF,0x90,0x08,0xFF,0xFF,0xFE,0x00,0x00,0x01,0xFF,0xFF,0xFF,
    0x60,0x04,0xFF,0xFF,0xFF,0x50,0x00,0x06,0xFF,0xFF,0xFF,0x20,0x00,0xDF,0xFF,0xFF,
    0xE3,0x00,0x3E,0xFF,0xFF,0xFC,0x00,0x00,0x6F,0xFF,0xFF,0xFF,0xCC,0xFF,0xFF,0xFF,
    0xF5,0x00,0x00,0x0C,0xFF,0xFF,0xFF,0xFF,0xFF,0xFF,0xFF,0xB0,0x00,0x00,0x02,0xDF,
    0xFF,0xFF,0xFF,0xFF,0xFF,0xFD,0x10,0x00,0x00,0x00,0x2C,0xFF,0xFF,0xFF,0xFF,0xFF,
    0xB1,0x00,0x00,0x00,0x00,0x00,0x6D,0xFF,0xFF,0xFF,0xC5,0x00,0x00,0x00,0x00,0x00,
    0x00,0x00,0x25,0x66,0x52,0x00,0x00,0x00,0x00,0x56,0x66,0x66,0x66,0x66,0x40,0x0C,
    0xFF,0xFF,0xFF,0xFF,0xFB,0x00,0xCF,0xFF,0xFF,0xFF,0xFF,0xB0,0x0C,0xFF,0xFF,0xFF,
    0xFF,0xFB,0x00,0xCF,0xFF,0xFF,0xFF,0xFF,0xB0,0x06,0x88,0x8F,0xFF,0xFF,0xFB,0x00,
    0x00,0x00,0xAF,0xFF,0xFF,0xB0,0x00,0x00,0x0A,0xFF,0xFF,0xFB,0x00,0x00,0x00,0xAF,
    0xFF,0xFF,0xB0,0x00,0x00,0x0A,0xFF,0xFF,0xFB,0x00,0x00,0x00,0xAF,0xFF,0xFF,0xB0,
    0x00,0x00,0x0A,0xFF,0xFF,0xFB,0x00,0x00,0x00,0xAF,0xFF,0xFF,0xB0,0x00,0x00,0x0A,
    0xFF,0xFF,0xFB,0x00,0x00,0x00,0xAF,0xFF,0xFF,0xB0,0x00,0x00,0x0A,0xFF,0xFF,0xFB,
    0x00,0x00,0x00,0xAF,0xFF,0xFF,0xB0,0x00,0x00,0x0A,0xFF,0xFF,0xFB,0x00,0x00,0x00,
    0xAF,0xFF,0xFF,0xB0,0x00,0x00,0x0A,0xFF,0xFF,0xFB,0x00,0x00,0x00,0xAF,0xFF,0xFF,
    0xB0,0x00,0x00,0x0A,0xFF,0xFF,0xFB,0x00,0x00,0x00,0xAF,0xFF,0xFF,0xB0,0x00,0x00,
    0x00,0x01,0x59,0xBC,0xCB,0x95,0x10,0x00,0x00,0x00,0x01,0x9E,0xFF,0xFF,0xFF,0xFF,
    0xE7,0x10,0x00,0x00,0x3E,0xFF,0xFF,0xFF,0xFF,0xFF,0xFF,0xC1,0x00,0x03,0xEF,0xFF,
    0xFF,0xFF,0xFF,0xFF,0xFF,0xFB,0x00,0x0D,0xFF,0xFF,0xFF,0xFF,0xFF,0xFF,0xFF,0xFF,
    0x40,0x03,0xBF,0xFF,0xFB,0x65,0x6C,0xFF,0xFF,0xFF,0x90,0x00,0x05,0xDF,0x60,0x00,
    0x01,0xDF,0xFF,0xFF,0xB0,0x00,0x00,0x03,0x00,0x00,0x00,0xAF,0xFF,0xFF,0xB0,0x00,
    0x00,0x00,0x00,0x00,0x00,0xCF,0xFF,0xFF,0x90,0x00,0x00,0x00,0x00,0x00,0x03,0xFF,
    0xFF,0xFF,0x50,0x00,0x00,0x00,0x00,0x00,0x2D,0xFF,0xFF,0xFD,0x00,0x00,0x00,0x00,
    0x00,0x02,0xDF,0xFF,0xFF,0xF5,0x00,0x00,0x00,0x00,0x00,0x2D,0xFF,0xFF,0xFF,0x80,
    0x00,0x00,0x00,0x00,0x03,0xEF,0xFF,0xFF,0xF8,0x00,0x00,0x00,0x00,0x00,0x4E,0xFF,
    0xFF,0xFF,0x80,0x00,0x00,0x00,0x00,0x04,0xEF,0xFF,0xFF,0xF7,0x00,0x00,0x00,0x00,
    0x00,0x5F,0xFF,0xFF,0xFF,0x60,0x00,0x00,0x00,0x00,0x06,0xFF,0xFF,0xFF,0xF5,0x00,
    0x00,0x00,0x00,0x00,0x7F,0xFF,0xFF,0xFF,0xFF,0xFF,0xFF,0xFF,0xF6,0x00,0xFF,0xFF,
    0xFF,0xFF,0xFF,0xFF,0xFF,0xFF,0xF6,0x00,0xFF,0xFF,0xFF,0xFF,0xFF,0xFF,0xFF,0xFF,
    0xF6,0x00,0xFF,0xFF,0xFF,0xFF,0xFF,0xFF,0xFF,0xFF,0xF6,0x00,0xFF,0xFF,0xFF,0xFF,
    0xFF,0xFF,0xFF,0xFF,0xF6,0x00,0x66,0x66,0x66,0x66,0x66,0x66,0x66,0x66,0x10,0x00,
    0xFF,0xFF,0xFF,0xFF,0xFF,0xFF,0xFF,0xFF,0x30,0x00,0xFF,0xFF,0xFF,0xFF,0xFF,0xFF,
    0xFF,0xFF,0x30,0x00,0xFF,0xFF,0xFF,0xFF,0xFF,0xFF,0xFF,0xFF,0x30,0x00,0xFF,0xFF,
    0xFF,0xFF,0xFF,0xFF,0xFF,0xFF,0x20,0x00,0x88,0x88,0x88,0x88,0xBF,0xFF,0xFF,0xF5,
    0x00,0x00,0x00,0x00,0x00,0x02,0xEF,0xFF,0xFF,0x60,0x00,0x00,0x00,0x00,0x00,0x2D,
    0xFF,0xFF,0xF8,0x00,0x00,0x00,0x00,0x00,0x01,0xDF,0xFF,0xFF,0x90,0x00,0x00,0x00,
    0x00,0x00,0x0C,0xFF,0xFF,0xFF,0x30,0x00,0x00,0x00,0x00,0x00,0x2F,0xFF,0xFF,0xFF,
    0xFC,0x40,0x00,0x00,0x00,0x00,0x2F,0xFF,0xFF,0xFF,0xFF,0xF7,0x00,0x00,0x00,0x00,
    0x2F,0xFF,0xFF,0xFF,0xFF,0xFF,0x40,0x00,0x00,0x00,0x2C,0xCD,0xDF,0xFF,0xFF,0xFF,
    0xC0,0x00,0x00,0x00,0x00,0x00,0x02,0xBF,0xFF,0xFF,0xF2,0x00,0x00,0x00,0x00,0x00,
    0x00,0x2F,0xFF,0xFF,0xF4,0x00,0x04,0x00,0x00,0x00,0x00,0x3F,0xFF,0xFF,0xF4,0x00,
    0x5F,0xC6,0x10,0x00,0x02,0xBF,0xFF,0xFF,0xF2,0x00,0xCF,0xFF,0xFD,0xBA,0xCF,0xFF,
    0xFF,0xFF,0xC0,0x04,0xFF,0xFF,0xFF,0xFF,0xFF,0xFF,0xFF,0xFF,0x50,0x0B,0xFF,0xFF,
    0xFF,0xFF,0xFF,0xFF,0xFF,0xF9,0x00,0x08,0xEF,0xFF,0xFF,0xFF,0xFF,0xFF,0xFF,0x80,
    0x00,0x00,0x16,0xBF,0xFF,0xFF,0xFF,0xFE,0x92,0x00,0x00,0x00,0x00,0x00,0x25,0x66,
    0x65,0x30,0x00,0x00,0x00,0x00,0x00,0x00,0x00,0x00,0x16,0x66,0x66,0x62,0x00,0x00,
    0x00,0x00,0x00,0x00,0x00,0x0B,0xFF,0xFF,0xFC,0x00,0x00,0x00,0x00,0x00,0x00,0x00,
    0x07,0xFF,0xFF,0xFF,0x30,0x00,0x00,0x00,0x00,0x00,0x00,0x03,0xFF,0xFF,0xFF,0x70,
    0x00,0x00,0x00,0x00,0x00,0x00,0x01,0xDF,0xFF,0xFF,0xB0,0x00,0x00,0x00,0x00,0x00,
    0x00,0x00,0x9F,0xFF,0xFF,0xE2,0x00,0x00,0x00,0x00,0x00,0x00,0x00,0x5F,0xFF,0xFF,
    0xF5,0x00,0x00,0x00,0x00,0x00,0x00,0x00,0x2E,0xFF,0xFF,0xFA,0x00,0x00,0x00,0x00,
    0x00,0x00,0x00,0x0B,0xFF,0xFF,0xFD,0x10,0x00,0x00,0x00,0x00,0x00,0x00,0x07,0xFF,
    0xFF,0xFF,0x40,0x22,0x22,0x22,0x00,0x00,0x00,0x03,0xFF,0xFF,0xFF,0x90,0x1F,0xFF,
    0xFF,0xD0,0x00,0x00,0x01,0xDF,0xFF,0xFF,0xD1,0x01,0xFF,0xFF,0xFD,0x00,0x00,0x00,
    0xAF,0xFF,0xFF,0xF3,0x00,0x1F,0xFF,0xFF,0xD0,0x00,0x00,0x5F,0xFF,0xFF,0xFC,0x55,
    0x56,0xFF,0xFF,0xFF,0x55,0x51,0x1E,0xFF,0xFF,0xFF,0xFF,0xFF,0xFF,0xFF,0xFF,0xFF,
    0xFF,0x32,0xFF,0xFF,0xFF,0xFF,0xFF,0xFF,0xFF,0xFF,0xFF,0xFF,0xF3,0x2F,0xFF,0xFF,
    0xFF,0xFF,0xFF,0xFF,0xFF,0xFF,0xFF,0xFF,0x32,0xFF,0xFF,0xFF,0xFF,0xFF,0xFF,0xFF,
    0xFF,0xFF,0xFF,0xF3,0x1B,0xBB,0xBB,0xBB,0xBB,0xBB,0xFF,0xFF,0xFF,0xFB,0xBB,0x20,
    0x00,0x00,0x00,0x00,0x00,0x04,0xFF,0xFF,0xFD,0x00,0x00,0x00,0x00,0x00,0x00,0x00,
    0x00,0x4F,0xFF,0xFF,0xD0,0x00,0x00,0x00,0x00,0x00,0x00,0x00,0x04,0xFF,0xFF,0xFD,
    0x00,0x00,0x00,0x00,0x00,0x00,0x00,0x00,0x4F,0xFF,0xFF,0xD0,0x00,0x00,0x00,0x06,
    0x66,0x66,0x66,0x66,0x66,0x66,0x62,0x00,0x01,0xFF,0xFF,0xFF,0xFF,0xFF,0xFF,0xFF,
    0x40,0x00,0x2F,0xFF,0xFF,0xFF,0xFF,0xFF,0xFF,0xF4,0x00,0x04,0xFF,0xFF,0xFF,0xFF,
    0xFF,0xFF,0xFF,0x40,0x00,0x5F,0xFF,0xFF,0xFF,0xFF,0xFF,0xFF,0xF4,0x00,0x06,0xFF,
    0xFF,0xFC,0x88,0x88,0x88,0x88,0x20,0x00,0x8F,0xFF,0xFF,0x30,0x00,0x00,0x00,0x00,
    0x00,0x09,0xFF,0xFF,0xF1,0x00,0x00,0x00,0x00,0x00,0x00,0xAF,0xFF,0xFF,0x43,0x32,
    0x00,0x00,0x00,0x00,0x0B,0xFF,0xFF,0xFF,0xFF,0xFF,0xB6,0x10,0x00,0x00,0xDF,0xFF,
    0xFF,0xFF,0xFF,0xFF,0xFD,0x40,0x00,0x0E,0xFF,0xFF,0xFF,0xFF,0xFF,0xFF,0xFF,0x40,
    0x00,0xFF,0xFF,0xFF,0xFF,0xFF,0xFF,0xFF,0xFD,0x00,0x1A,0xAA,0xAA,0xAB,0xCE,0xFF,
    0xFF,0xFF,0xF4,0x00,0x00,0x00,0x00,0x00,0x06,0xFF,0xFF,0xFF,0x80,0x00,0x00,0x00,
    0x00,0x00,0x0C,0xFF,0xFF,0xFA,0x00,0x41,0x00,0x00,0x00,0x00,0xCF,0xFF,0xFF,0xA0,
    0x1E,0xE8,0x20,0x00,0x00,0x7F,0xFF,0xFF,0xF7,0x07,0xFF,0xFF,0xEB,0xAB,0xEF,0xFF,
    0xFF,0xFF,0x20,0xDF,0xFF,0xFF,0xFF,0xFF,0xFF,0xFF,0xFF,0xA0,0x6F,0xFF,0xFF,0xFF,
    0xFF,0xFF,0xFF,0xFF,0xD1,0x05,0xDF,0xFF,0xFF,0xFF,0xFF,0xFF,0xFF,0xB1,0x00,0x00,
    0x59,0xEF,0xFF,0xFF,0xFF,0xFB,0x50,0x00,0x00,0x00,0x00,0x14,0x56,0x65,0x41,0x00,
    0x00,0x00,0x00,0x00,0x00,0x00,0x26,0x9B,0xCC,0xB9,0x62,0x00,0x00,0x00,0x00,0x03,
    0xBF,0xFF,0xFF,0xFF,0xFF,0xFB,0x30,0x00,0x00,0x08,0xFF,0xFF,0xFF,0xFF,0xFF,0xFF,
    0xF3,0x00,0x00,0x0A,0xFF,0xFF,0xFF,0xFF,0xFF,0xFF,0xFB,0x00,0x00,0x08,0xFF,0xFF,
    0xFF,0xFF,0xFF,0xFF,0xFF,0x30,0x00,0x04,0xFF,0xFF,0xFF,0xFB,0x63,0x35,0x8D,0xA0,
    0x00,0x00,0xBF,0xFF,0xFF,0xF5,0x00,0x00,0x00,0x01,0x00,0x00,0x2F,0xFF,0xFF,0xF7,
    0x00,0x00,0x00,0x00,0x00,0x00,0x07,0xFF,0xFF,0xFE,0x00,0x13,0x32,0x10,0x00,0x00,
    0x00,0xAF,0xFF,0xFF,0xA4,0xBF,0xFF,0xFF,0xA4,0x00,0x00,0x0C,0xFF,0xFF,0xFF,0xFF,
    0xFF,0xFF,0xFF,0xFA,0x10,0x00,0xDF,0xFF,0xFF,0xFF,0xFF,0xFF,0xFF,0xFF,0xFA,0x00,
    0x0D,0xFF,0xFF,0xFF,0xFF,0xFF,0xFF,0xFF,0xFF,0xF6,0x00,0xDF,0xFF,0xFF,0xFF,0x95,
    0x59,0xFF,0xFF,0xFF,0xD0,0x0C,0xFF,0xFF,0xFF,0x70,0x00,0x06,0xFF,0xFF,0xFF,0x20,
    0x9F,0xFF,0xFF,0xF1,0x00,0x00,0x0F,0xFF,0xFF,0xF3,0x06,0xFF,0xFF,0xFF,0x00,0x00,
    0x00,0xEF,0xFF,0xFF,0x30,0x1F,0xFF,0xFF,0xF5,0x00,0x00,0x4F,0xFF,0xFF,0xF1,0x00,
    0x9F,0xFF,0xFF,0xE6,0x22,0x6E,0xFF,0xFF,0xFB,0x00,0x01,0xEF,0xFF,0xFF,0xFF,0xFF,
    0xFF,0xFF,0xFF,0x40,0x00,0x03,0xEF,0xFF,0xFF,0xFF,0xFF,0xFF,0xFF,0x70,0x00,0x00,
    0x03,0xDF,0xFF,0xFF,0xFF,0xFF,0xFF,0x70,0x00,0x00,0x00,0x00,0x6C,0xFF,0xFF,0xFF,
    0xEA,0x20,0x00,0x00,0x00,0x00,0x00,0x02,0x46,0x65,0x30,0x00,0x00,0x00,0x26,0x66,
    0x66,0x66,0x66,0x66,0x66,0x66,0x66,0x62,0x4F,0xFF,0xFF,0xFF,0xFF,0xFF,0xFF,0xFF,
    0xFF,0xF4,0x4F,0xFF,0xFF,0xFF,0xFF,0xFF,0xFF,0xFF,0xFF,0xF4,0x4F,0xFF,0xFF,0xFF,
    0xFF,0xFF,0xFF,0xFF,0xFF,0xF4,0x4F,0xFF,0xFF,0xFF,0xFF,0xFF,0xFF,0xFF,0xFF,0xF4,
    0x4F,0xFF,0xFF,0xC9,0x99,0x9A,0xFF,0xFF,0xFF,0xD0,0x4F,0xFF,0xFF,0x20,0x00,0x05,
    0xFF,0xFF,0xFF,0x70,0x4F,0xFF,0xFF,0x20,0x00,0x0B,0xFF,0xFF,0xFF,0x10,0x4F,0xFF,
    0xFF,0x20,0x00,0x3F,0xFF,0xFF,0xF9,0x00,0x01,0x11,0x11,0x00,0x00,0x9F,0xFF,0xFF,
    0xF3,0x00,0x00,0x00,0x00,0x00,0x01,0xFF,0xFF,0xFF,0xB0,0x00,0x00,0x00,0x00,0x00,
    0x07,0xFF,0xFF,0xFF,0x50,0x00,0x00,0x00,0x00,0x00,0x0E,0xFF,0xFF,0xFD,0x00,0x00,
    0x00,0x00,0x00,0x00,0x6F,0xFF,0xFF,0xF7,0x00,0x00,0x00,0x00,0x00,0x00,0xCF,0xFF,
    0xFF,0xE1,0x00,0x00,0x00,0x00,0x00,0x04,0xFF,0xFF,0xFF,0x90,0x00,0x00,0x00,0x00,
    0x00,0x0A,0xFF,0xFF,0xFF,0x30,0x00,0x00,0x00,0x00,0x00,0x2F,0xFF,0xFF,0xFB,0x00,
    0x00,0x00,0x00,0x00,0x00,0x8F,0xFF,0xFF,0xF5,0x00,0x00,0x00,0x00,0x00,0x01,0xEF,
    0xFF,0xFF,0xD0,0x00,0x00,0x00,0x00,0x00,0x06,0xFF,0xFF,0xFF,0x70,0x00,0x00,0x00,
    0x00,0x00,0x0D,0xFF,0xFF,0xFE,0x10,0x00,0x00,0x00,0x00,0x00,0x4F,0xFF,0xFF,0xF9,
    0x00,0x00,0x00,0x00,0x00,0x00,0x00,0x27,0xAB,0xCC,0xA8,0x40,0x00,0x00,0x00,0x00,
    0x03,0xBF,0xFF,0xFF,0xFF,0xFF,0xE6,0x00,0x00,0x00,0x05,0xFF,0xFF,0xFF,0xFF,0xFF,
    0xFF,0xFA,0x00,0x00,0x04,0xFF,0xFF,0xFF,0xFF,0xFF,0xFF,0xFF,0xFA,0x00,0x00,0xCF,
    0xFF,0xFF,0xFD,0xAB,0xFF,0xFF,0xFF,0xF3,0x00,0x2F,0xFF,0xFF,0xF9,0x00,0x03,0xFF,
    0xFF,0xFF,0x70,0x03,0xFF,0xFF,0xFF,0x20,0x00,0x0B,0xFF,0xFF,0xF9,0x00,0x2F,0xFF,
    0xFF,0xF2,0x00,0x00,0xBF,0xFF,0xFF,0x80,0x00,0xEF,0xFF,0xFF,0xA0,0x00,0x5F,0xFF,
    0xFF,0xF5,0x00,0x07,0xFF,0xFF,0xFF,0xFE,0xFF,0xFF,0xFF,0xFC,0x00,0x00,0x09,0xFF,
    0xFF,0xFF,0xFF,0xFF,0xFF,0xFD,0x20,0x00,0x00,0x5F,0xFF,0xFF,0xFF,0xFF,0xFF,0xFF,
    0xA0,0x00,0x00,0x7F,0xFF,0xFF,0xFF,0xFF,0xFF,0xFF,0xFF,0xC1,0x00,0x4F,0xFF,0xFF,
    0xFE,0x97,0x8D,0xFF,0xFF,0xFF,0xA0,0x0B,0xFF,0xFF,0xFE,0x20,0x00,0x09,0xFF,0xFF,
    0xFF,0x20,0xEF,0xFF,0xFF,0x70,0x00,0x00,0x1F,0xFF,0xFF,0xF5,0x0F,0xFF,0xFF,0xF6,
    0x00,0x00,0x00,0xFF,0xFF,0xFF,0x60,0xEF,0xFF,0xFF,0xB0,0x00,0x00,0x5F,0xFF,0xFF,
    0xF5,0x0A,0xFF,0xFF,0xFF,0x92,0x01,0x6E,0xFF,0xFF,0xFF,0x10,0x3F,0xFF,0xFF,0xFF,
    0xFF,0xFF,0xFF,0xFF,0xFF,0x90,0x00,0x7F,0xFF,0xFF,0xFF,0xFF,0xFF,0xFF,0xFF,0xB1,
    0x00,0x00,0x6E,0xFF,0xFF,0xFF,0xFF,0xFF,0xFF,0xA1,0x00,0x00,0x00,0x18,0xCF,0xFF,
    0xFF,0xFF,0xEA,0x30,0x00,0x00,0x00,0x00,0x00,0x14,0x56,0x64,0x30,0x00,0x00,0x00,
    0x00,0x00,0x02,0x7A,0xBC,0xCA,0x72,0x00,0x00,0x00,0x00,0x00,0x2A,0xFF,0xFF,0xFF,
    0xFF,0xFB,0x20,0x00,0x00,0x00,0x3E,0xFF,0xFF,0xFF,0xFF,0xFF,0xFF,0x50,0x00,0x00,
    0x2E,0xFF,0xFF,0xFF,0xFF,0xFF,0xFF,0xFF,0x40,0x00,0x0B,0xFF,0xFF,0xFF,0xDB,0xCF,
    0xFF,0xFF,0xFE,0x10,0x02,0xFF,0xFF,0xFF,0x80,0x00,0x2D,0xFF,0xFF,0xF8,0x00,0x6F,
    0xFF,0xFF,0xD0,0x00,0x00,0x5F,0xFF,0xFF,0xE0,0x07,0xFF,0xFF,0xFA,0x00,0x00,0x03,
    0xFF,0xFF,0xFF,0x40,0x7F,0xFF,0xFF,0xD0,0x00,0x00,0x6F,0xFF,0xFF,0xF7,0x04,0xFF,
    0xFF,0xFF,0x80,0x00,0x2D,0xFF,0xFF,0xFF,0x90,0x0E,0xFF,0xFF,0xFF,0xDB,0xBF,0xFF,
    0xFF,0xFF,0xFA,0x00,0x6F,0xFF,0xFF,0xFF,0xFF,0xFF,0xFF,0xFF,0xFF,0xA0,0x00,0x9F,
    0xFF,0xFF,0xFF,0xFF,0xFF,0xFF,0xFF,0xF9,0x00,0x00,0x6E,0xFF,0xFF,0xFF,0xFB,0xEF,
    0xFF,0xFF,0x80,0x00,0x00,0x16,0xAC,0xDC,0x94,0x0F,0xFF,0xFF,0xF5,0x00,0x00,0x00,
    0x00,0x00,0x00,0x05,0xFF,0xFF,0xFF,0x10,0x00,0x00,0x00,0x00,0x00,0x01,0xDF,0xFF,
    0xFF,0xB0,0x00,0x00,0x63,0x00,0x00,0x03,0xDF,0xFF,0xFF,0xF5,0x00,0x00,0x2F,0xFC,
    0xA9,0x9C,0xFF,0xFF,0xFF,0xFB,0x00,0x00,0x0A,0xFF,0xFF,0xFF,0xFF,0xFF,0xFF,0xFD,
    0x20,0x00,0x02,0xFF,0xFF,0xFF,0xFF,0xFF,0xFF,0xFD,0x30,0x00,0x00,0x9F,0xFF,0xFF,
    0xFF,0xFF,0xFF,0xFA,0x10,0x00,0x00,0x01,0x7C,0xFF,0xFF,0xFF,0xFE,0xA3,0x00,0x00,
    0x00,0x00,0x00,0x01,0x46,0x66,0x53,0x00,0x00,0x00,0x00,0x00,0x00,0x4B,0xDB,0x50,
    0x00,0x6F,0xFF,0xFF,0x70,0x0E,0xFF,0xFF,0xFE,0x02,0xFF,0xFF,0xFF,0xF2,0x1F,0xFF,
    0xFF,0xFF,0x10,0xAF,0xFF,0xFF,0xA0,0x01,0xAF,0xFF,0xB1,0x00,0x00,0x24,0x20,0x00,
    0x00,0x00,0x00,0x00,0x00,0x00,0x00,0x00,0x00,0x00,0x00,0x00,0x00,0x00,0x04,0xBD,
    0xB5,0x00,0x06,0xFF,0xFF,0xF7,0x00,0xEF,0xFF,0xFF,0xE0,0x2F,0xFF,0xFF,0xFF,0x21,
    0xFF,0xFF,0xFF,0xF1,0x0A,0xFF,0xFF,0xFA,0x00,0x1A,0xFF,0xFB,0x10,0x00,0x02,0x42,
    0x00,0x00,0x00,0x4B,0xDB,0x50,0x00,0x6F,0xFF,0xFF,0x70,0x0E,0xFF,0xFF,0xFE,0x02,
    0xFF,0xFF,0xFF,0xF2,0x1F,0xFF,0xFF,0xFF,0x10,0xAF,0xFF,0xFF,0xA0,0x01,0xAF,0xFF,
    0xB1,0x00,0x00,0x24,0x20,0x00,0x00,0x00,0x00,0x00,0x00,0x00,0x00,0x00,0x00,0x00,
    0x00,0x00,0x00,0x00,0x05,0xBD,0xB5,0x00,0x07,0xFF,0xFF,0xF7,0x00,0xEF,0xFF,0xFF,
    0xE0,0x1F,0xFF,0xFF,0xFF,0x20,0xFF,0xFF,0xFF,0xF1,0x09,0xFF,0xFF,0xFD,0x00,0x1B,
    0xFF,0xFF,0x70,0x00,0x6F,0xFF,0xE1,0x00,0x0B,0xFF,0xF9,0x00,0x00,0xEF,0xFF,0x30,
    0x00,0x4F,0xFF,0xB0,0x00,0x09,0xFF,0xF5,0x00,0x00,0x00,0x00,0x00,0x00,0x00,0x00,
    0x00,0x00,0x00,0x00,0x00,0x00,0x14,0x00,0x00,0x00,0x00,0x00,0x00,0x00,0x00,0x5B,
    0xFA,0x00,0x00,0x00,0x00,0x00,0x00,0x03,0x9E,0xFF,0xFA,0x00,0x00,0x00,0x00,0x00,
    0x27,0xDF,0xFF,0xFF,0xFA,0x00,0x00,0x00,0x01,0x6B,0xFF,0xFF,0xFF,0xFF,0xFA,0x00,
    0x00,0x04,0x9E,0xFF,0xFF,0xFF,0xFF,0xFE,0x93,0x00,0x01,0xDF,0xFF,0xFF,0xFF,0xFF,
    0xEA,0x50,0x00,0x00,0x02,0xFF,0xFF,0xFF,0xFF,0xB5,0x10,0x00,0x00,0x00,0x02,0xFF,
    0xFF,0xFE,0x61,0x00,0x00,0x00,0x00,0x00,0x02,0xFF,0xFF,0xFF,0xC7,0x20,0x00,0x00,
    0x00,0x00,0x02,0xFF,0xFF,0xFF,0xFF,0xFB,0x61,0x00,0x00,0x00,0x00,0x7D,0xFF,0xFF,
    0xFF,0xFF,0xFF,0xA5,0x10,0x00,0x00,0x00,0x39,0xEF,0xFF,0xFF,0xFF,0xFF,0xE7,0x00,
    0x00,0x00,0x00,0x05,0xBF,0xFF,0xFF,0xFF,0xFA,0x00,0x00,0x00,0x00,0x00,0x01,0x7C,
    0xFF,0xFF,0xFA,0x00,0x00,0x00,0x00,0x00,0x00,0x00,0x38,0xEF,0xFA,0x00,0x00,0x00,
    0x00,0x00,0x00,0x00,0x00,0x05,0xA9,0x00,0x00,0x00,0x00,0x00,0x00,0x00,0x00,0x00,
    0x00,0x00,0x00,0x00,0x00,0x00,0x00,0x00,0x00,0x00,0x00,0x00,0x00,0x00,0x00,0x00,
    0x00,0x00,0x00,0x00,0x00,0x00,0x01,0x99,0x99,0x99,0x99,0x99,0x99,0x99,0x96,0x00,
    0x02,0xFF,0xFF,0xFF,0xFF,0xFF,0xFF,0xFF,0xFA,0x00,0x02,0xFF,0xFF,0xFF,0xFF,0xFF,
    0xFF,0xFF,0xFA,0x00,0x02,0xFF,0xFF,0xFF,0xFF,0xFF,0xFF,0xFF,0xFA,0x00,0x02,0xFF,
    0xFF,0xFF,0xFF,0xFF,0xFF,0xFF,0xFA,0x00,0x00,0x11,0x11,0x11,0x11,0x11,0x11,0x11,
    0x11,0x00,0x00,0x00,0x00,0x00,0x00,0x00,0x00,0x00,0x00,0x00,0x00,0x00,0x00,0x00,
    0x00,0x00,0x00,0x00,0x00,0x00,0x01,0x77,0x77,0x77,0x77,0x77,0x77,0x77,0x74,0x00,
    0x02,0xFF,0xFF,0xFF,0xFF,0xFF,0xFF,0xFF,0xFA,0x00,0x02,0xFF,0xFF,0xFF,0xFF,0xFF,
    0xFF,0xFF,0xFA,0x00,0x02,0xFF,0xFF,0xFF,0xFF,0xFF,0xFF,0xFF,0xFA,0x00,0x02,0xFF,
    0xFF,0xFF,0xFF,0xFF,0xFF,0xFF,0xFA,0x00,0x00,0x33,0x33,0x33,0x33,0x33,0x33,0x33,
    0x32,0x00,0x00,0x00,0x00,0x00,0x00,0x00,0x00,0x00,0x00,0x00,0x00,0x00,0x00,0x00,
    0x00,0x00,0x00,0x00,0x00,0x00,0x00,0x00,0x00,0x00,0x00,0x00,0x00,0x00,0x00,0x00,
    0x00,0x00,0x00,0x00,0x00,0x00,0x00,0x00,0x00,0x00,0x01,0x40,0x00,0x00,0x00,0x00,
    0x00,0x00,0x00,0x00,0x02,0xFD,0x82,0x00,0x00,0x00,0x00,0x00,0x00,0x00,0x02,0xFF,
    0xFF,0xC6,0x10,0x00,0x00,0x00,0x00,0x00,0x02,0xFF,0xFF,0xFF,0xFA,0x50,0x00,0x00,
    0x00,0x00,0x02,0xFF,0xFF,0xFF,0xFF,0xFE,0x83,0x00,0x00,0x00,0x00,0x6B,0xFF,0xFF,
    0xFF,0xFF,0xFF,0xC7,0x10,0x00,0x00,0x00,0x27,0xCF,0xFF,0xFF,0xFF,0xFF,0xF7,0x00,
    0x00,0x00,0x00,0x03,0x8D,0xFF,0xFF,0xFF,0xFA,0x00,0x00,0x00,0x00,0x00,0x00,0x4A,
    0xFF,0xFF,0xFA,0x00,0x00,0x00,0x00,0x00,0x04,0xAE,0xFF,0xFF,0xFA,0x00,0x00,0x00,
    0x00,0x39,0xEF,0xFF,0xFF,0xFF,0xFA,0x00,0x00,0x02,0x8D,0xFF,0xFF,0xFF,0xFF,0xFF,
    0xA4,0x00,0x01,0xCF,0xFF,0xFF,0xFF,0xFF,0xFC,0x61,0x00,0x00,0x02,0xFF,0xFF,0xFF,
    0xFF,0xD8,0x20,0x00,0x00,0x00,0x02,0xFF,0xFF,0xFE,0xA4,0x00,0x00,0x00,0x00,0x00,
    0x02,0xFF,0xFB,0x61,0x00,0x00,0x00,0x00,0x00,0x00,0x02,0xD7,0x20,0x00,0x00,0x00,
    0x00,0x00,0x00,0x00,0x00,0x00,0x00,0x00,0x00,0x00,0x00,0x00,0x00,0x00,0x00,0x00,
    0x00,0x00,0x00,0x00,0x00,0x00,0x00,0x00,0x00,0x00,0x00,0x00,0x00,0x00,0x00,0x00,
    0x00,0x00,0x00,0x00,0x01,0x59,0xBC,0xCB,0xA7,0x30,0x00,0x00,0x00,0x01,0x9E,0xFF,
    0xFF,0xFF,0xFF,0xFB,0x30,0x00,0x00,0x3E,0xFF,0xFF,0xFF,0xFF,0xFF,0xFF,0xE4,0x00,
    0x03,0xEF,0xFF,0xFF,0xFF,0xFF,0xFF,0xFF,0xFE,0x10,0x1D,0xFF,0xFF,0xFF,0xFF,0xFF,
    0xFF,0xFF,0xFF,0x70,0x04,0xCF,0xFF,0xFA,0x43,0x4B,0xFF,0xFF,0xFF,0xA0,0x00,0x05,
    0xDF,0x50,0x00,0x00,0xDF,0xFF,0xFF,0xB0,0x00,0x00,0x03,0x00,0x00,0x00,0xBF,0xFF,
    0xFF,0x90,0x00,0x00,0x00,0x00,0x00,0x03,0xFF,0xFF,0xFF,0x30,0x00,0x00,0x00,0x00,
    0x00,0x2D,0xFF,0xFF,0xFA,0x00,0x00,0x00,0x00,0x00,0x02,0xEF,0xFF,0xFF,0xC1,0x00,
    0x00,0x00,0x00,0x00,0x1D,0xFF,0xFF,0xFC,0x10,0x00,0x00,0x00,0x00,0x00,0x9F,0xFF,
    0xFF,0xB1,0x00,0x00,0x00,0x00,0x00,0x01,0xFF,0xFF,0xFD,0x10,0x00,0x00,0x00,0x00,
    0x00,0x02,0xCC,0xCC,0xC7,0x00,0x00,0x00,0x00,0x00,0x00,0x00,0x00,0x00,0x00,0x00,
    0x00,0x00,0x00,0x00,0x00,0x00,0x03,0x54,0x00,0x00,0x00,0x00,0x00,0x00,0x00,0x01,
    0xBF,0xFF,0xD3,0x00,0x00,0x00,0x00,0x00,0x00,0x0A,0xFF,0xFF,0xFD,0x00,0x00,0x00,
    0x00,0x00,0x00,0x0E,0xFF,0xFF,0xFF,0x30,0x00,0x00,0x00,0x00,0x00,0x0E,0xFF,0xFF,
    0xFF,0x20,0x00,0x00,0x00,0x00,0x00,0x08,0xFF,0xFF,0xFC,0x00,0x00,0x00,0x00,0x00,
    0x00,0x00,0x9F,0xFF,0xC2,0x00,0x00,0x00,0x00,0x00,0x00,0x00,0x01,0x42,0x00,0x00,
    0x00,0x00,0x00,0x00,0x00,0x00,0x00,0x01,0x58,0xAB,0xCB,0xB9,0x63,0x00,0x00,0x00,
    0x00,0x00,0x00,0x00,0x00,0x00,0x00,0x4B,0xFF,0xFF,0xFF,0xFF,0xFF,0xFD,0x71,0x00,
    0x00,0x00,0x00,0x00,0x00,0x00,0x03,0xBF,0xFF,0xFF,0xFF,0xFF,0xFF,0xFF,0xFF,0xE7,
    0x00,0x00,0x00,0x00,0x00,0x00,0x07,0xFF,0xFF,0xFF,0xFE,0xDC,0xCE,0xFF,0xFF,0xFF,
    0xFC,0x20,0x00,0x00,0x00,0x00,0x0A,0xFF,0xFF,0xFD,0x73,0x00,0x00,0x01,0x48,0xEF,
    0xFF,0xFE,0x20,0x00,0x00,0x00,0x08,0xFF,0xFF,0xE6,0x00,0x00,0x00,0x00,0x00,0x01,
    0x8F,0xFF,0xFD,0x10,0x00,0x00,0x05,0xFF,0xFF,0xD3,0x00,0x00,0x00,0x00,0x00,0x00,
    0x00,0x4E,0xFF,0xFB,0x00,0x00,0x01,0xEF,0xFF,0xE2,0x00,0x03,0x8A,0xB9,0x50,0x38,
    0x88,0x86,0x3F,0xFF,0xF5,0x00,0x00,0x7F,0xFF,0xF4,0x00,0x1A,0xFF,0xFF,0xFF,0xC8,
    0xFF,0xFF,0xC0,0x6F,0xFF,0xD0,0x00,0x0E,0xFF,0xFA,0x00,0x1D,0xFF,0xFF,0xFF,0xFF,
    0xFF,0xFF,0xFC,0x00,0xDF,0xFF,0x40,0x04,0xFF,0xFF,0x30,0x0A,0xFF,0xFF,0xFF,0xFF,
    0xFF,0xFF,0xFF,0xC0,0x07,0xFF,0xF9,0x00,0x8F,0xFF,0xD0,0x03,0xFF,0xFF,0xFF,0xB9,
    0xBF,0xFF,0xFF,0xFC,0x00,0x2F,0xFF,0xC0,0x0B,0xFF,0xF9,0x00,0x8F,0xFF,0xFF,0x50,
    0x00,0x5F,0xFF,0xFF,0xC0,0x00,0xEF,0xFE,0x00,0xDF,0xFF,0x70,0x0C,0xFF,0xFF,0xA0,
    0x00,0x00,0xDF,0xFF,0xFC,0x00,0x0D,0xFF,0xF0,0x0D,0xFF,0xF6,0x00,0xDF,0xFF,0xF7,
    0x00,0x00,0x08,0xFF,0xFF,0xC0,0x00,0xCF,0xFF,0x00,0xDF,0xFF,0x60,0x0E,0xFF,0xFF,
    0x60,0x00,0x00,0x7F,0xFF,0xFC,0x00,0x0D,0xFF,0xE0,0x0C,0xFF,0xF7,0x00,0xCF,0xFF,
    0xF8,0x00,0x00,0x0A,0xFF,0xFF,0xC0,0x00,0xEF,0xFD,0x00,0xAF,0xFF,0x90,0x0A,0xFF,
    0xFF,0xE1,0x00,0x01,0xFF,0xFF,0xFD,0x00,0x3F,0xFF,0x90,0x08,0xFF,0xFD,0x00,0x5F,
    0xFF,0xFF,0xC4,0x24,0xCF,0xFF,0xFF,0xF2,0x0A,0xFF,0xF5,0x00,0x4F,0xFF,0xF3,0x00,
    0xDF,0xFF,0xFF,0xFF,0xFF,0xFF,0xFF,0xFF,0xFE,0xFF,0xFD,0x00,0x00,0xDF,0xFF,0xB0,
    0x04,0xFF,0xFF,0xFF,0xFF,0xFF,0xDF,0xFF,0xFF,0xFF,0xFF,0x40,0x00,0x06,0xFF,0xFF,
    0x40,0x05,0xFF,0xFF,0xFF,0xFF,0x82,0xEF,0xFF,0xFF,0xFF,0x60,0x00,0x00,0x0D,0xFF,
    0xFE,0x20,0x03,0xAF,0xFF,0xFD,0x50,0x02,0xBF,0xFF,0xFC,0x40,0x00,0x00,0x00,0x4F,
    0xFF,0xFE,0x30,0x00,0x13,0x31,0x00,0x00,0x00,0x13,0x41,0x00,0x00,0x00,0x00,0x00,
    0x7F,0xFF,0xFF,0x81,0x00,0x00,0x00,0x00,0x00,0x20,0x00,0x00,0x00,0x00,0x00,0x00,
    0x00,0x8F,0xFF,0xFF,0xE9,0x51,0x00,0x00,0x36,0xBF,0x50,0x00,0x00,0x00,0x00,0x00,
    0x00,0x00,0x5E,0xFF,0xFF,0xFF,0xFF,0xEE,0xFF,0xFF,0xFA,0x00,0x00,0x00,0x00,0x00,
    0x00,0x00,0x00,0x2A,0xFF,0xFF,0xFF,0xFF,0xFF,0xFF,0xFF,0xE1,0x00,0x00,0x00,0x00,
    0x00,0x00,0x00,0x00,0x03,0x9E,0xFF,0xFF,0xFF,0xFF,0xFF,0xC6,0x00,0x00,0x00,0x00,
    0x00,0x00,0x00,0x00,0x00,0x00,0x03,0x68,0x9A,0x98,0x74,0x10,0x00,0x00,0x00,0x00,
    0x00,0x00,0x00,0x00,0x00,0x00,0x46,0x66,0x66,0x50,0x00,0x00,0x00,0x00,0x00,0x00,
    0x00,0x00,0x00,0x1E,0xFF,0xFF,0xFF,0x20,0x00,0x00,0x00,0x00,0x00,0x00,0x00,0x00,
    0x06,0xFF,0xFF,0xFF,0xF8,0x00,0x00,0x00,0x00,0x00,0x00,0x00,0x00,0x00,0xDF,0xFF,
    0xFF,0xFF,0xE1,0x00,0x00,0x00,0x00,0x00,0x00,0x00,0x00,0x4F,0xFF,0xFF,0xFF,0xFF,
    0x60,0x00,0x00,0x00,0x00,0x00,0x00,0x00,0x0B,0xFF,0xFF,0xFF,0xFF,0xFD,0x00,0x00,
    0x00,0x00,0x00,0x00,0x00,0x03,0xFF,0xFF,0xFF,0xFF,0xFF,0xF4,0x00,0x00,0x00,0x00,
    0x00,0x00,0x00,0x9F,0xFF,0xFF,0x7F,0xFF,0xFF,0xB0,0x00,0x00,0x00,0x00,0x00,0x00,
    0x1F,0xFF,0xFF,0xD0,0xCF,0xFF,0xFF,0x30,0x00,0x00,0x00,0x00,0x00,0x07,0xFF,0xFF,
    0xF7,0x06,0xFF,0xFF,0xF9,0x00,0x00,0x00,0x00,0x00,0x00,0xEF,0xFF,0xFF,0x10,0x1E,
    0xFF,0xFF,0xF1,0x00,0x00,0x00,0x00,0x00,0x6F,0xFF,0xFF,0x90,0x00,0x9F,0xFF,0xFF,
    0x70,0x00,0x00,0x00,0x00,0x0C,0xFF,0xFF,0xF3,0x00,0x03,0xFF,0xFF,0xFE,0x00,0x00,
    0x00,0x00,0x04,0xFF,0xFF,0xFD,0x00,0x00,0x0D,0xFF,0xFF,0xF6,0x00,0x00,0x00,0x00,
    0xBF,0xFF,0xFF,0xFF,0xFF,0xFF,0xFF,0xFF,0xFF,0xC0,0x00,0x00,0x00,0x2F,0xFF,0xFF,
    0xFF,0xFF,0xFF,0xFF,0xFF,0xFF,0xFF,0x40,0x00,0x00,0x09,0xFF,0xFF,0xFF,0xFF,0xFF,
    0xFF,0xFF,0xFF,0xFF,0xFB,0x00,0x00,0x01,0xEF,0xFF,0xFF,0xFF,0xFF,0xFF,0xFF,0xFF,
    0xFF,0xFF,0xF2,0x00,0x00,0x7F,0xFF,0xFF,0xFA,0xAA,0xAA,0xAA,0xAA,0xFF,0xFF,0xFF,
    0x90,0x00,0x0D,0xFF,0xFF,0xF6,0x00,0x00,0x00,0x00,0x06,0xFF,0xFF,0xFE,0x10,0x05,
    0xFF,0xFF,0xFE,0x10,0x00,0x00,0x00,0x00,0x1E,0xFF,0xFF,0xF7,0x00,0xCF,0xFF,0xFF,
    0x90,0x00,0x00,0x00,0x00,0x00,0x9F,0xFF,0xFF,0xD0,0x3F,0xFF,0xFF,0xF3,0x00,0x00,
    0x00,0x00,0x00,0x03,0xFF,0xFF,0xFF,0x50,0x00,0x56,0x66,0x66,0x66,0x66,0x66,0x55,
    0x30,0x00,0x00,0x00,0x00,0x0B,0xFF,0xFF,0xFF,0xFF,0xFF,0xFF,0xFF,0xEA,0x40,0x00,
    0x00,0x00,0xBF,0xFF,0xFF,0xFF,0xFF,0xFF,0xFF,0xFF,0xFF,0x80,0x00,0x00,0x0B,0xFF,
    0xFF,0xFF,0xFF,0xFF,0xFF,0xFF,0xFF,0xFF,0x80,0x00,0x00,0xBF,0xFF,0xFF,0xFF,0xFF,
    0xFF,0xFF,0xFF,0xFF,0xFF,0x10,0x00,0x0B,0xFF,0xFF,0xF9,0x33,0x33,0x46,0xDF,0xFF,
    0xFF,0xF5,0x00,0x00,0xBF,0xFF,0xFF,0x80,0x00,0x00,0x02,0xFF,0xFF,0xFF,0x60,0x00,
    0x0B,0xFF,0xFF,0xF8,0x00,0x00,0x00,0x0F,0xFF,0xFF,0xF5,0x00,0x00,0xBF,0xFF,0xFF,
    0x80,0x00,0x00,0x05,0xFF,0xFF,0xFE,0x10,0x00,0x0B,0xFF,0xFF,0xFF,0x88,0x88,0x8B,
    0xFF,0xFF,0xFF,0x70,0x00,0x00,0xBF,0xFF,0xFF,0xFF,0xFF,0xFF,0xFF,0xFF,0xFF,0x80,
    0x00,0x00,0x0B,0xFF,0xFF,0xFF,0xFF,0xFF,0xFF,0xFF,0xFF,0xD2,0x00,0x00,0x00,0xBF,
    0xFF,0xFF,0xFF,0xFF,0xFF,0xFF,0xFF,0xFF,0xF8,0x00,0x00,0x0B,0xFF,0xFF,0xFF,0xDD,
    0xDD,0xDE,0xFF,0xFF,0xFF,0xF7,0x00,0x00,0xBF,0xFF,0xFF,0x80,0x00,0x00,0x02,0xAF,
    0xFF,0xFF,0xE1,0x00,0x0B,0xFF,0xFF,0xF8,0x00,0x00,0x00,0x00,0xEF,0xFF,0xFF,0x50,
    0x00,0xBF,0xFF,0xFF,0x80,0x00,0x00,0x00,0x0E,0xFF,0xFF,0xF7,0x00,0x0B,0xFF,0xFF,
    0xF8,0x00,0x00,0x00,0x06,0xFF,0xFF,0xFF,0x70,0x00,0xBF,0xFF,0xFF,0xC8,0x88,0x88,
    0x9C,0xFF,0xFF,0xFF,0xF4,0x00,0x0B,0xFF,0xFF,0xFF,0xFF,0xFF,0xFF,0xFF,0xFF,0xFF,
    0xFD,0x00,0x00,0xBF,0xFF,0xFF,0xFF,0xFF,0xFF,0xFF,0xFF,0xFF,0xFE,0x30,0x00,0x0B,
    0xFF,0xFF,0xFF,0xFF,0xFF,0xFF,0xFF,0xFF,0xFB,0x30,0x00,0x00,0xBF,0xFF,0xFF,0xFF,
    0xFF,0xFF,0xFE,0xDB,0x83,0x00,0x00,0x00,0x00,0x00,0x00,0x00,0x04,0x8A,0xCC,0xCA,
    0x84,0x00,0x00,0x00,0x00,0x00,0x00,0x17,0xEF,0xFF,0xFF,0xFF,0xFF,0xE7,0x00,0x00,
    0x00,0x00,0x04,0xEF,0xFF,0xFF,0xFF,0xFF,0xFF,0xFF,0xD3,0x00,0x00,0x00,0x7F,0xFF,
    0xFF,0xFF,0xFF,0xFF,0xFF,0xFF,0xFE,0x30,0x00,0x05,0xFF,0xFF,0xFF,0xFF,0xFF,0xFF,
    0xFF,0xFF,0xFF,0xB0,0x00,0x2F,0xFF,0xFF,0xFF,0xFC,0x86,0x7A,0xEF,0xFF,0xFB,0x10,
    0x00,0xAF,0xFF,0xFF,0xFD,0x30,0x00,0x00,0x1A,0xFF,0xA0,0x00,0x02,0xFF,0xFF,0xFF,
    0xD1,0x00,0x00,0x00,0x00,0x88,0x00,0x00,0x06,0xFF,0xFF,0xFF,0x40,0x00,0x00,0x00,
    0x00,0x00,0x00,0x00,0x0A,0xFF,0xFF,0xFD,0x00,0x00,0x00,0x00,0x00,0x00,0x00,0x00,
    0x0C,0xFF,0xFF,0xF9,0x00,0x00,0x00,0x00,0x00,0x00,0x00,0x00,0x0D,0xFF,0xFF,0xF8,
    0x00,0x00,0x00,0x00,0x00,0x00,0x00,0x00,0x0D,0xFF,0xFF,0xF8,0x00,0x00,0x00,0x00,
    0x00,0x00,0x00,0x00,0x0B,0xFF,0xFF,0xFA,0x00,0x00,0x00,0x00,0x00,0x00,0x00,0x00,
    0x09,0xFF,0xFF,0xFE,0x10,0x00,0x00,0x00,0x00,0x00,0x00,0x00,0x04,0xFF,0xFF,0xFF,
    0x80,0x00,0x00,0x00,0x00,0x11,0x00,0x00,0x00,0xEF,0xFF,0xFF,0xF5,0x00,0x00,0x00,
    0x02,0xCD,0x20,0x00,0x00,0x6F,0xFF,0xFF,0xFF,0x92,0x00,0x01,0x6E,0xFF,0xE3,0x00,
    0x00,0x0C,0xFF,0xFF,0xFF,0xFF,0xEC,0xDF,0xFF,0xFF,0xFE,0x40,0x00,0x02,0xDF,0xFF,
    0xFF,0xFF,0xFF,0xFF,0xFF,0xFF,0xFF,0xA0,0x00,0x00,0x2D,0xFF,0xFF,0xFF,0xFF,0xFF,
    0xFF,0xFF,0xFA,0x00,0x00,0x00,0x01,0x9F,0xFF,0xFF,0xFF,0xFF,0xFF,0xFE,0x60,0x00,
    0x00,0x00,0x00,0x02,0x9D,0xFF,0xFF,0xFF,0xFD,0x81,0x00,0x00,0x00,0x00,0x00,0x00,
    0x00,0x24,0x56,0x64,0x20,0x00,0x00,0x00,0x00,0x56,0x66,0x66,0x66,0x66,0x66,0x53,
    0x00,0x00,0x00,0x00,0x00,0x00,0xBF,0xFF,0xFF,0xFF,0xFF,0xFF,0xFF,0xFB,0x61,0x00,
    0x00,0x00,0x00,0xBF,0xFF,0xFF,0xFF,0xFF,0xFF,0xFF,0xFF,0xFE,0x60,0x00,0x00,0x00,
    0xBF,0xFF,0xFF,0xFF,0xFF,0xFF,0xFF,0xFF,0xFF,0xFA,0x00,0x00,0x00,0xBF,0xFF,0xFF,
    0xFF,0xFF,0xFF,0xFF,0xFF,0xFF,0xFF,0xA0,0x00,0x00,0xBF,0xFF,0xFF,0xDA,0xAA,0xAB,
    0xDF,0xFF,0xFF,0xFF,0xF7,0x00,0x00,0xBF,0xFF,0xFF,0x90,0x00,0x00,0x03,0xCF,0xFF,
    0xFF,0xFF,0x20,0x00,0xBF,0xFF,0xFF,0x90,0x00,0x00,0x00,0x0A,0xFF,0xFF,0xFF,0x80,
    0x00,0xBF,0xFF,0xFF,0x90,0x00,0x00,0x00,0x01,0xDF,0xFF,0xFF,0xD0,0x00,0xBF,0xFF,
    0xFF,0x90,0x00,0x00,0x00,0x00,0x7F,0xFF,0xFF,0xF2,0x00,0xBF,0xFF,0xFF,0x90,0x00,
    0x00,0x00,0x00,0x3F,0xFF,0xFF,0xF4,0x00,0xBF,0xFF,0xFF,0x90,0x00,0x00,0x00,0x00,
    0x1F,0xFF,0xFF,0xF5,0x00,0xBF,0xFF,0xFF,0x90,0x00,0x00,0x00,0x00,0x2F,0xFF,0xFF,
    0xF4,0x00,0xBF,0xFF,0xFF,0x90,0x00,0x00,0x00,0x00,0x4F,0xFF,0xFF,0xF3,0x00,0xBF,
    0xFF,0xFF,0x90,0x00,0x00,0x00,0x00,0x9F,0xFF,0xFF,0xF1,0x00,0xBF,0xFF,0xFF,0x90,
    0x00,0x00,0x00,0x03,0xFF,0xFF,0xFF,0xB0,0x00,0xBF,0xFF,0xFF,0x90,0x00,0x00,0x00,
    0x3D,0xFF,0xFF,0xFF,0x60,0x00,0xBF,0xFF,0xFF,0x91,0x11,0x12,0x4A,0xFF,0xFF,0xFF,
    0xFD,0x00,0x00,0xBF,0xFF,0xFF,0xFF,0xFF,0xFF,0xFF,0xFF,0xFF,0xFF,0xF3,0x00,0x00,
    0xBF,0xFF,0xFF,0xFF,0xFF,0xFF,0xFF,0xFF,0xFF,0xFF,0x50,0x00,0x00,0xBF,0xFF,0xFF,
    0xFF,0xFF,0xFF,0xFF,0xFF,0xFF,0xE4,0x00,0x00,0x00,0xBF,0xFF,0xFF,0xFF,0xFF,0xFF,
    0xFF,0xFF,0xE8,0x10,0x00,0x00,0x00,0xBF,0xFF,0xFF,0xFF,0xFF,0xFF,0xEC,0x95,0x10,
    0x00,0x00,0x00,0x00,0x56,0x66,0x66,0x66,0x66,0x66,0x66,0x66,0x65,0x00,0x00,0xBF,
    0xFF,0xFF,0xFF,0xFF,0xFF,0xFF,0xFF,0xFC,0x00,0x00,0xBF,0xFF,0xFF,0xFF,0xFF,0xFF,
    0xFF,0xFF,0xFC,0x00,0x00,0xBF,0xFF,0xFF,0xFF,0xFF,0xFF,0xFF,0xFF,0xFC,0x00,0x00,
    0xBF,0xFF,0xFF,0xFF,0xFF,0xFF,0xFF,0xFF,0xFC,0x00,0x00,0xBF,0xFF,0xFF,0xB8,0x88,
    0x88,0x88,0x88,0x86,0x00,0x00,0xBF,0xFF,0xFF,0x80,0x00,0x00,0x00,0x00,0x00,0x00,
    0x00,0xBF,0xFF,0xFF,0x80,0x00,0x00,0x00,0x00,0x00,0x00,0x00,0xBF,0xFF,0xFF,0x80,
    0x00,0x00,0x00,0x00,0x00,0x00,0x00,0xBF,0xFF,0xFF,0xFB,0xBB,0xBB,0xBB,0xBB,0x50,
    0x00,0x00,0xBF,0xFF,0xFF,0xFF,0xFF,0xFF,0xFF,0xFF,0x70,0x00,0x00,0xBF,0xFF,0xFF,
    0xFF,0xFF,0xFF,0xFF,0xFF,0x70,0x00,0x00,0xBF,0xFF,0xFF,0xFF,0xFF,0xFF,0xFF,0xFF,
    0x70,0x00,0x00,0xBF,0xFF,0xFF,0xFF,0xFF,0xFF,0xFF,0xFF,0x70,0x00,0x00,0xBF,0xFF,
    0xFF,0x80,0x00,0x00,0x00,0x00,0x00,0x00,0x00,0xBF,0xFF,0xFF,0x80,0x00,0x00,0x00,
    0x00,0x00,0x00,0x00,0xBF,0xFF,0xFF,0x80,0x00,0x00,0x00,0x00,0x00,0x00,0x00,0xBF,
    0xFF,0xFF,0x80,0x00,0x00,0x00,0x00,0x00,0x00,0x00,0xBF,0xFF,0xFF,0xEE,0xEE,0xEE,
    0xEE,0xEE,0xEE,0x30,0x00,0xBF,0xFF,0xFF,0xFF,0xFF,0xFF,0xFF,0xFF,0xFF,0x30,0x00,
    0xBF,0xFF,0xFF,0xFF,0xFF,0xFF,0xFF,0xFF,0xFF,0x30,0x00,0xBF,0xFF,0xFF,0xFF,0xFF,
    0xFF,0xFF,0xFF,0xFF,0x30,0x00,0xBF,0xFF,0xFF,0xFF,0xFF,0xFF,0xFF,0xFF,0xFF,0x30,
    0x00,0x56,0x66,0x66,0x66,0x66,0x66,0x66,0x66,0x65,0x00,0x0B,0xFF,0xFF,0xFF,0xFF,
    0xFF,0xFF,0xFF,0xFF,0xC0,0x00,0xBF,0xFF,0xFF,0xFF,0xFF,0xFF,0xFF,0xFF,0xFC,0x00,
    0x0B,0xFF,0xFF,0xFF,0xFF,0xFF,0xFF,0xFF,0xFF,0xC0,0x00,0xBF,0xFF,0xFF,0xFF,0xFF,
    0xFF,0xFF,0xFF,0xFC,0x00,0x0B,0xFF,0xFF,0xFC,0x88,0x88,0x88,0x88,0x88,0x60,0x00,
    0xBF,0xFF,0xFF,0x90,0x00,0x00,0x00,0x00,0x00,0x00,0x0B,0xFF,0xFF,0xF9,0x00,0x00,
    0x00,0x00,0x00,0x00,0x00,0xBF,0xFF,0xFF,0x90,0x00,0x00,0x00,0x00,0x00,0x00,0x0B,
    0xFF,0xFF,0xF9,0x00,0x00,0x00,0x00,0x00,0x00,0x00,0xBF,0xFF,0xFF,0xF9,0x99,0x99,
    0x99,0x99,0x40,0x00,0x0B,0xFF,0xFF,0xFF,0xFF,0xFF,0xFF,0xFF,0xF7,0x00,0x00,0xBF,
    0xFF,0xFF,0xFF,0xFF,0xFF,0xFF,0xFF,0x70,0x00,0x0B,0xFF,0xFF,0xFF,0xFF,0xFF,0xFF,
    0xFF,0xF7,0x00,0x00,0xBF,0xFF,0xFF,0xFF,0xFF,0xFF,0xFF,0xFF,0x70,0x00,0x0B,0xFF,
    0xFF,0xFD,0x55,0x55,0x55,0x55,0x52,0x00,0x00,0xBF,0xFF,0xFF,0x90,0x00,0x00,0x00,
    0x00,0x00,0x00,0x0B,0xFF,0xFF,0xF9,0x00,0x00,0x00,0x00,0x00,0x00,0x00,0xBF,0xFF,
    0xFF,0x90,0x00,0x00,0x00,0x00,0x00,0x00,0x0B,0xFF,0xFF,0xF9,0x00,0x00,0x00,0x00,
    0x00,0x00,0x00,0xBF,0xFF,0xFF,0x90,0x00,0x00,0x00,0x00,0x00,0x00,0x0B,0xFF,0xFF,
    0xF9,0x00,0x00,0x00,0x00,0x00,0x00,0x00,0xBF,0xFF,0xFF,0x90,0x00,0x00,0x00,0x00,
    0x00,0x00,0x00,0x00,0x00,0x00,0x04,0x8A,0xBC,0xCB,0x95,0x10,0x00,0x00,0x00,0x00,
    0x00,0x01,0x7E,0xFF,0xFF,0xFF,0xFF,0xFF,0x92,0x00,0x00,0x00,0x00,0x04,0xEF,0xFF,
    0xFF,0xFF,0xFF,0xFF,0xFF,0xE7,0x00,0x00,0x00,0x06,0xFF,0xFF,0xFF,0xFF,0xFF,0xFF,
    0xFF,0xFF,0xF9,0x00,0x00,0x05,0xFF,0xFF,0xFF,0xFF,0xFF,0xFF,0xFF,0xFF,0xFF,0xE2,
    0x00,0x02,0xEF,0xFF,0xFF,0xFF,0xC8,0x67,0x9D,0xFF,0xFF,0xD2,0x00,0x00,0xAF,0xFF,
    0xFF,0xFD,0x40,0x00,0x00,0x06,0xEF,0xC1,0x00,0x00,0x2F,0xFF,0xFF,0xFD,0x10,0x00,
    0x00,0x00,0x03,0xA1,0x00,0x00,0x06,0xFF,0xFF,0xFF,0x40,0x00,0x00,0x00,0x00,0x00,
    0x00,0x00,0x00,0xAF,0xFF,0xFF,0xD0,0x00,0x00,0x00,0x00,0x00,0x00,0x00,0x00,0x0C,
    0xFF,0xFF,0xF9,0x00,0x00,0x00,0x00,0x00,0x00,0x00,0x00,0x00,0xDF,0xFF,0xFF,0x80,
    0x00,0x00,0x00,0x00,0x8A,0xAA,0xA9,0x00,0x0D,0xFF,0xFF,0xF8,0x00,0x00,0x00,0x00,
    0x0C,0xFF,0xFF,0xD0,0x00,0xBF,0xFF,0xFF,0xA0,0x00,0x00,0x00,0x00,0xCF,0xFF,0xFD,
    0x00,0x09,0xFF,0xFF,0xFE,0x10,0x00,0x00,0x00,0x0C,0xFF,0xFF,0xD0,0x00,0x4F,0xFF,
    0xFF,0xF8,0x00,0x00,0x00,0x00,0xCF,0xFF,0xFD,0x00,0x00,0xEF,0xFF,0xFF,0xF6,0x00,
    0x00,0x00,0x0C,0xFF,0xFF,0xD0,0x00,0x06,0xFF,0xFF,0xFF,0xFA,0x30,0x00,0x04,0xFF,
    0xFF,0xFD,0x00,0x00,0x0C,0xFF,0xFF,0xFF,0xFF,0xEC,0xDE,0xFF,0xFF,0xFF,0xD0,0x00,
    0x00,0x2D,0xFF,0xFF,0xFF,0xFF,0xFF,0xFF,0xFF,0xFF,0xFE,0x00,0x00,0x00,0x2D,0xFF,
    0xFF,0xFF,0xFF,0xFF,0xFF,0xFF,0xFF,0xF0,0x00,0x00,0x00,0x19,0xFF,0xFF,0xFF,0xFF,
    0xFF,0xFF,0xFE,0x60,0x00,0x00,0x00,0x00,0x02,0x9D,0xFF,0xFF,0xFF,0xFE,0xA5,0x00,
    0x00,0x00,0x00,0x00,0x00,0x00,0x02,0x45,0x65,0x42,0x00,0x00,0x00,0x00,0x00,0x56,
    0x66,0x66,0x40,0x00,0x00,0x00,0x05,0x66,0x66,0x63,0x00,0x00,0xBF,0xFF,0xFF,0x90,
    0x00,0x00,0x00,0x0C,0xFF,0xFF,0xF8,0x00,0x00,0xBF,0xFF,0xFF,0x90,0x00,0x00,0x00,
    0x0C,0xFF,0xFF,0xF8,0x00,0x00,0xBF,0xFF,0xFF,0x90,0x00,0x00,0x00,0x0C,0xFF,0xFF,
    0xF8,0x00,0x00,0xBF,0xFF,0xFF,0x90,0x00,0x00,0x00,0x0C,0xFF,0xFF,0xF8,0x00,0x00,
    0xBF,0xFF,0xFF,0x90,0x00,0x00,0x00,0x0C,0xFF,0xFF,0xF8,0x00,0x00,0xBF,0xFF,0xFF,
    0x90,0x00,0x00,0x00,0x0C,0xFF,0xFF,0xF8,0x00,0x00,0xBF,0xFF,0xFF,0x90,0x00,0x00,
    0x00,0x0C,0xFF,0xFF,0xF8,0x00,0x00,0xBF,0xFF,0xFF,0x90,0x00,0x00,0x00,0x0C,0xFF,
    0xFF,0xF8,0x00,0x00,0xBF,0xFF,0xFF,0xFF,0xFF,0xFF,0xFF,0xFF,0xFF,0xFF,0xF8,0x00,
    0x00,0xBF,0xFF,0xFF,0xFF,0xFF,0xFF,0xFF,0xFF,0xFF,0xFF,0xF8,0x00,0x00,0xBF,0xFF,
    0xFF,0xFF,0xFF,0xFF,0xFF,0xFF,0xFF,0xFF,0xF8,0x00,0x00,0xBF,0xFF,0xFF,0xFF,0xFF,
    0xFF,0xFF,0xFF,0xFF,0xFF,0xF8,0x00,0x00,0xBF,0xFF,0xFF,0xFF,0xFF,0xFF,0xFF,0xFF,
    0xFF,0xFF,0xF8,0x00,0x00,0xBF,0xFF,0xFF,0xC4,0x44,0x44,0x44,0x4F,0xFF,0xFF,0xF8,
    0x00,0x00,0xBF,0xFF,0xFF,0x90,0x00,0x00,0x00,0x0C,0xFF,0xFF,0xF8,0x00,0x00,0xBF,
    0xFF,0xFF,0x90,0x00,0x00,0x00,0x0C,0xFF,0xFF,0xF8,0x00,0x00,0xBF,0xFF,0xFF,0x90,
    0x00,0x00,0x00,0x0C,0xFF,0xFF,0xF8,0x00,0x00,0xBF,0xFF,0xFF,0x90,0x00,0x00,0x00,
    0x0C,0xFF,0xFF,0xF8,0x00,0x00,0xBF,0xFF,0xFF,0x90,0x00,0x00,0x00,0x0C,0xFF,0xFF,
    0xF8,0x00,0x00,0xBF,0xFF,0xFF,0x90,0x00,0x00,0x00,0x0C,0xFF,0xFF,0xF8,0x00,0x00,
    0xBF,0xFF,0xFF,0x90,0x00,0x00,0x00,0x0C,0xFF,0xFF,0xF8,0x00,0x00,0xBF,0xFF,0xFF,
    0x90,0x00,0x00,0x00,0x0C,0xFF,0xFF,0xF8,0x00,0x00,0x56,0x66,0x66,0x40,0x00,0x0B,
    0xFF,0xFF,0xF9,0x00,0x00,0xBF,0xFF,0xFF,0x90,0x00,0x0B,0xFF,0xFF,0xF9,0x00,0x00,
    0xBF,0xFF,0xFF,0x90,0x00,0x0B,0xFF,0xFF,0xF9,0x00,0x00,0xBF,0xFF,0xFF,0x90,0x00,
    0x0B,0xFF,0xFF,0xF9,0x00,0x00,0xBF,0xFF,0xFF,0x90,0x00,0x0B,0xFF,0xFF,0xF9,0x00,
    0x00,0xBF,0xFF,0xFF,0x90,0x00,0x0B,0xFF,0xFF,0xF9,0x00,0x00,0xBF,0xFF,0xFF,0x90,
    0x00,0x0B,0xFF,0xFF,0xF9,0x00,0x00,0xBF,0xFF,0xFF,0x90,0x00,0x0B,0xFF,0xFF,0xF9,
    0x00,0x00,0xBF,0xFF,0xFF,0x90,0x00,0x0B,0xFF,0xFF,0xF9,0x00,0x00,0xBF,0xFF,0xFF,
    0x90,0x00,0x0B,0xFF,0xFF,0xF9,0x00,0x00,0xBF,0xFF,0xFF,0x90,0x00,0x0B,0xFF,0xFF,
    0xF9,0x00,0x00,0xBF,0xFF,0xFF,0x90,0x00,0x00,0x26,0x66,0x66,0x66,0x66,0x66,0x66,
    0x50,0x00,0x04,0xFF,0xFF,0xFF,0xFF,0xFF,0xFF,0xFC,0x00,0x00,0x4F,0xFF,0xFF,0xFF,
    0xFF,0xFF,0xFF,0xC0,0x00,0x04,0xFF,0xFF,0xFF,0xFF,0xFF,0xFF,0xFC,0x00,0x00,0x4F,
    0xFF,0xFF,0xFF,0xFF,0xFF,0xFF,0xC0,0x00,0x02,0x88,0x88,0x88,0x8B,0xFF,0xFF,0xFC,
    0x00,0x00,0x00,0x00,0x00,0x00,0x8F,0xFF,0xFF,0xC0,0x00,0x00,0x00,0x00,0x00,0x08,
    0xFF,0xFF,0xFC,0x00,0x00,0x00,0x00,0x00,0x00,0x8F,0xFF,0xFF,0xC0,0x00,0x00,0x00,
    0x00,0x00,0x08,0xFF,0xFF,0xFC,0x00,0x00,0x00,0x00,0x00,0x00,0x8F,0xFF,0xFF,0xC0,
    0x00,0x00,0x00,0x00,0x00,0x08,0xFF,0xFF,0xFC,0x00,0x00,0x00,0x00,0x00,0x00,0x8F,
    0xFF,0xFF,0xC0,0x00,0x00,0x00,0x00,0x00,0x08,0xFF,0xFF,0xFC,0x00,0x00,0x00,0x00,
    0x00,0x00,0x8F,0xFF,0xFF,0xB0,0x00,0x00,0x00,0x00,0x00,0x08,0xFF,0xFF,0xFB,0x00,
    0x00,0x08,0x40,0x00,0x00,0xBF,0xFF,0xFF,0xA0,0x00,0x06,0xFE,0x50,0x00,0x4F,0xFF,
    0xFF,0xF7,0x00,0x04,0xFF,0xFF,0xDA,0xBF,0xFF,0xFF,0xFF,0x30,0x02,0xEF,0xFF,0xFF,
    0xFF,0xFF,0xFF,0xFF,0xC0,0x00,0x4F,0xFF,0xFF,0xFF,0xFF,0xFF,0xFF,0xF3,0x00,0x00,
    0x4D,0xFF,0xFF,0xFF,0xFF,0xFF,0xE5,0x00,0x00,0x00,0x17,0xDF,0xFF,0xFF,0xFE,0x92,
    0x00,0x00,0x00,0x00,0x00,0x24,0x66,0x53,0x00,0x00,0x00,0x00,0x00,0x56,0x66,0x66,
    0x30,0x00,0x00,0x00,0x06,0x66,0x66,0x66,0x00,0x0B,0xFF,0xFF,0xF8,0x00,0x00,0x00,
    0x0A,0xFF,0xFF,0xFF,0x50,0x00,0xBF,0xFF,0xFF,0x80,0x00,0x00,0x09,0xFF,0xFF,0xFF,
    0x60,0x00,0x0B,0xFF,0xFF,0xF8,0x00,0x00,0x08,0xFF,0xFF,0xFF,0x70,0x00,0x00,0xBF,
    0xFF,0xFF,0x80,0x00,0x07,0xFF,0xFF,0xFF,0x80,0x00,0x00,0x0B,0xFF,0xFF,0xF8,0x00,
    0x06,0xFF,0xFF,0xFF,0xA0,0x00,0x00,0x00,0xBF,0xFF,0xFF,0x80,0x05,0xFF,0xFF,0xFF,
    0xB0,0x00,0x00,0x00,0x0B,0xFF,0xFF,0xF8,0x04,0xFF,0xFF,0xFF,0xC1,0x00,0x00,0x00,
    0x00,0xBF,0xFF,0xFF,0x83,0xEF,0xFF,0xFF,0xC1,0x00,0x00,0x00,0x00,0x0B,0xFF,0xFF,
    0xFA,0xEF,0xFF,0xFF,0xD1,0x00,0x00,0x00,0x00,0x00,0xBF,0xFF,0xFF,0xFF,0xFF,0xFF,
    0xF4,0x00,0x00,0x00,0x00,0x00,0x0B,0xFF,0xFF,0xFF,0xFF,0xFF,0xFF,0xB0,0x00,0x00,
    0x00,0x00,0x00,0xBF,0xFF,0xFF,0xFF,0xFF,0xFF,0xFF,0x80,0x00,0x00,0x00,0x00,0x0B,
    0xFF,0xFF,0xFF,0xFF,0xFF,0xFF,0xFF,0x50,0x00,0x00,0x00,0x00,0xBF,0xFF,0xFF,0xFF,
    0xFF,0xFF,0xFF,0xFE,0x20,0x00,0x00,0x00,0x0B,0xFF,0xFF,0xFF,0xF4,0xAF,0xFF,0xFF,
    0xFC,0x10,0x00,0x00,0x00,0xBF,0xFF,0xFF,0xF5,0x01,0xCF,0xFF,0xFF,0xF9,0x00,0x00,
    0x00,0x0B,0xFF,0xFF,0xFE,0x00,0x02,0xEF,0xFF,0xFF,0xF6,0x00,0x00,0x00,0xBF,0xFF,
    0xFF,0x80,0x00,0x04,0xFF,0xFF,0xFF,0xF3,0x00,0x00,0x0B,0xFF,0xFF,0xF8,0x00,0x00,
    0x07,0xFF,0xFF,0xFF,0xD1,0x00,0x00,0xBF,0xFF,0xFF,0x80,0x00,0x00,0x0A,0xFF,0xFF,
    0xFF,0xB0,0x00,0x0B,0xFF,0xFF,0xF8,0x00,0x00,0x00,0x1D,0xFF,0xFF,0xFF,0x70,0x00,
    0xBF,0xFF,0xFF,0x80,0x00,0x00,0x00,0x2E,0xFF,0xFF,0xFF,0x40,0x00,0x56,0x66,0x66,
    0x40,0x00,0x00,0x00,0x00,0x00,0x00,0xBF,0xFF,0xFF,0x90,0x00,0x00,0x00,0x00,0x00,
    0x00,0xBF,0xFF,0xFF,0x90,0x00,0x00,0x00,0x00,0x00,0x00,0xBF,0xFF,0xFF,0x90,0x00,
    0x00,0x00,0x00,0x00,0x00,0xBF,0xFF,0xFF,0x90,0x00,0x00,0x00,0x00,0x00,0x00,0xBF,
    0xFF,0xFF,0x90,0x00,0x00,0x00,0x00,0x00,0x00,0xBF,0xFF,0xFF,0x90,0x00,0x00,0x00,
    0x00,0x00,0x00,0xBF,0xFF,0xFF,0x90,0x00,0x00,0x00,0x00,0x00,0x00,0xBF,0xFF,0xFF,
    0x90,0x00,0x00,0x00,0x00,0x00,0x00,0xBF,0xFF,0xFF,0x90,0x00,0x00,0x00,0x00,0x00,
    0x00,0xBF,0xFF,0xFF,0x90,0x00,0x00,0x00,0x00,0x00,0x00,0xBF,0xFF,0xFF,0x90,0x00,
    0x00,0x00,0x00,0x00,0x00,0xBF,0xFF,0xFF,0x90,0x00,0x00,0x00,0x00,0x00,0x00,0xBF,
    0xFF,0xFF,0x90,0x00,0x00,0x00,0x00,0x00,0x00,0xBF,0xFF,0xFF,0x90,0x00,0x00,0x00,
    0x00,0x00,0x00,0xBF,0xFF,0xFF,0x90,0x00,0x00,0x00,0x00,0x00,0x00,0xBF,0xFF,0xFF,
    0x90,0x00,0x00,0x00,0x00,0x00,0x00,0xBF,0xFF,0xFF,0x90,0x00,0x00,0x00,0x00,0x00,
    0x00,0xBF,0xFF,0xFF,0xFF,0xFF,0xFF,0xFF,0xFF,0xF4,0x00,0xBF,0xFF,0xFF,0xFF,0xFF,
    0xFF,0xFF,0xFF,0xF4,0x00,0xBF,0xFF,0xFF,0xFF,0xFF,0xFF,0xFF,0xFF,0xF4,0x00,0xBF,
    0xFF,0xFF,0xFF,0xFF,0xFF,0xFF,0xFF,0xF4,0x00,0xBF,0xFF,0xFF,0xFF,0xFF,0xFF,0xFF,
    0xFF,0xF4,0x00,0x56,0x66,0x64,0x00,0x00,0x00,0x00,0x00,0x00,0x00,0x16,0x66,0x66,
    0x10,0x00,0x0B,0xFF,0xFF,0xE1,0x00,0x00,0x00,0x00,0x00,0x00,0x08,0xFF,0xFF,0xF4,
    0x00,0x00,0xBF,0xFF,0xFF,0x90,0x00,0x00,0x00,0x00,0x00,0x02,0xFF,0xFF,0xFF,0x40,
    0x00,0x0B,0xFF,0xFF,0xFF,0x30,0x00,0x00,0x00,0x00,0x00,0xBF,0xFF,0xFF,0xF4,0x00,
    0x00,0xBF,0xFF,0xFF,0xFC,0x00,0x00,0x00,0x00,0x00,0x5F,0xFF,0xFF,0xFF,0x40,0x00,
    0x0B,0xFF,0xFF,0xFF,0xF7,0x00,0x00,0x00,0x00,0x0D,0xFF,0xFF,0xFF,0xF4,0x00,0x00,
    0xBF,0xFF,0xFF,0xFF,0xE2,0x00,0x00,0x00,0x07,0xFF,0xFF,0xFF,0xFF,0x40,0x00,0x0B,
    0xFF,0xFF,0xFF,0xFF,0xA0,0x00,0x00,0x02,0xEF,0xFF,0xFF,0xFF,0xF4,0x00,0x00,0xBF,
    0xFF,0xFF,0xFF,0xFF,0x40,0x00,0x00,0xAF,0xFF,0xFF,0xFF,0xFF,0x40,0x00,0x0B,0xFF,
    0xFF,0xFF,0xFF,0xFD,0x00,0x00,0x4F,0xFF,0xFF,0xFF,0xFF,0xF4,0x00,0x00,0xBF,0xFF,
    0xFF,0xFF,0xFF,0xF7,0x00,0x0D,0xFF,0xFF,0xFF,0xFF,0xFF,0x40,0x00,0x0B,0xFF,0xFF,
    0xFE,0xFF,0xFF,0xE2,0x07,0xFF,0xFF,0xFC,0xFF,0xFF,0xF4,0x00,0x00,0xBF,0xFF,0xFF,
    0x5F,0xFF,0xFF,0xA1,0xEF,0xFF,0xF9,0x9F,0xFF,0xFF,0x40,0x00,0x0B,0xFF,0xFF,0xF1,
    0xAF,0xFF,0xFF,0xEF,0xFF,0xFE,0x19,0xFF,0xFF,0xF4,0x00,0x00,0xBF,0xFF,0xFF,0x11,
    0xEF,0xFF,0xFF,0xFF,0xFF,0x60,0x9F,0xFF,0xFF,0x40,0x00,0x0B,0xFF,0xFF,0xF1,0x06,
    0xFF,0xFF,0xFF,0xFF,0xC0,0x09,0xFF,0xFF,0xF4,0x00,0x00,0xBF,0xFF,0xFF,0x10,0x0C,
    0xFF,0xFF,0xFF,0xF3,0x00,0x9F,0xFF,0xFF,0x40,0x00,0x0B,0xFF,0xFF,0xF1,0x00,0x3F,
    0xFF,0xFF,0xF9,0x00,0x09,0xFF,0xFF,0xF4,0x00,0x00,0xBF,0xFF,0xFF,0x10,0x00,0x9F,
    0xFF,0xFE,0x10,0x00,0x9F,0xFF,0xFF,0x40,0x00,0x0B,0xFF,0xFF,0xF1,0x00,0x01,0xEF,
    0xFF,0x60,0x00,0x08,0xFF,0xFF,0xF4,0x00,0x00,0xBF,0xFF,0xFF,0x10,0x00,0x05,0xCC,
    0xA0,0x00,0x00,0x8F,0xFF,0xFF,0x40,0x00,0x0B,0xFF,0xFF,0xF1,0x00,0x00,0x00,0x00,
    0x00,0x00,0x08,0xFF,0xFF,0xF4,0x00,0x00,0xBF,0xFF,0xFF,0x10,0x00,0x00,0x00,0x00,
    0x00,0x00,0x8F,0xFF,0xFF,0x40,0x00,0x00,0x56,0x66,0x64,0x00,0x00,0x00,0x00,0x04,
    0x66,0x66,0x63,0x00,0x00,0xBF,0xFF,0xFF,0x40,0x00,0x00,0x00,0x0A,0xFF,0xFF,0xF8,
    0x00,0x00,0xBF,0xFF,0xFF,0xE2,0x00,0x00,0x00,0x0A,0xFF,0xFF,0xF8,0x00,0x00,0xBF,
    0xFF,0xFF,0xFC,0x10,0x00,0x00,0x0A,0xFF,0xFF,0xF8,0x00,0x00,0xBF,0xFF,0xFF,0xFF,
    0xA0,0x00,0x00,0x0A,0xFF,0xFF,0xF8,0x00,0x00,0xBF,0xFF,0xFF,0xFF,0xF8,0x00,0x00,
    0x0A,0xFF,0xFF,0xF8,0x00,0x00,0xBF,0xFF,0xFF,0xFF,0xFF,0x50,0x00,0x0A,0xFF,0xFF,
    0xF8,0x00,0x00,0xBF,0xFF,0xFF,0xFF,0xFF,0xF3,0x00,0x0A,0xFF,0xFF,0xF8,0x00,0x00,
    0xBF,0xFF,0xFF,0xFF,0xFF,0xFD,0x20,0x0A,0xFF,0xFF,0xF8,0x00,0x00,0xBF,0xFF,0xFF,
    0xFF,0xFF,0xFF,0xC0,0x0A,0xFF,0xFF,0xF8,0x00,0x00,0xBF,0xFF,0xFF,0xFF,0xFF,0xFF,
    0xFA,0x0A,0xFF,0xFF,0xF8,0x00,0x00,0xBF,0xFF,0xFF,0xAF,0xFF,0xFF,0xFF,0x7A,0xFF,
    0xFF,0xF8,0x00,0x00,0xBF,0xFF,0xFF,0x75,0xFF,0xFF,0xFF,0xFF,0xFF,0xFF,0xF8,0x00,
    0x00,0xBF,0xFF,0xFF,0x70,0x8F,0xFF,0xFF,0xFF,0xFF,0xFF,0xF8,0x00,0x00,0xBF,0xFF,
    0xFF,0x70,0x0A,0xFF,0xFF,0xFF,0xFF,0xFF,0xF8,0x00,0x00,0xBF,0xFF,0xFF,0x70,0x01,
    0xCF,0xFF,0xFF,0xFF,0xFF,0xF8,0x00,0x00,0xBF,0xFF,0xFF,0x70,0x00,0x2E,0xFF,0xFF,
    0xFF,0xFF,0xF8,0x00,0x00,0xBF,0xFF,0xFF,0x70,0x00,0x04,0xFF,0xFF,0xFF,0xFF,0xF8,
    0x00,0x00,0xBF,0xFF,0xFF,0x70,0x00,0x00,0x6F,0xFF,0xFF,0xFF,0xF8,0x00,0x00,0xBF,
    0xFF,0xFF,0x70,0x00,0x00,0x09,0xFF,0xFF,0xFF,0xF8,0x00,0x00,0xBF,0xFF,0xFF,0x70,
    0x00,0x00,0x00,0xBF,0xFF,0xFF,0xF8,0x00,0x00,0xBF,0xFF,0xFF,0x70,0x00,0x00,0x00,
    0x1D,0xFF,0xFF,0xF8,0x00,0x00,0xBF,0xFF,0xFF,0x70,0x00,0x00,0x00,0x02,0xEF,0xFF,
    0xF8,0x00,0x00,0x00,0x00,0x00,0x03,0x8A,0xBC,0xBA,0x84,0x00,0x00,0x00,0x00,0x00,
    0x00,0x00,0x01,0x7E,0xFF,0xFF,0xFF,0xFF,0xFE,0x71,0x00,0x00,0x00,0x00,0x00,0x03,
    0xDF,0xFF,0xFF,0xFF,0xFF,0xFF,0xFF,0xE4,0x00,0x00,0x00,0x00,0x06,0xFF,0xFF,0xFF,
    0xFF,0xFF,0xFF,0xFF,0xFF,0xF7,0x00,0x00,0x00,0x04,0xFF,0xFF,0xFF,0xFF,0xFF,0xFF,
    0xFF,0xFF,0xFF,0xF5,0x00,0x00,0x01,0xEF,0xFF,0xFF,0xFF,0xB7,0x67,0xBF,0xFF,0xFF,
    0xFF,0xF2,0x00,0x00,0x9F,0xFF,0xFF,0xFD,0x30,0x00,0x00,0x2C,0xFF,0xFF,0xFF,0xA0,
    0x00,0x1F,0xFF,0xFF,0xFD,0x10,0x00,0x00,0x00,0x1D,0xFF,0xFF,0xFF,0x20,0x06,0xFF,
    0xFF,0xFF,0x40,0x00,0x00,0x00,0x00,0x3F,0xFF,0xFF,0xF7,0x00,0xAF,0xFF,0xFF,0xD0,
    0x00,0x00,0x00,0x00,0x00,0xCF,0xFF,0xFF,0xB0,0x0C,0xFF,0xFF,0xF9,0x00,0x00,0x00,
    0x00,0x00,0x08,0xFF,0xFF,0xFD,0x00,0xDF,0xFF,0xFF,0x80,0x00,0x00,0x00,0x00,0x00,
    0x7F,0xFF,0xFF,0xE0,0x0D,0xFF,0xFF,0xF8,0x00,0x00,0x00,0x00,0x00,0x07,0xFF,0xFF,
    0xFE,0x00,0xBF,0xFF,0xFF,0xA0,0x00,0x00,0x00,0x00,0x00,0x9F,0xFF,0xFF,0xC0,0x09,
    0xFF,0xFF,0xFE,0x10,0x00,0x00,0x00,0x00,0x0E,0xFF,0xFF,0xFA,0x00,0x4F,0xFF,0xFF,
    0xF8,0x00,0x00,0x00,0x00,0x07,0xFF,0xFF,0xFF,0x50,0x00,0xEF,0xFF,0xFF,0xF5,0x00,
    0x00,0x00,0x04,0xFF,0xFF,0xFF,0xE1,0x00,0x06,0xFF,0xFF,0xFF,0xF9,0x20,0x00,0x28,
    0xFF,0xFF,0xFF,0xF7,0x00,0x00,0x0B,0xFF,0xFF,0xFF,0xFF,0xDC,0xDF,0xFF,0xFF,0xFF,
    0xFC,0x00,0x00,0x00,0x1D,0xFF,0xFF,0xFF,0xFF,0xFF,0xFF,0xFF,0xFF,0xFD,0x20,0x00,
    0x00,0x00,0x2C,0xFF,0xFF,0xFF,0xFF,0xFF,0xFF,0xFF,0xFC,0x20,0x00,0x00,0x00,0x00,
    0x08,0xEF,0xFF,0xFF,0xFF,0xFF,0xFF,0xF9,0x10,0x00,0x00,0x00,0x00,0x00,0x01,0x8C,
    0xFF,0xFF,0xFF,0xFD,0x82,0x00,0x00,0x00,0x00,0x00,0x00,0x00,0x00,0x01,0x45,0x65,
    0x42,0x00,0x00,0x00,0x00,0x00,0x00,0x56,0x66,0x66,0x66,0x66,0x65,0x31,0x00,0x00,
    0x00,0x00,0x00,0xBF,0xFF,0xFF,0xFF,0xFF,0xFF,0xFF,0xC7,0x10,0x00,0x00,0x00,0xBF,
    0xFF,0xFF,0xFF,0xFF,0xFF,0xFF,0xFF,0xE5,0x00,0x00,0x00,0xBF,0xFF,0xFF,0xFF,0xFF,
    0xFF,0xFF,0xFF,0xFF,0x70,0x00,0x00,0xBF,0xFF,0xFF,0xFF,0xFF,0xFF,0xFF,0xFF,0xFF,
    0xF3,0x00,0x00,0xBF,0xFF,0xFF,0xF9,0x99,0xAC,0xFF,0xFF,0xFF,0xFB,0x00,0x00,0xBF,
    0xFF,0xFF,0x90,0x00,0x00,0x3D,0xFF,0xFF,0xFF,0x20,0x00,0xBF,0xFF,0xFF,0x90,0x00,
    0x00,0x04,0xFF,0xFF,0xFF,0x50,0x00,0xBF,0xFF,0xFF,0x90,0x00,0x00,0x00,0xFF,0xFF,
    0xFF,0x60,0x00,0xBF,0xFF,0xFF,0x90,0x00,0x00,0x01,0xFF,0xFF,0xFF,0x60,0x00,0xBF,
    0xFF,0xFF,0x90,0x00,0x00,0x06,0xFF,0xFF,0xFF,0x40,0x00,0xBF,0xFF,0xFF,0x90,0x00,
    0x01,0x6E,0xFF,0xFF,0xFF,0x10,0x00,0xBF,0xFF,0xFF,0xFD,0xDD,0xEF,0xFF,0xFF,0xFF,
    0xFA,0x00,0x00,0xBF,0xFF,0xFF,0xFF,0xFF,0xFF,0xFF,0xFF,0xFF,0xE2,0x00,0x00,0xBF,
    0xFF,0xFF,0xFF,0xFF,0xFF,0xFF,0xFF,0xFE,0x40,0x00,0x00,0xBF,0xFF,0xFF,0xFF,0xFF,
    0xFF,0xFF,0xFF,0xB2,0x00,0x00,0x00,0xBF,0xFF,0xFF,0xFF,0xFF,0xFF,0xEC,0x83,0x00,
    0x00,0x00,0x00,0xBF,0xFF,0xFF,0xB2,0x22,0x21,0x00,0x00,0x00,0x00,0x00,0x00,0xBF,
    0xFF,0xFF,0x90,0x00,0x00,0x00,0x00,0x00,0x00,0x00,0x00,0xBF,0xFF,0xFF,0x90,0x00,
    0x00,0x00,0x00,0x00,0x00,0x00,0x00,0xBF,0xFF,0xFF,0x90,0x00,0x00,0x00,0x00,0x00,
    0x00,0x00,0x00,0xBF,0xFF,0xFF,0x90,0x00,0x00,0x00,0x00,0x00,0x00,0x00,0x00,0xBF,
    0xFF,0xFF,0x90,0x00,0x00,0x00,0x00,0x00,0x00,0x00,0x00,0x00,0x00,0x00,0x03,0x8A,
    0xBC,0xBA,0x84,0x00,0x00,0x00,0x00,0x00,0x00,0x00,0x00,0x17,0xEF,0xFF,0xFF,0xFF,
    0xFF,0xE7,0x10,0x00,0x00,0x00,0x00,0x00,0x04,0xDF,0xFF,0xFF,0xFF,0xFF,0xFF,0xFF,
    0xE4,0x00,0x00,0x00,0x00,0x00,0x6F,0xFF,0xFF,0xFF,0xFF,0xFF,0xFF,0xFF,0xFF,0x70,
    0x00,0x00,0x00,0x04,0xFF,0xFF,0xFF,0xFF,0xFF,0xFF,0xFF,0xFF,0xFF,0xF5,0x00,0x00,
    0x00,0x1E,0xFF,0xFF,0xFF,0xFB,0x76,0x7B,0xFF,0xFF,0xFF,0xFF,0x20,0x00,0x00,0x9F,
    0xFF,0xFF,0xFD,0x30,0x00,0x00,0x2C,0xFF,0xFF,0xFF,0xA0,0x00,0x01,0xFF,0xFF,0xFF,
    0xD1,0x00,0x00,0x00,0x01,0xDF,0xFF,0xFF,0xF2,0x00,0x06,0xFF,0xFF,0xFF,0x40,0x00,
    0x00,0x00,0x00,0x3F,0xFF,0xFF,0xF7,0x00,0x0A,0xFF,0xFF,0xFD,0x00,0x00,0x00,0x00,
    0x00,0x0C,0xFF,0xFF,0xFB,0x00,0x0C,0xFF,0xFF,0xF9,0x00,0x00,0x00,0x00,0x00,0x08,
    0xFF,0xFF,0xFD,0x00,0x0D,0xFF,0xFF,0xF8,0x00,0x00,0x00,0x00,0x00,0x07,0xFF,0xFF,
    0xFE,0x00,0x0D,0xFF,0xFF,0xF8,0x00,0x00,0x00,0x00,0x00,0x07,0xFF,0xFF,0xFE,0x00,
    0x0B,0xFF,0xFF,0xFA,0x00,0x00,0x00,0x00,0x00,0x09,0xFF,0xFF,0xFC,0x00,0x09,0xFF,
    0xFF,0xFE,0x10,0x00,0x00,0x00,0x00,0x0E,0xFF,0xFF,0xFA,0x00,0x04,0xFF,0xFF,0xFF,
    0x80,0x00,0x00,0x00,0x00,0x7F,0xFF,0xFF,0xF5,0x00,0x00,0xEF,0xFF,0xFF,0xF5,0x00,
    0x00,0x00,0x04,0xFF,0xFF,0xFF,0xE1,0x00,0x00,0x6F,0xFF,0xFF,0xFF,0x92,0x00,0x02,
    0x8F,0xFF,0xFF,0xFF,0x70,0x00,0x00,0x0B,0xFF,0xFF,0xFF,0xFF,0xDC,0xDF,0xFF,0xFF,
    0xFF,0xFC,0x00,0x00,0x00,0x01,0xDF,0xFF,0xFF,0xFF,0xFF,0xFF,0xFF,0xFF,0xFF,0xD2,
    0x00,0x00,0x00,0x00,0x2C,0xFF,0xFF,0xFF,0xFF,0xFF,0xFF,0xFF,0xFC,0x20,0x00,0x00,
    0x00,0x00,0x00,0x8E,0xFF,0xFF,0xFF,0xFF,0xFF,0xFF,0x91,0x00,0x00,0x00,0x00,0x00,
    0x00,0x01,0x8C,0xFF,0xFF,0xFF,0xFF,0xD2,0x00,0x01,0x60,0x00,0x00,0x00,0x00,0x00,
    0x00,0x2E,0xFF,0xFF,0xFF,0xF8,0x33,0x6D,0xF6,0x00,0x00,0x00,0x00,0x00,0x00,0x00,
    0x9F,0xFF,0xFF,0xFF,0xFF,0xFF,0xFF,0x40,0x00,0x00,0x00,0x00,0x00,0x00,0x08,0xFF,
    0xFF,0xFF,0xFF,0xFF,0xFF,0xD0,0x00,0x00,0x00,0x00,0x00,0x00,0x00,0x5E,0xFF,0xFF,
    0xFF,0xFF,0xFE,0x40,0x00,0x00,0x00,0x00,0x00,0x00,0x00,0x01,0x8D,0xFF,0xFF,0xFE,
    0x91,0x00,0x00,0x00,0x00,0x00,0x00,0x00,0x00,0x00,0x00,0x25,0x65,0x30,0x00,0x00,
    0x00,0x56,0x66,0x66,0x66,0x66,0x65,0x41,0x00,0x00,0x00,0x00,0x00,0xBF,0xFF,0xFF,
    0xFF,0xFF,0xFF,0xFF,0xD7,0x10,0x00,0x00,0x00,0xBF,0xFF,0xFF,0xFF,0xFF,0xFF,0xFF,
    0xFF,0xE6,0x00,0x00,0x00,0xBF,0xFF,0xFF,0xFF,0xFF,0xFF,0xFF,0xFF,0xFF,0x70,0x00,
    0x00,0xBF,0xFF,0xFF,0xFF,0xFF,0xFF,0xFF,0xFF,0xFF,0xF3,0x00,0x00,0xBF,0xFF,0xFF,
    0xF9,0x99,0xAC,0xFF,0xFF,0xFF,0xFC,0x00,0x00,0xBF,0xFF,0xFF,0x90,0x00,0x00,0x3D,
    0xFF,0xFF,0xFF,0x20,0x00,0xBF,0xFF,0xFF,0x90,0x00,0x00,0x04,0xFF,0xFF,0xFF,0x50,
    0x00,0xBF,0xFF,0xFF,0x90,0x00,0x00,0x00,0xFF,0xFF,0xFF,0x60,0x00,0xBF,0xFF,0xFF,
    0x90,0x00,0x00,0x01,0xFF,0xFF,0xFF,0x60,0x00,0xBF,0xFF,0xFF,0x90,0x00,0x00,0x06,
    0xFF,0xFF,0xFF,0x40,0x00,0xBF,0xFF,0xFF,0x90,0x00,0x00,0x6E,0xFF,0xFF,0xFF,0x10,
    0x00,0xBF,0xFF,0xFF,0xFD,0xDD,0xDF,0xFF,0xFF,0xFF,0xF9,0x00,0x00,0xBF,0xFF,0xFF,
    0xFF,0xFF,0xFF,0xFF,0xFF,0xFF,0xE2,0x00,0x00,0xBF,0xFF,0xFF,0xFF,0xFF,0xFF,0xFF,
    0xFF,0xFE,0x30,0x00,0x00,0xBF,0xFF,0xFF,0xFF,0xFF,0xFF,0xFF,0xFF,0xB2,0x00,0x00,
    0x00,0xBF,0xFF,0xFF,0xFF,0xFF,0xFF,0xFF,0xFF,0x60,0x00,0x00,0x00,0xBF,0xFF,0xFF,
    0xA1,0x11,0xAF,0xFF,0xFF,0xE2,0x00,0x00,0x00,0xBF,0xFF,0xFF,0x90,0x00,0x1E,0xFF,
    0xFF,0xFC,0x00,0x00,0x00,0xBF,0xFF,0xFF,0x90,0x00,0x04,0xFF,0xFF,0xFF,0x70,0x00,
    0x00,0xBF,0xFF,0xFF,0x90,0x00,0x00,0x9F,0xFF,0xFF,0xF3,0x00,0x00,0xBF,0xFF,0xFF,
    0x90,0x00,0x00,0x1D,0xFF,0xFF,0xFC,0x00,0x00,0xBF,0xFF,0xFF,0x90,0x00,0x00,0x04,
    0xFF,0xFF,0xFF,0x80,0x00,0x00,0x00,0x37,0xAC,0xCC,0xBA,0x74,0x00,0x00,0x00,0x00,
    0x05,0xDF,0xFF,0xFF,0xFF,0xFF,0xFE,0xA2,0x00,0x00,0x0A,0xFF,0xFF,0xFF,0xFF,0xFF,
    0xFF,0xFF,0xE0,0x00,0x09,0xFF,0xFF,0xFF,0xFF,0xFF,0xFF,0xFF,0xF8,0x00,0x04,0xFF,
    0xFF,0xFF,0xFF,0xFF,0xFF,0xFF,0xFF,0x20,0x00,0xAF,0xFF,0xFF,0xF8,0x32,0x23,0x6A,
    0xFF,0xA0,0x00,0x0D,0xFF,0xFF,0xF7,0x00,0x00,0x00,0x01,0x74,0x00,0x00,0xEF,0xFF,
    0xFF,0x70,0x00,0x00,0x00,0x00,0x00,0x00,0x0C,0xFF,0xFF,0xFF,0x82,0x00,0x00,0x00,
    0x00,0x00,0x00,0x9F,0xFF,0xFF,0xFF,0xFD,0xA7,0x30,0x00,0x00,0x00,0x02,0xFF,0xFF,
    0xFF,0xFF,0xFF,0xFF,0xE9,0x30,0x00,0x00,0x05,0xFF,0xFF,0xFF,0xFF,0xFF,0xFF,0xFF,
    0x90,0x00,0x00,0x03,0xCF,0xFF,0xFF,0xFF,0xFF,0xFF,0xFF,0xB0,0x00,0x00,0x00,0x38,
    0xCF,0xFF,0xFF,0xFF,0xFF,0xFF,0x60,0x00,0x00,0x00,0x00,0x15,0x9C,0xFF,0xFF,0xFF,
    0xFC,0x00,0x00,0x00,0x00,0x00,0x00,0x03,0xCF,0xFF,0xFF,0xF0,0x00,0x44,0x00,0x00,
    0x00,0x00,0x04,0xFF,0xFF,0xFF,0x00,0x0C,0xFC,0x61,0x00,0x00,0x00,0x8F,0xFF,0xFF,
    0xE0,0x03,0xFF,0xFF,0xFC,0x98,0x89,0xCF,0xFF,0xFF,0xF9,0x00,0xAF,0xFF,0xFF,0xFF,
    0xFF,0xFF,0xFF,0xFF,0xFF,0x20,0x2F,0xFF,0xFF,0xFF,0xFF,0xFF,0xFF,0xFF,0xFF,0x60,
    0x00,0x7E,0xFF,0xFF,0xFF,0xFF,0xFF,0xFF,0xFE,0x50,0x00,0x00,0x05,0xAE,0xFF,0xFF,
    0xFF,0xFF,0xD7,0x10,0x00,0x00,0x00,0x00,0x01,0x45,0x66,0x64,0x20,0x00,0x00,0x00,
    0x56,0x66,0x66,0x66,0x66,0x66,0x66,0x66,0x66,0x66,0x1D,0xFF,0xFF,0xFF,0xFF,0xFF,
    0xFF,0xFF,0xFF,0xFF,0xF3,0xDF,0xFF,0xFF,0xFF,0xFF,0xFF,0xFF,0xFF,0xFF,0xFF,0x3D,
    0xFF,0xFF,0xFF,0xFF,0xFF,0xFF,0xFF,0xFF,0xFF,0xF3,0xDF,0xFF,0xFF,0xFF,0xFF,0xFF,
    0xFF,0xFF,0xFF,0xFF,0x38,0x99,0x99,0x99,0xFF,0xFF,0xFF,0xB9,0x99,0x99,0x92,0x00,
    0x00,0x00,0x0F,0xFF,0xFF,0xF5,0x00,0x00,0x00,0x00,0x00,0x00,0x00,0xFF,0xFF,0xFF,
    0x50,0x00,0x00,0x00,0x00,0x00,0x00,0x0F,0xFF,0xFF,0xF5,0x00,0x00,0x00,0x00,0x00,
    0x00,0x00,0xFF,0xFF,0xFF,0x50,0x00,0x00,0x00,0x00,0x00,0x00,0x0F,0xFF,0xFF,0xF5,
    0x00,0x00,0x00,0x00,0x00,0x00,0x00,0xFF,0xFF,0xFF,0x50,0x00,0x00,0x00,0x00,0x00,
    0x00,0x0F,0xFF,0xFF,0xF5,0x00,0x00,0x00,0x00,0x00,0x00,0x00,0xFF,0xFF,0xFF,0x50,
    0x00,0x00,0x00,0x00,0x00,0x00,0x0F,0xFF,0xFF,0xF5,0x00,0x00,0x00,0x00,0x00,0x00,
    0x00,0xFF,0xFF,0xFF,0x50,0x00,0x00,0x00,0x00,0x00,0x00,0x0F,0xFF,0xFF,0xF5,0x00,
    0x00,0x00,0x00,0x00,0x00,0x00,0xFF,0xFF,0xFF,0x50,0x00,0x00,0x00,0x00,0x00,0x00,
    0x0F,0xFF,0xFF,0xF5,0x00,0x00,0x00,0x00,0x00,0x00,0x00,0xFF,0xFF,0xFF,0x50,0x00,
    0x00,0x00,0x00,0x00,0x00,0x0F,0xFF,0xFF,0xF5,0x00,0x00,0x00,0x00,0x00,0x00,0x00,
    0xFF,0xFF,0xFF,0x50,0x00,0x00,0x00,0x00,0x00,0x00,0x0F,0xFF,0xFF,0xF5,0x00,0x00,
    0x00,0x00,0x00,0x66,0x66,0x66,0x20,0x00,0x00,0x00,0x16,0x66,0x66,0x61,0x00,0x0E,
    0xFF,0xFF,0xF6,0x00,0x00,0x00,0x02,0xFF,0xFF,0xFF,0x10,0x00,0xEF,0xFF,0xFF,0x60,
    0x00,0x00,0x00,0x2F,0xFF,0xFF,0xF1,0x00,0x0E,0xFF,0xFF,0xF6,0x00,0x00,0x00,0x02,
    0xFF,0xFF,0xFF,0x10,0x00,0xEF,0xFF,0xFF,0x60,0x00,0x00,0x00,0x2F,0xFF,0xFF,0xF1,
    0x00,0x0E,0xFF,0xFF,0xF6,0x00,0x00,0x00,0x02,0xFF,0xFF,0xFF,0x10,0x00,0xEF,0xFF,
    0xFF,0x60,0x00,0x00,0x00,0x2F,0xFF,0xFF,0xF1,0x00,0x0E,0xFF,0xFF,0xF6,0x00,0x00,
    0x00,0x02,0xFF,0xFF,0xFF,0x10,0x00,0xEF,0xFF,0xFF,0x60,0x00,0x00,0x00,0x2F,0xFF,
    0xFF,0xF1,0x00,0x0E,0xFF,0xFF,0xF6,0x00,0x00,0x00,0x02,0xFF,0xFF,0xFF,0x10,0x00,
    0xEF,0xFF,0xFF,0x60,0x00,0x00,0x00,0x2F,0xFF,0xFF,0xF1,0x00,0x0E,0xFF,0xFF,0xF6,
    0x00,0x00,0x00,0x02,0xFF,0xFF,0xFF,0x10,0x00,0xEF,0xFF,0xFF,0x60,0x00,0x00,0x00,
    0x2F,0xFF,0xFF,0xF1,0x00,0x0E,0xFF,0xFF,0xF7,0x00,0x00,0x00,0x03,0xFF,0xFF,0xFF,
    0x10,0x00,0xDF,0xFF,0xFF,0x80,0x00,0x00,0x00,0x4F,0xFF,0xFF,0xF0,0x00,0x0B,0xFF,
    0xFF,0xFC,0x00,0x00,0x00,0x08,0xFF,0xFF,0xFD,0x00,0x00,0x7F,0xFF,0xFF,0xF3,0x00,
    0x00,0x01,0xDF,0xFF,0xFF,0xA0,0x00,0x03,0xFF,0xFF,0xFF,0xE4,0x00,0x03,0xCF,0xFF,
    0xFF,0xF5,0x00,0x00,0x0B,0xFF,0xFF,0xFF,0xFE,0xCD,0xFF,0xFF,0xFF,0xFD,0x00,0x00,
    0x00,0x3E,0xFF,0xFF,0xFF,0xFF,0xFF,0xFF,0xFF,0xFF,0x50,0x00,0x00,0x00,0x5F,0xFF,
    0xFF,0xFF,0xFF,0xFF,0xFF,0xFF,0x70,0x00,0x00,0x00,0x00,0x4E,0xFF,0xFF,0xFF,0xFF,
    0xFF,0xFE,0x50,0x00,0x00,0x00,0x00,0x00,0x17,0xDF,0xFF,0xFF,0xFF,0xD8,0x10,0x00,
    0x00,0x00,0x00,0x00,0x00,0x00,0x14,0x56,0x64,0x20,0x00,0x00,0x00,0x00,0x26,0x66,
    0x66,0x63,0x00,0x00,0x00,0x00,0x00,0x02,0x66,0x66,0x65,0x1F,0xFF,0xFF,0xFC,0x00,
    0x00,0x00,0x00,0x00,0x0B,0xFF,0xFF,0xF8,0x0A,0xFF,0xFF,0xFF,0x30,0x00,0x00,0x00,
    0x00,0x2F,0xFF,0xFF,0xF2,0x03,0xFF,0xFF,0xFF,0x90,0x00,0x00,0x00,0x00,0x8F,0xFF,
    0xFF,0xB0,0x00,0xCF,0xFF,0xFF,0xE1,0x00,0x00,0x00,0x01,0xEF,0xFF,0xFF,0x40,0x00,
    0x5F,0xFF,0xFF,0xF6,0x00,0x00,0x00,0x06,0xFF,0xFF,0xFD,0x00,0x00,0x0E,0xFF,0xFF,
    0xFD,0x00,0x00,0x00,0x0C,0xFF,0xFF,0xF6,0x00,0x00,0x08,0xFF,0xFF,0xFF,0x40,0x00,
    0x00,0x4F,0xFF,0xFF,0xE1,0x00,0x00,0x01,0xFF,0xFF,0xFF,0xA0,0x00,0x00,0xAF,0xFF,
    0xFF,0x90,0x00,0x00,0x00,0xAF,0xFF,0xFF,0xF2,0x00,0x02,0xFF,0xFF,0xFF,0x20,0x00,
    0x00,0x00,0x3F,0xFF,0xFF,0xF8,0x00,0x08,0xFF,0xFF,0xFB,0x00,0x00,0x00,0x00,0x0C,
    0xFF,0xFF,0xFE,0x00,0x0E,0xFF,0xFF,0xF4,0x00,0x00,0x00,0x00,0x05,0xFF,0xFF,0xFF,
    0x50,0x6F,0xFF,0xFF,0xD0,0x00,0x00,0x00,0x00,0x00,0xEF,0xFF,0xFF,0xC0,0xCF,0xFF,
    0xFF,0x70,0x00,0x00,0x00,0x00,0x00,0x8F,0xFF,0xFF,0xF6,0xFF,0xFF,0xFE,0x10,0x00,
    0x00,0x00,0x00,0x00,0x2F,0xFF,0xFF,0xFF,0xFF,0xFF,0xF9,0x00,0x00,0x00,0x00,0x00,
    0x00,0x0A,0xFF,0xFF,0xFF,0xFF,0xFF,0xF2,0x00,0x00,0x00,0x00,0x00,0x00,0x03,0xFF,
    0xFF,0xFF,0xFF,0xFF,0xB0,0x00,0x00,0x00,0x00,0x00,0x00,0x00,0xCF,0xFF,0xFF,0xFF,
    0xFF,0x40,0x00,0x00,0x00,0x00,0x00,0x00,0x00,0x6F,0xFF,0xFF,0xFF,0xFD,0x00,0x00,
    0x00,0x00,0x00,0x00,0x00,0x00,0x0E,0xFF,0xFF,0xFF,0xF7,0x00,0x00,0x00,0x00,0x00,
    0x00,0x00,0x00,0x08,0xFF,0xFF,0xFF,0xE1,0x00,0x00,0x00,0x00,0x00,0x00,0x00,0x00,
    0x02,0xFF,0xFF,0xFF,0x90,0x00,0x00,0x00,0x00,0x36,0x66,0x66,0x61,0x00,0x00,0x00,
    0x00,0x56,0x66,0x66,0x10,0x00,0x00,0x00,0x04,0x66,0x66,0x62,0x3F,0xFF,0xFF,0xF5,
    0x00,0x00,0x00,0x01,0xFF,0xFF,0xFF,0x60,0x00,0x00,0x00,0x0E,0xFF,0xFF,0xF1,0x0D,
    0xFF,0xFF,0xFA,0x00,0x00,0x00,0x05,0xFF,0xFF,0xFF,0xB0,0x00,0x00,0x00,0x4F,0xFF,
    0xFF,0xB0,0x08,0xFF,0xFF,0xFE,0x00,0x00,0x00,0x0A,0xFF,0xFF,0xFF,0xF1,0x00,0x00,
    0x00,0x9F,0xFF,0xFF,0x60,0x03,0xFF,0xFF,0xFF,0x40,0x00,0x00,0x1E,0xFF,0xFF,0xFF,
    0xF5,0x00,0x00,0x00,0xEF,0xFF,0xFF,0x20,0x00,0xDF,0xFF,0xFF,0x90,0x00,0x00,0x5F,
    0xFF,0xFF,0xFF,0xFA,0x00,0x00,0x04,0xFF,0xFF,0xFC,0x00,0x00,0x9F,0xFF,0xFF,0xD0,
    0x00,0x00,0xAF,0xFF,0xFF,0xFF,0xFE,0x00,0x00,0x09,0xFF,0xFF,0xF7,0x00,0x00,0x4F,
    0xFF,0xFF,0xF3,0x00,0x01,0xEF,0xFF,0xFF,0xFF,0xFF,0x40,0x00,0x0D,0xFF,0xFF,0xF2,
    0x00,0x00,0x0E,0xFF,0xFF,0xF8,0x00,0x05,0xFF,0xFF,0xFF,0xFF,0xFF,0x90,0x00,0x3F,
    0xFF,0xFF,0xC0,0x00,0x00,0x09,0xFF,0xFF,0xFD,0x00,0x0A,0xFF,0xFF,0xEE,0xFF,0xFF,
    0xE0,0x00,0x8F,0xFF,0xFF,0x70,0x00,0x00,0x04,0xFF,0xFF,0xFF,0x20,0x1E,0xFF,0xFF,
    0xA9,0xFF,0xFF,0xF3,0x00,0xDF,0xFF,0xFF,0x20,0x00,0x00,0x00,0xEF,0xFF,0xFF,0x70,
    0x5F,0xFF,0xFF,0x54,0xFF,0xFF,0xF8,0x03,0xFF,0xFF,0xFD,0x00,0x00,0x00,0x00,0x9F,
    0xFF,0xFF,0xC0,0xAF,0xFF,0xFE,0x10,0xEF,0xFF,0xFD,0x08,0xFF,0xFF,0xF8,0x00,0x00,
    0x00,0x00,0x5F,0xFF,0xFF,0xF2,0xEF,0xFF,0xFA,0x00,0xAF,0xFF,0xFF,0x2D,0xFF,0xFF,
    0xF3,0x00,0x00,0x00,0x00,0x0E,0xFF,0xFF,0xFB,0xFF,0xFF,0xF5,0x00,0x5F,0xFF,0xFF,
    0xAF,0xFF,0xFF,0xD0,0x00,0x00,0x00,0x00,0x0A,0xFF,0xFF,0xFF,0xFF,0xFF,0xF1,0x00,
    0x1F,0xFF,0xFF,0xFF,0xFF,0xFF,0x80,0x00,0x00,0x00,0x00,0x05,0xFF,0xFF,0xFF,0xFF,
    0xFF,0xA0,0x00,0x0B,0xFF,0xFF,0xFF,0xFF,0xFF,0x30,0x00,0x00,0x00,0x00,0x01,0xEF,
    0xFF,0xFF,0xFF,0xFF,0x60,0x00,0x06,0xFF,0xFF,0xFF,0xFF,0xFD,0x00,0x00,0x00,0x00,
    0x00,0x00,0xAF,0xFF,0xFF,0xFF,0xFF,0x10,0x00,0x01,0xFF,0xFF,0xFF,0xFF,0xF9,0x00,
    0x00,0x00,0x00,0x00,0x00,0x5F,0xFF,0xFF,0xFF,0xFB,0x00,0x00,0x00,0xCF,0xFF,0xFF,
    0xFF,0xF4,0x00,0x00,0x00,0x00,0x00,0x00,0x1F,0xFF,0xFF,0xFF,0xF6,0x00,0x00,0x00,
    0x7F,0xFF,0xFF,0xFF,0xE0,0x00,0x00,0x00,0x00,0x00,0x00,0x0B,0xFF,0xFF,0xFF,0xF1,
    0x00,0x00,0x00,0x2F,0xFF,0xFF,0xFF,0x90,0x00,0x00,0x00,0x00,0x00,0x00,0x06,0xFF,
    0xFF,0xFF,0xB0,0x00,0x00,0x00,0x0C,0xFF,0xFF,0xFF,0x40,0x00,0x00,0x00,0x03,0x66,
    0x66,0x66,0x30,0x00,0x00,0x00,0x05,0x66,0x66,0x66,0x00,0x2E,0xFF,0xFF,0xFE,0x20,
    0x00,0x00,0x05,0xFF,0xFF,0xFF,0x80,0x00,0x6F,0xFF,0xFF,0xFB,0x00,0x00,0x01,0xEF,
    0xFF,0xFF,0xC0,0x00,0x00,0xAF,0xFF,0xFF,0xF7,0x00,0x00,0xAF,0xFF,0xFF,0xE2,0x00,
    0x00,0x01,0xDF,0xFF,0xFF,0xF2,0x00,0x5F,0xFF,0xFF,0xF5,0x00,0x00,0x00,0x04,0xFF,
    0xFF,0xFF,0xC0,0x1E,0xFF,0xFF,0xF9,0x00,0x00,0x00,0x00,0x08,0xFF,0xFF,0xFF,0x8A,
    0xFF,0xFF,0xFD,0x10,0x00,0x00,0x00,0x00,0x0C,0xFF,0xFF,0xFF,0xFF,0xFF,0xFF,0x30,
    0x00,0x00,0x00,0x00,0x00,0x2E,0xFF,0xFF,0xFF,0xFF,0xFF,0x70,0x00,0x00,0x00,0x00,
    0x00,0x00,0x6F,0xFF,0xFF,0xFF,0xFF,0xB0,0x00,0x00,0x00,0x00,0x00,0x00,0x00,0xBF,
    0xFF,0xFF,0xFF,0xE1,0x00,0x00,0x00,0x00,0x00,0x00,0x00,0x02,0xFF,0xFF,0xFF,0xFB,
    0x00,0x00,0x00,0x00,0x00,0x00,0x00,0x00,0x8F,0xFF,0xFF,0xFF,0xE2,0x00,0x00,0x00,
    0x00,0x00,0x00,0x00,0x4F,0xFF,0xFF,0xFF,0xFF,0xC0,0x00,0x00,0x00,0x00,0x00,0x00,
    0x1D,0xFF,0xFF,0xFF,0xFF,0xFF,0x80,0x00,0x00,0x00,0x00,0x00,0x0A,0xFF,0xFF,0xFF,
    0xFF,0xFF,0xFF,0x40,0x00,0x00,0x00,0x00,0x06,0xFF,0xFF,0xFF,0x8E,0xFF,0xFF,0xFE,
    0x10,0x00,0x00,0x00,0x02,0xEF,0xFF,0xFF,0xC0,0x5F,0xFF,0xFF,0xFB,0x00,0x00,0x00,
    0x00,0xCF,0xFF,0xFF,0xF2,0x00,0xAF,0xFF,0xFF,0xF7,0x00,0x00,0x00,0x8F,0xFF,0xFF,
    0xF7,0x00,0x01,0xDF,0xFF,0xFF,0xF3,0x00,0x00,0x4F,0xFF,0xFF,0xFC,0x00,0x00,0x04,
    0xFF,0xFF,0xFF,0xD1,0x00,0x1E,0xFF,0xFF,0xFF,0x30,0x00,0x00,0x09,0xFF,0xFF,0xFF,
    0x90,0x0B,0xFF,0xFF,0xFF,0x80,0x00,0x00,0x00,0x1D,0xFF,0xFF,0xFF,0x50,0x36,0x66,
    0x66,0x61,0x00,0x00,0x00,0x00,0x03,0x66,0x66,0x64,0x2F,0xFF,0xFF,0xF9,0x00,0x00,
    0x00,0x00,0x0D,0xFF,0xFF,0xF4,0x08,0xFF,0xFF,0xFF,0x30,0x00,0x00,0x00,0x7F,0xFF,
    0xFF,0xA0,0x01,0xDF,0xFF,0xFF,0xC0,0x00,0x00,0x02,0xEF,0xFF,0xFE,0x20,0x00,0x5F,
    0xFF,0xFF,0xF6,0x00,0x00,0x0A,0xFF,0xFF,0xF7,0x00,0x00,0x0B,0xFF,0xFF,0xFE,0x10,
    0x00,0x4F,0xFF,0xFF,0xD0,0x00,0x00,0x02,0xFF,0xFF,0xFF,0x80,0x00,0xDF,0xFF,0xFF,
    0x40,0x00,0x00,0x00,0x8F,0xFF,0xFF,0xF3,0x07,0xFF,0xFF,0xFA,0x00,0x00,0x00,0x00,
    0x1D,0xFF,0xFF,0xFB,0x2E,0xFF,0xFF,0xF2,0x00,0x00,0x00,0x00,0x05,0xFF,0xFF,0xFF,
    0xFF,0xFF,0xFF,0x80,0x00,0x00,0x00,0x00,0x00,0xBF,0xFF,0xFF,0xFF,0xFF,0xFD,0x10,
    0x00,0x00,0x00,0x00,0x00,0x2F,0xFF,0xFF,0xFF,0xFF,0xF5,0x00,0x00,0x00,0x00,0x00,
    0x00,0x08,0xFF,0xFF,0xFF,0xFF,0xB0,0x00,0x00,0x00,0x00,0x00,0x00,0x01,0xEF,0xFF,
    0xFF,0xFF,0x20,0x00,0x00,0x00,0x00,0x00,0x00,0x00,0x6F,0xFF,0xFF,0xFC,0x00,0x00,
    0x00,0x00,0x00,0x00,0x00,0x00,0x1F,0xFF,0xFF,0xF4,0x00,0x00,0x00,0x00,0x00,0x00,
    0x00,0x00,0x1F,0xFF,0xFF,0xF4,0x00,0x00,0x00,0x00,0x00,0x00,0x00,0x00,0x1F,0xFF,
    0xFF,0xF4,0x00,0x00,0x00,0x00,0x00,0x00,0x00,0x00,0x1F,0xFF,0xFF,0xF4,0x00,0x00,
    0x00,0x00,0x00,0x00,0x00,0x00,0x1F,0xFF,0xFF,0xF4,0x00,0x00,0x00,0x00,0x00,0x00,
    0x00,0x00,0x1F,0xFF,0xFF,0xF4,0x00,0x00,0x00,0x00,0x00,0x00,0x00,0x00,0x1F,0xFF,
    0xFF,0xF4,0x00,0x00,0x00,0x00,0x00,0x00,0x00,0x00,0x1F,0xFF,0xFF,0xF4,0x00,0x00,
    0x00,0x00,0x04,0x66,0x66,0x66,0x66,0x66,0x66,0x66,0x66,0x66,0x40,0x09,0xFF,0xFF,
    0xFF,0xFF,0xFF,0xFF,0xFF,0xFF,0xFF,0xB0,0x09,0xFF,0xFF,0xFF,0xFF,0xFF,0xFF,0xFF,
    0xFF,0xFF,0xB0,0x09,0xFF,0xFF,0xFF,0xFF,0xFF,0xFF,0xFF,0xFF,0xFF,0xB0,0x09,0xFF,
    0xFF,0xFF,0xFF,0xFF,0xFF,0xFF,0xFF,0xFF,0x90,0x06,0x99,0x99,0x99,0x99,0x99,0xFF,
    0xFF,0xFF,0xFD,0x10,0x00,0x00,0x00,0x00,0x00,0x05,0xFF,0xFF,0xFF,0xE2,0x00,0x00,
    0x00,0x00,0x00,0x00,0x3E,0xFF,0xFF,0xFF,0x40,0x00,0x00,0x00,0x00,0x00,0x02,0xDF,
    0xFF,0xFF,0xF6,0x00,0x00,0x00,0x00,0x00,0x00,0x1C,0xFF,0xFF,0xFF,0x80,0x00,0x00,
    0x00,0x00,0x00,0x00,0xAF,0xFF,0xFF,0xFA,0x00,0x00,0x00,0x00,0x00,0x00,0x08,0xFF,
    0xFF,0xFF,0xC1,0x00,0x00,0x00,0x00,0x00,0x00,0x6F,0xFF,0xFF,0xFE,0x20,0x00,0x00,
    0x00,0x00,0x00,0x04,0xFF,0xFF,0xFF,0xF3,0x00,0x00,0x00,0x00,0x00,0x00,0x2E,0xFF,
    0xFF,0xFF,0x50,0x00,0x00,0x00,0x00,0x00,0x01,0xDF,0xFF,0xFF,0xF7,0x00,0x00,0x00,
    0x00,0x00,0x00,0x0B,0xFF,0xFF,0xFF,0xA0,0x00,0x00,0x00,0x00,0x00,0x00,0x9F,0xFF,
    0xFF,0xFC,0x10,0x00,0x00,0x00,0x00,0x00,0x06,0xFF,0xFF,0xFF,0xFF,0xFF,0xFF,0xFF,
    0xFF,0xFF,0xF3,0x0D,0xFF,0xFF,0xFF,0xFF,0xFF,0xFF,0xFF,0xFF,0xFF,0xF3,0x0D,0xFF,
    0xFF,0xFF,0xFF,0xFF,0xFF,0xFF,0xFF,0xFF,0xF3,0x0D,0xFF,0xFF,0xFF,0xFF,0xFF,0xFF,
    0xFF,0xFF,0xFF,0xF3,0x0D,0xFF,0xFF,0xFF,0xFF,0xFF,0xFF,0xFF,0xFF,0xFF,0xF3,0x00,
    0x8B,0xBB,0xBB,0xBB,0xBB,0x00,0x0B,0xFF,0xFF,0xFF,0xFF,0xF0,0x00,0xBF,0xFF,0xFF,
    0xFF,0xFF,0x00,0x0B,0xFF,0xFF,0xFF,0xFF,0xF0,0x00,0xBF,0xFF,0xFF,0xEE,0xEE,0x00,
    0x0B,0xFF,0xFF,0xF5,0x00,0x00,0x00,0xBF,0xFF,0xFF,0x50,0x00,0x00,0x0B,0xFF,0xFF,
    0xF5,0x00,0x00,0x00,0xBF,0xFF,0xFF,0x50,0x00,0x00,0x0B,0xFF,0xFF,0xF5,0x00,0x00,
    0x00,0xBF,0xFF,0xFF,0x50,0x00,0x00,0x0B,0xFF,0xFF,0xF5,0x00,0x00,0x00,0xBF,0xFF,
    0xFF,0x50,0x00,0x00,0x0B,0xFF,0xFF,0xF5,0x00,0x00,0x00,0xBF,0xFF,0xFF,0x50,0x00,
    0x00,0x0B,0xFF,0xFF,0xF5,0x00,0x00,0x00,0xBF,0xFF,0xFF,0x50,0x00,0x00,0x0B,0xFF,
    0xFF,0xF5,0x00,0x00,0x00,0xBF,0xFF,0xFF,0x50,0x00,0x00,0x0B,0xFF,0xFF,0xF5,0x00,
    0x00,0x00,0xBF,0xFF,0xFF,0x50,0x00,0x00,0x0B,0xFF,0xFF,0xF5,0x00,0x00,0x00,0xBF,
    0xFF,0xFF,0x50,0x00,0x00,0x0B,0xFF,0xFF,0xF5,0x00,0x00,0x00,0xBF,0xFF,0xFF,0x50,
    0x00,0x00,0x0B,0xFF,0xFF,0xF9,0x77,0x70,0x00,0xBF,0xFF,0xFF,0xFF,0xFF,0x00,0x0B,
    0xFF,0xFF,0xFF,0xFF,0xF0,0x00,0xBF,0xFF,0xFF,0xFF,0xFF,0x00,0x0B,0xFF,0xFF,0xFF,
    0xFF,0xF0,0x00,0x23,0x33,0x33,0x33,0x33,0x00,0x5E,0xEE,0xEE,0x10,0x00,0x00,0x00,
    0x00,0x01,0xEF,0xFF,0xF6,0x00,0x00,0x00,0x00,0x00,0x0A,0xFF,0xFF,0xB0,0x00,0x00,
    0x00,0x00,0x00,0x4F,0xFF,0xFF,0x20,0x00,0x00,0x00,0x00,0x00,0xEF,0xFF,0xF7,0x00,
    0x00,0x00,0x00,0x00,0x09,0xFF,0xFF,0xC0,0x00,0x00,0x00,0x00,0x00,0x4F,0xFF,0xFF,
    0x20,0x00,0x00,0x00,0x00,0x00,0xDF,0xFF,0xF8,0x00,0x00,0x00,0x00,0x00,0x08,0xFF,
    0xFF,0xD0,0x00,0x00,0x00,0x00,0x00,0x3F,0xFF,0xFF,0x30,0x00,0x00,0x00,0x00,0x00,
    0xDF,0xFF,0xF8,0x00,0x00,0x00,0x00,0x00,0x07,0xFF,0xFF,0xE0,0x00,0x00,0x00,0x00,
    0x00,0x2F,0xFF,0xFF,0x40,0x00,0x00,0x00,0x00,0x00,0xCF,0xFF,0xF9,0x00,0x00,0x00,
    0x00,0x00,0x07,0xFF,0xFF,0xE0,0x00,0x00,0x00,0x00,0x00,0x1F,0xFF,0xFF,0x50,0x00,
    0x00,0x00,0x00,0x00,0xBF,0xFF,0xFA,0x00,0x00,0x00,0x00,0x00,0x06,0xFF,0xFF,0xE1,
    0x00,0x00,0x00,0x00,0x00,0x1F,0xFF,0xFF,0x50,0x00,0x00,0x00,0x00,0x00,0xAF,0xFF,
    0xFB,0x00,0x00,0x00,0x00,0x00,0x05,0xFF,0xFF,0xF1,0x00,0x00,0x00,0x00,0x00,0x1E,
    0xFF,0xFF,0x60,0x00,0x00,0x00,0x00,0x00,0xAF,0xFF,0xFC,0x00,0x00,0x00,0x00,0x00,
    0x04,0xFF,0xFF,0xF2,0x00,0x00,0x00,0x00,0x00,0x0E,0xFF,0xFF,0x70,0x00,0x00,0x00,
    0x00,0x00,0x9F,0xFF,0xFC,0x00,0x00,0x00,0x00,0x00,0x04,0xFF,0xFF,0xF3,0x00,0x00,
    0x00,0x00,0x00,0x0D,0xFF,0xFF,0x80,0x00,0x00,0x00,0x00,0x00,0x8F,0xFF,0xFD,0x00,
    0x00,0x00,0x00,0x00,0x03,0xFF,0xFF,0xF3,0x00,0x00,0x00,0x00,0x00,0x03,0x33,0x33,
    0x10,0x7B,0xBB,0xBB,0xBB,0xBB,0x20,0x9F,0xFF,0xFF,0xFF,0xFF,0x30,0x9F,0xFF,0xFF,
    0xFF,0xFF,0x30,0x9F,0xFF,0xFF,0xFF,0xFF,0x30,0x8E,0xEE,0xFF,0xFF,0xFF,0x30,0x00,
    0x00,0xDF,0xFF,0xFF,0x30,0x00,0x00,0xDF,0xFF,0xFF,0x30,0x00,0x00,0xDF,0xFF,0xFF,
    0x30,0x00,0x00,0xDF,0xFF,0xFF,0x30,0x00,0x00,0xDF,0xFF,0xFF,0x30,0x00,0x00,0xDF,
    0xFF,0xFF,0x30,0x00,0x00,0xDF,0xFF,0xFF,0x30,0x00,0x00,0xDF,0xFF,0xFF,0x30,0x00,
    0x00,0xDF,0xFF,0xFF,0x30,0x00,0x00,0xDF,0xFF,0xFF,0x30,0x00,0x00,0xDF,0xFF,0xFF,
    0x30,0x00,0x00,0xDF,0xFF,0xFF,0x30,0x00,0x00,0xDF,0xFF,0xFF,0x30,0x00,0x00,0xDF,
    0xFF,0xFF,0x30,0x00,0x00,0xDF,0xFF,0xFF,0x30,0x00,0x00,0xDF,0xFF,0xFF,0x30,0x00,
    0x00,0xDF,0xFF,0xFF,0x30,0x00,0x00,0xDF,0xFF,0xFF,0x30,0x00,0x00,0xDF,0xFF,0xFF,
    0x30,0x00,0x00,0xDF,0xFF,0xFF,0x30,0x47,0x77,0xEF,0xFF,0xFF,0x30,0x9F,0xFF,0xFF,
    0xFF,0xFF,0x30,0x9F,0xFF,0xFF,0xFF,0xFF,0x30,0x9F,0xFF,0xFF,0xFF,0xFF,0x30,0x9F,
    0xFF,0xFF,0xFF,0xFF,0x30,0x23,0x33,0x33,0x33,0x33,0x10,0x00,0x00,0x00,0x0C,0xEE,
    0xEE,0x50,0x00,0x00,0x00,0x00,0x00,0x00,0x4F,0xFF,0xFF,0xC0,0x00,0x00,0x00,0x00,
    0x00,0x00,0xBF,0xFF,0xFF,0xF3,0x00,0x00,0x00,0x00,0x00,0x02,0xFF,0xFF,0xFF,0xFA,
    0x00,0x00,0x00,0x00,0x00,0x09,0xFF,0xFF,0xFF,0xFF,0x20,0x00,0x00,0x00,0x00,0x1E,
    0xFF,0xF7,0xEF,0xFF,0x80,0x00,0x00,0x00,0x00,0x7F,0xFF,0xE1,0x8F,0xFF,0xE1,0x00,
    0x00,0x00,0x00,0xDF,0xFF,0x90,0x2F,0xFF,0xF6,0x00,0x00,0x00,0x05,0xFF,0xFF,0x30,
    0x0A,0xFF,0xFC,0x00,0x00,0x00,0x0B,0xFF,0xFC,0x00,0x04,0xFF,0xFF,0x40,0x00,0x00,
    0x3F,0xFF,0xF5,0x00,0x00,0xDF,0xFF,0xB0,0x00,0x00,0x9F,0xFF,0xE0,0x00,0x00,0x7F,
    0xFF,0xF2,0x00,0x01,0xFF,0xFF,0x80,0x00,0x00,0x1E,0xFF,0xF9,0x00,0x03,0x88,0x88,
    0x20,0x00,0x00,0x06,0x88,0x87,0x00,0x00,0x00,0x00,0x00,0x00,0x00,0x00,0x00,0x00,
    0x00,0x00,0x00,0x00,0x00,0x00,0x00,0x00,0x00,0x00,0x00,0x00,0x00,0x00,0x00,0x00,
    0x00,0x00,0x00,0x00,0x00,0x00,0x00,0x00,0x00,0x00,0x00,0x00,0x00,0x00,0x00,0xFF,
    0xFF,0xFF,0xFF,0xFF,0xFF,0xFF,0xFF,0xFF,0xFF,0xFF,0xFF,0xFF,0xFF,0xFF,0xFF,0xFF,
    0xFF,0xFF,0xFF,0xFF,0xFF,0xFF,0xFF,0x55,0x55,0x55,0x55,0x55,0x55,0x55,0x55,0x00,
    0x24,0x44,0x44,0x20,0x00,0x00,0x00,0x00,0x00,0x00,0xAF,0xFF,0xFE,0x30,0x00,0x00,
    0x00,0x00,0x00,0x00,0x7F,0xFF,0xFD,0x20,0x00,0x00,0x00,0x00,0x00,0x00,0x4E,0xFF,
    0xFC,0x10,0x00,0x00,0x00,0x00,0x00,0x00,0x2C,0xFF,0xFB,0x00,0x00,0x00,0x00,0x00,
    0x00,0x00,0x18,0x99,0x94,0x00,0x00,0x00,0x00,0x00,0x00,0x00,0x00,0x00,0x00,0x00,
    0x00,0x00,0x00,0x00,0x00,0x00,0x00,0x00,0x00,0x00,0x00,0x00,0x00,0x00,0x00,0x00,
    0x00,0x00,0x00,0x00,0x00,0x00,0x00,0x00,0x00,0x00,0x00,0x00,0x00,0x00,0x00,0x00,
    0x00,0x00,0x00,0x00,0x00,0x00,0x00,0x00,0x00,0x00,0x00,0x00,0x00,0x00,0x00,0x00,
    0x00,0x00,0x00,0x00,0x00,0x00,0x00,0x00,0x00,0x00,0x00,0x00,0x00,0x00,0x00,0x00,
    0x00,0x00,0x00,0x00,0x00,0x00,0x00,0x00,0x00,0x00,0x00,0x00,0x00,0x00,0x00,0x00,
    0x00,0x00,0x00,0x00,0x00,0x00,0x00,0x00,0x00,0x00,0x00,0x00,0x00,0x00,0x00,0x00,
    0x00,0x00,0x00,0x00,0x00,0x00,0x00,0x00,0x00,0x00,0x00,0x00,0x00,0x00,0x00,0x00,
    0x00,0x00,0x00,0x00,0x00,0x00,0x00,0x00,0x00,0x00,0x00,0x00,0x00,0x00,0x00,0x00,
    0x00,0x00,0x00,0x00,0x00,0x00,0x00,0x00,0x00,0x00,0x00,0x00,0x00,0x00,0x00,0x00,
    0x00,0x00,0x00,0x00,0x00,0x00,0x00,0x00,0x00,0x00,0x00,0x00,0x00,0x00,0x00,0x00,
    0x00,0x00,0x00,0x00,0x00,0x00,0x00,0x00,0x00,0x00,0x00,0x00,0x00,0x00,0x00,0x02,
    0x58,0x99,0x97,0x41,0x00,0x00,0x00,0x00,0x18,0xDF,0xFF,0xFF,0xFF,0xFE,0x91,0x00,
    0x00,0x02,0xEF,0xFF,0xFF,0xFF,0xFF,0xFF,0xFD,0x20,0x00,0x00,0xBF,0xFF,0xFF,0xFF,
    0xFF,0xFF,0xFF,0xD1,0x00,0x00,0x4F,0xFF,0xFF,0xFF,0xFF,0xFF,0xFF,0xF7,0x00,0x00,
    0x0B,0xE9,0x41,0x02,0x6E,0xFF,0xFF,0xFC,0x00,0x00,0x03,0x10,0x00,0x00,0x04,0xFF,
    0xFF,0xFF,0x10,0x00,0x00,0x00,0x23,0x44,0x44,0xFF,0xFF,0xFF,0x20,0x00,0x03,0xAE,
    0xFF,0xFF,0xFF,0xFF,0xFF,0xFF,0x30,0x00,0x8F,0xFF,0xFF,0xFF,0xFF,0xFF,0xFF,0xFF,
    0x30,0x06,0xFF,0xFF,0xFF,0xFE,0xEE,0xFF,0xFF,0xFF,0x30,0x0C,0xFF,0xFF,0xF7,0x10,
    0x00,0xDF,0xFF,0xFF,0x30,0x0F,0xFF,0xFF,0xE0,0x00,0x00,0xFF,0xFF,0xFF,0x30,0x0E,
    0xFF,0xFF,0xF2,0x00,0x09,0xFF,0xFF,0xFF,0x30,0x0C,0xFF,0xFF,0xFE,0xA9,0xDF,0xFF,
    0xFF,0xFF,0x30,0x05,0xFF,0xFF,0xFF,0xFF,0xFF,0xFF,0xFF,0xFF,0x30,0x00,0x8F,0xFF,
    0xFF,0xFF,0xFD,0x9F,0xFF,0xFF,0x30,0x00,0x05,0xCF,0xFF,0xFF,0x92,0x7F,0xFF,0xFF,
    0x30,0x00,0x00,0x01,0x34,0x21,0x00,0x00,0x00,0x00,0x00,0x00,0xBB,0xBB,0xBB,0x10,
    0x00,0x00,0x00,0x00,0x00,0x00,0x00,0xFF,0xFF,0xFF,0x10,0x00,0x00,0x00,0x00,0x00,
    0x00,0x00,0xFF,0xFF,0xFF,0x10,0x00,0x00,0x00,0x00,0x00,0x00,0x00,0xFF,0xFF,0xFF,
    0x10,0x00,0x00,0x00,0x00,0x00,0x00,0x00,0xFF,0xFF,0xFF,0x10,0x00,0x00,0x00,0x00,
    0x00,0x00,0x00,0xFF,0xFF,0xFF,0x10,0x00,0x00,0x00,0x00,0x00,0x00,0x00,0xFF,0xFF,
    0xFF,0x10,0x47,0x99,0x74,0x00,0x00,0x00,0x00,0xFF,0xFF,0xFF,0x4D,0xFF,0xFF,0xFF,
    0xD4,0x00,0x00,0x00,0xFF,0xFF,0xFF,0xFF,0xFF,0xFF,0xFF,0xFF,0x80,0x00,0x00,0xFF,
    0xFF,0xFF,0xFF,0xFF,0xFF,0xFF,0xFF,0xF7,0x00,0x00,0xFF,0xFF,0xFF,0xFF,0xFF,0xFF,
    0xFF,0xFF,0xFF,0x30,0x00,0xFF,0xFF,0xFF,0xFD,0x64,0x5C,0xFF,0xFF,0xFF,0xA0,0x00,
    0xFF,0xFF,0xFF,0xC1,0x00,0x00,0xAF,0xFF,0xFF,0xF1,0x00,0xFF,0xFF,0xFF,0x40,0x00,
    0x00,0x2F,0xFF,0xFF,0xF3,0x00,0xFF,0xFF,0xFF,0x00,0x00,0x00,0x0D,0xFF,0xFF,0xF5,
    0x00,0xFF,0xFF,0xFF,0x00,0x00,0x00,0x0C,0xFF,0xFF,0xF5,0x00,0xFF,0xFF,0xFF,0x10,
    0x00,0x00,0x0E,0xFF,0xFF,0xF5,0x00,0xFF,0xFF,0xFF,0x70,0x00,0x00,0x4F,0xFF,0xFF,
    0xF2,0x00,0xFF,0xFF,0xFF,0xE4,0x00,0x02,0xDF,0xFF,0xFF,0xD0,0x00,0xFF,0xFF,0xFF,
    0xFF,0xB9,0xBF,0xFF,0xFF,0xFF,0x80,0x00,0xFF,0xFF,0xFF,0xFF,0xFF,0xFF,0xFF,0xFF,
    0xFD,0x10,0x00,0xFF,0xFF,0xFF,0xFF,0xFF,0xFF,0xFF,0xFF,0xE3,0x00,0x00,0xFF,0xFF,
    0xFD,0xDF,0xFF,0xFF,0xFF,0xFD,0x30,0x00,0x00,0xFF,0xFF,0xFB,0x18,0xEF,0xFF,0xFD,
    0x81,0x00,0x00,0x00,0x00,0x00,0x00,0x00,0x02,0x44,0x20,0x00,0x00,0x00,0x00,0x00,
    0x00,0x03,0x68,0x99,0x85,0x10,0x00,0x00,0x00,0x00,0x5D,0xFF,0xFF,0xFF,0xFF,0x91,
    0x00,0x00,0x01,0xAF,0xFF,0xFF,0xFF,0xFF,0xFF,0xE3,0x00,0x01,0xCF,0xFF,0xFF,0xFF,
    0xFF,0xFF,0xFF,0xE1,0x00,0xAF,0xFF,0xFF,0xFF,0xFF,0xFF,0xFF,0xFF,0xA0,0x4F,0xFF,
    0xFF,0xFD,0x74,0x5A,0xFF,0xFF,0xD5,0x0A,0xFF,0xFF,0xFD,0x10,0x00,0x07,0xFD,0x60,
    0x00,0xEF,0xFF,0xFF,0x50,0x00,0x00,0x05,0x00,0x00,0x1F,0xFF,0xFF,0xF1,0x00,0x00,
    0x00,0x00,0x00,0x02,0xFF,0xFF,0xFF,0x10,0x00,0x00,0x00,0x00,0x00,0x1F,0xFF,0xFF,
    0xF2,0x00,0x00,0x00,0x00,0x00,0x00,0xDF,0xFF,0xFF,0x80,0x00,0x00,0x1A,0x40,0x00,
    0x09,0xFF,0xFF,0xFF,0x50,0x00,0x1C,0xFF,0xB3,0x00,0x2F,0xFF,0xFF,0xFF,0xC9,0xAE,
    0xFF,0xFF,0xFA,0x00,0x6F,0xFF,0xFF,0xFF,0xFF,0xFF,0xFF,0xFF,0x70,0x00,0x8F,0xFF,
    0xFF,0xFF,0xFF,0xFF,0xFF,0xB0,0x00,0x00,0x5E,0xFF,0xFF,0xFF,0xFF,0xFF,0x90,0x00,
    0x00,0x00,0x17,0xDF,0xFF,0xFF,0xEA,0x30,0x00,0x00,0x00,0x00,0x00,0x13,0x44,0x20,
    0x00,0x00,0x00,0x00,0x00,0x00,0x00,0x00,0x00,0x00,0x8B,0xBB,0xBB,0x40,0x00,0x00,
    0x00,0x00,0x00,0x00,0x00,0xBF,0xFF,0xFF,0x60,0x00,0x00,0x00,0x00,0x00,0x00,0x00,
    0xBF,0xFF,0xFF,0x60,0x00,0x00,0x00,0x00,0x00,0x00,0x00,0xBF,0xFF,0xFF,0x60,0x00,
    0x00,0x00,0x00,0x00,0x00,0x00,0xBF,0xFF,0xFF,0x60,0x00,0x00,0x00,0x00,0x00,0x00,
    0x00,0xBF,0xFF,0xFF,0x60,0x00,0x00,0x00,0x26,0x99,0x86,0x10,0xBF,0xFF,0xFF,0x60,
    0x00,0x00,0x2A,0xFF,0xFF,0xFF,0xE7,0xBF,0xFF,0xFF,0x60,0x00,0x04,0xEF,0xFF,0xFF,
    0xFF,0xFF,0xFF,0xFF,0xFF,0x60,0x00,0x2E,0xFF,0xFF,0xFF,0xFF,0xFF,0xFF,0xFF,0xFF,
    0x60,0x00,0xCF,0xFF,0xFF,0xFF,0xFF,0xFF,0xFF,0xFF,0xFF,0x60,0x05,0xFF,0xFF,0xFF,
    0xE7,0x45,0xAF,0xFF,0xFF,0xFF,0x60,0x0A,0xFF,0xFF,0xFE,0x20,0x00,0x08,0xFF,0xFF,
    0xFF,0x60,0x0D,0xFF,0xFF,0xF7,0x00,0x00,0x00,0xFF,0xFF,0xFF,0x60,0x0F,0xFF,0xFF,
    0xF3,0x00,0x00,0x00,0xFF,0xFF,0xFF,0x60,0x0F,0xFF,0xFF,0xF2,0x00,0x00,0x00,0xFF,
    0xFF,0xFF,0x60,0x0E,0xFF,0xFF,0xF4,0x00,0x00,0x00,0xFF,0xFF,0xFF,0x60,0x0C,0xFF,
    0xFF,0xF9,0x00,0x00,0x02,0xFF,0xFF,0xFF,0x60,0x08,0xFF,0xFF,0xFF,0x60,0x00,0x1C,
    0xFF,0xFF,0xFF,0x60,0x03,0xFF,0xFF,0xFF,0xFC,0x9A,0xEF,0xFF,0xFF,0xFF,0x60,0x00,
    0x9F,0xFF,0xFF,0xFF,0xFF,0xFF,0xFF,0xFF,0xFF,0x60,0x00,0x0C,0xFF,0xFF,0xFF,0xFF,
    0xFF,0xFF,0xFF,0xFF,0x60,0x00,0x01,0xAF,0xFF,0xFF,0xFF,0xFF,0xCF,0xFF,0xFF,0x60,
    0x00,0x00,0x05,0xCF,0xFF,0xFF,0xA3,0x6F,0xFF,0xFF,0x60,0x00,0x00,0x00,0x01,0x34,
    0x31,0x00,0x00,0x00,0x00,0x00,0x00,0x00,0x00,0x04,0x79,0x99,0x63,0x00,0x00,0x00,
    0x00,0x00,0x00,0x7E,0xFF,0xFF,0xFF,0xFC,0x40,0x00,0x00,0x00,0x02,0xCF,0xFF,0xFF,
    0xFF,0xFF,0xFF,0x90,0x00,0x00,0x01,0xDF,0xFF,0xFF,0xFF,0xFF,0xFF,0xFF,0x90,0x00,
    0x00,0xBF,0xFF,0xFF,0xFC,0xBD,0xFF,0xFF,0xFF,0x60,0x00,0x5F,0xFF,0xFF,0xE3,0x00,
    0x05,0xFF,0xFF,0xFE,0x00,0x0B,0xFF,0xFF,0xF5,0x00,0x00,0x07,0xFF,0xFF,0xF4,0x00,
    0xEF,0xFF,0xFF,0x55,0x55,0x55,0x6F,0xFF,0xFF,0x80,0x1F,0xFF,0xFF,0xFF,0xFF,0xFF,
    0xFF,0xFF,0xFF,0xF9,0x02,0xFF,0xFF,0xFF,0xFF,0xFF,0xFF,0xFF,0xFF,0xFF,0xA0,0x1F,
    0xFF,0xFF,0xFD,0xDD,0xDD,0xDD,0xDD,0xDD,0xD8,0x00,0xDF,0xFF,0xFF,0x40,0x00,0x00,
    0x00,0x00,0x00,0x00,0x08,0xFF,0xFF,0xFD,0x20,0x00,0x00,0x58,0x00,0x00,0x00,0x2F,
    0xFF,0xFF,0xFE,0xA6,0x67,0xCF,0xF8,0x00,0x00,0x00,0x7F,0xFF,0xFF,0xFF,0xFF,0xFF,
    0xFF,0xF7,0x00,0x00,0x00,0x9F,0xFF,0xFF,0xFF,0xFF,0xFF,0xFF,0xF3,0x00,0x00,0x00,
    0x6E,0xFF,0xFF,0xFF,0xFF,0xFF,0xE4,0x00,0x00,0x00,0x00,0x17,0xCF,0xFF,0xFF,0xFC,
    0x71,0x00,0x00,0x00,0x00,0x00,0x00,0x13,0x44,0x31,0x00,0x00,0x00,0x00,0x00,0x00,
    0x00,0x00,0x00,0x00,0x00,0x00,0x00,0x00,0x6B,0xEF,0xFD,0xA5,0x00,0x00,0x2D,0xFF,
    0xFF,0xFF,0xFA,0x00,0x01,0xDF,0xFF,0xFF,0xFF,0xF5,0x00,0x09,0xFF,0xFF,0xFF,0xFF,
    0xE1,0x00,0x0E,0xFF,0xFF,0xFE,0xAC,0xA0,0x00,0x3F,0xFF,0xFF,0xD1,0x00,0x00,0x00,
    0x4F,0xFF,0xFF,0x90,0x00,0x00,0x9A,0xFF,0xFF,0xFF,0xFA,0xAA,0x70,0xDF,0xFF,0xFF,
    0xFF,0xFF,0xFF,0xA0,0xDF,0xFF,0xFF,0xFF,0xFF,0xFF,0xA0,0xDF,0xFF,0xFF,0xFF,0xFF,
    0xFF,0xA0,0xBD,0xFF,0xFF,0xFF,0xFD,0xDD,0x90,0x00,0x5F,0xFF,0xFF,0xB0,0x00,0x00,
    0x00,0x5F,0xFF,0xFF,0xB0,0x00,0x00,0x00,0x5F,0xFF,0xFF,0xB0,0x00,0x00,0x00,0x5F,
    0xFF,0xFF,0xB0,0x00,0x00,0x00,0x5F,0xFF,0xFF,0xB0,0x00,0x00,0x00,0x5F,0xFF,0xFF,
    0xB0,0x00,0x00,0x00,0x5F,0xFF,0xFF,0xB0,0x00,0x00,0x00,0x5F,0xFF,0xFF,0xB0,0x00,
    0x00,0x00,0x5F,0xFF,0xFF,0xB0,0x00,0x00,0x00,0x5F,0xFF,0xFF,0xB0,0x00,0x00,0x00,
    0x5F,0xFF,0xFF,0xB0,0x00,0x00,0x00,0x5F,0xFF,0xFF,0xB0,0x00,0x00,0x00,0x00,0x00,
    0x37,0x99,0x85,0x10,0x15,0x55,0x55,0x30,0x00,0x00,0x03,0xCF,0xFF,0xFF,0xFE,0x73,
    0xFF,0xFF,0xF9,0x00,0x00,0x06,0xFF,0xFF,0xFF,0xFF,0xFF,0xBF,0xFF,0xFF,0x90,0x00,
    0x05,0xFF,0xFF,0xFF,0xFF,0xFF,0xFF,0xFF,0xFF,0xF9,0x00,0x02,0xEF,0xFF,0xFF,0xFF,
    0xFF,0xFF,0xFF,0xFF,0xFF,0x90,0x00,0x8F,0xFF,0xFF,0xFD,0x64,0x48,0xFF,0xFF,0xFF,
    0xF9,0x00,0x0D,0xFF,0xFF,0xFC,0x10,0x00,0x04,0xFF,0xFF,0xFF,0x90,0x01,0xFF,0xFF,
    0xFF,0x40,0x00,0x00,0x0C,0xFF,0xFF,0xF9,0x00,0x2F,0xFF,0xFF,0xF1,0x00,0x00,0x00,
    0x9F,0xFF,0xFF,0x90,0x01,0xFF,0xFF,0xFF,0x20,0x00,0x00,0x0B,0xFF,0xFF,0xF9,0x00,
    0x0E,0xFF,0xFF,0xF8,0x00,0x00,0x01,0xFF,0xFF,0xFF,0x90,0x00,0xBF,0xFF,0xFF,0xF6,
    0x00,0x02,0xBF,0xFF,0xFF,0xF9,0x00,0x05,0xFF,0xFF,0xFF,0xFE,0xCC,0xFF,0xFF,0xFF,
    0xFF,0x90,0x00,0x0A,0xFF,0xFF,0xFF,0xFF,0xFF,0xFF,0xFF,0xFF,0xF9,0x00,0x00,0x1C,
    0xFF,0xFF,0xFF,0xFF,0xFF,0xFF,0xFF,0xFF,0x90,0x00,0x00,0x19,0xFF,0xFF,0xFF,0xFF,
    0xDA,0xFF,0xFF,0xF8,0x00,0x00,0x00,0x04,0xAE,0xFF,0xFD,0x71,0x8F,0xFF,0xFF,0x70,
    0x00,0x00,0x00,0x00,0x01,0x10,0x00,0x0C,0xFF,0xFF,0xF5,0x00,0x00,0x03,0xB3,0x00,
    0x00,0x00,0x06,0xFF,0xFF,0xFF,0x10,0x00,0x00,0xBF,0xFC,0x74,0x33,0x5A,0xFF,0xFF,
    0xFF,0xB0,0x00,0x00,0x4F,0xFF,0xFF,0xFF,0xFF,0xFF,0xFF,0xFF,0xF4,0x00,0x00,0x0C,
    0xFF,0xFF,0xFF,0xFF,0xFF,0xFF,0xFF,0xF7,0x00,0x00,0x00,0x9F,0xFF,0xFF,0xFF,0xFF,
    0xFF,0xFF,0xF7,0x00,0x00,0x00,0x00,0x28,0xDF,0xFF,0xFF,0xFF,0xFE,0x92,0x00,0x00,
    0x00,0x00,0x00,0x00,0x14,0x66,0x76,0x53,0x00,0x00,0x00,0x00,0x00,0x00,0xBB,0xBB,
    0xBB,0x10,0x00,0x00,0x00,0x00,0x00,0x00,0x00,0xFF,0xFF,0xFF,0x10,0x00,0x00,0x00,
    0x00,0x00,0x00,0x00,0xFF,0xFF,0xFF,0x10,0x00,0x00,0x00,0x00,0x00,0x00,0x00,0xFF,
    0xFF,0xFF,0x10,0x00,0x00,0x00,0x00,0x00,0x00,0x00,0xFF,0xFF,0xFF,0x10,0x00,0x00,
    0x00,0x00,0x00,0x00,0x00,0xFF,0xFF,0xFF,0x10,0x00,0x00,0x00,0x00,0x00,0x00,0x00,
    0xFF,0xFF,0xFF,0x10,0x27,0x89,0x85,0x00,0x00,0x00,0x00,0xFF,0xFF,0xFF,0x3B,0xFF,
    0xFF,0xFF,0xE6,0x00,0x00,0x00,0xFF,0xFF,0xFF,0xFF,0xFF,0xFF,0xFF,0xFF,0x80,0x00,
    0x00,0xFF,0xFF,0xFF,0xFF,0xFF,0xFF,0xFF,0xFF,0xF5,0x00,0x00,0xFF,0xFF,0xFF,0xFF,
    0xFF,0xFF,0xFF,0xFF,0xFB,0x00,0x00,0xFF,0xFF,0xFF,0xFF,0xA9,0xBF,0xFF,0xFF,0xFF,
    0x20,0x00,0xFF,0xFF,0xFF,0xE2,0x00,0x06,0xFF,0xFF,0xFF,0x40,0x00,0xFF,0xFF,0xFF,
    0x60,0x00,0x00,0xDF,0xFF,0xFF,0x50,0x00,0xFF,0xFF,0xFF,0x20,0x00,0x00,0xBF,0xFF,
    0xFF,0x60,0x00,0xFF,0xFF,0xFF,0x10,0x00,0x00,0xAF,0xFF,0xFF,0x60,0x00,0xFF,0xFF,
    0xFF,0x10,0x00,0x00,0xAF,0xFF,0xFF,0x60,0x00,0xFF,0xFF,0xFF,0x10,0x00,0x00,0xAF,
    0xFF,0xFF,0x60,0x00,0xFF,0xFF,0xFF,0x10,0x00,0x00,0xAF,0xFF,0xFF,0x60,0x00,0xFF,
    0xFF,0xFF,0x10,0x00,0x00,0xAF,0xFF,0xFF,0x60,0x00,0xFF,0xFF,0xFF,0x10,0x00,0x00,
    0xAF,0xFF,0xFF,0x60,0x00,0xFF,0xFF,0xFF,0x10,0x00,0x00,0xAF,0xFF,0xFF,0x60,0x00,
    0xFF,0xFF,0xFF,0x10,0x00,0x00,0xAF,0xFF,0xFF,0x60,0x00,0xFF,0xFF,0xFF,0x10,0x00,
    0x00,0xAF,0xFF,0xFF,0x60,0x00,0x28,0xA9,0x40,0x00,0x05,0xFF,0xFF,0xF9,0x00,0x0E,
    0xFF,0xFF,0xFF,0x20,0x1F,0xFF,0xFF,0xFF,0x40,0x0E,0xFF,0xFF,0xFF,0x20,0x05,0xFF,
    0xFF,0xF8,0x00,0x00,0x38,0xA9,0x40,0x00,0x00,0x00,0x00,0x00,0x00,0x00,0x55,0x55,
    0x55,0x00,0x00,0xFF,0xFF,0xFF,0x10,0x00,0xFF,0xFF,0xFF,0x10,0x00,0xFF,0xFF,0xFF,
    0x10,0x00,0xFF,0xFF,0xFF,0x10,0x00,0xFF,0xFF,0xFF,0x10,0x00,0xFF,0xFF,0xFF,0x10,
    0x00,0xFF,0xFF,0xFF,0x10,0x00,0xFF,0xFF,0xFF,0x10,0x00,0xFF,0xFF,0xFF,0x10,0x00,
    0xFF,0xFF,0xFF,0x10,0x00,0xFF,0xFF,0xFF,0x10,0x00,0xFF,0xFF,0xFF,0x10,0x00,0xFF,
    0xFF,0xFF,0x10,0x00,0xFF,0xFF,0xFF,0x10,0x00,0xFF,0xFF,0xFF,0x10,0x00,0xFF,0xFF,
    0xFF,0x10,0x00,0xFF,0xFF,0xFF,0x10,0x00,0x00,0x00,0x28,0xA9,0x40,0x00,0x00,0x00,
    0x5F,0xFF,0xFF,0x90,0x00,0x00,0x0E,0xFF,0xFF,0xFF,0x20,0x00,0x01,0xFF,0xFF,0xFF,
    0xF4,0x00,0x00,0x0E,0xFF,0xFF,0xFF,0x20,0x00,0x00,0x5F,0xFF,0xFF,0x80,0x00,0x00,
    0x00,0x38,0xA9,0x40,0x00,0x00,0x00,0x00,0x00,0x00,0x00,0x00,0x00,0x04,0x55,0x55,
    0x51,0x00,0x00,0x00,0xCF,0xFF,0xFF,0x40,0x00,0x00,0x0C,0xFF,0xFF,0xF4,0x00,0x00,
    0x00,0xCF,0xFF,0xFF,0x40,0x00,0x00,0x0C,0xFF,0xFF,0xF4,0x00,0x00,0x00,0xCF,0xFF,
    0xFF,0x40,0x00,0x00,0x0C,0xFF,0xFF,0xF4,0x00,0x00,0x00,0xCF,0xFF,0xFF,0x40,0x00,
    0x00,0x0C,0xFF,0xFF,0xF4,0x00,0x00,0x00,0xCF,0xFF,0xFF,0x40,0x00,0x00,0x0C,0xFF,
    0xFF,0xF4,0x00,0x00,0x00,0xCF,0xFF,0xFF,0x40,0x00,0x00,0x0C,0xFF,0xFF,0xF4,0x00,
    0x00,0x00,0xCF,0xFF,0xFF,0x40,0x00,0x00,0x0C,0xFF,0xFF,0xF4,0x00,0x00,0x00,0xCF,
    0xFF,0xFF,0x40,0x00,0x00,0x0C,0xFF,0xFF,0xF4,0x00,0x00,0x00,0xCF,0xFF,0xFF,0x40,
    0x00,0x00,0x0E,0xFF,0xFF,0xF3,0x00,0x65,0x4A,0xFF,0xFF,0xFF,0x10,0x0D,0xFF,0xFF,
    0xFF,0xFF,0xB0,0x04,0xFF,0xFF,0xFF,0xFF,0xF4,0x00,0x9F,0xFF,0xFF,0xFF,0xF7,0x00,
    0x0B,0xFF,0xFF,0xFF,0xD5,0x00,0x00,0x02,0x56,0x76,0x30,0x00,0x00,0x00,0x00,0xBB,
    0xBB,0xBB,0x10,0x00,0x00,0x00,0x00,0x00,0x00,0x00,0x0F,0xFF,0xFF,0xF1,0x00,0x00,
    0x00,0x00,0x00,0x00,0x00,0x00,0xFF,0xFF,0xFF,0x10,0x00,0x00,0x00,0x00,0x00,0x00,
    0x00,0x0F,0xFF,0xFF,0xF1,0x00,0x00,0x00,0x00,0x00,0x00,0x00,0x00,0xFF,0xFF,0xFF,
    0x10,0x00,0x00,0x00,0x00,0x00,0x00,0x00,0x0F,0xFF,0xFF,0xF1,0x00,0x00,0x00,0x00,
    0x00,0x00,0x00,0x00,0xFF,0xFF,0xFF,0x10,0x00,0x00,0x55,0x55,0x55,0x51,0x00,0x0F,
    0xFF,0xFF,0xF1,0x00,0x00,0xAF,0xFF,0xFF,0xF9,0x00,0x00,0xFF,0xFF,0xFF,0x10,0x00,
    0xAF,0xFF,0xFF,0xFA,0x00,0x00,0x0F,0xFF,0xFF,0xF1,0x00,0xAF,0xFF,0xFF,0xFA,0x00,
    0x00,0x00,0xFF,0xFF,0xFF,0x10,0xBF,0xFF,0xFF,0xFA,0x00,0x00,0x00,0x0F,0xFF,0xFF,
    0xF1,0xBF,0xFF,0xFF,0xFB,0x00,0x00,0x00,0x00,0xFF,0xFF,0xFF,0xCF,0xFF,0xFF,0xFB,
    0x00,0x00,0x00,0x00,0x0F,0xFF,0xFF,0xFF,0xFF,0xFF,0xFC,0x10,0x00,0x00,0x00,0x00,
    0xFF,0xFF,0xFF,0xFF,0xFF,0xFF,0x90,0x00,0x00,0x00,0x00,0x0F,0xFF,0xFF,0xFF,0xFF,
    0xFF,0xFF,0x50,0x00,0x00,0x00,0x00,0xFF,0xFF,0xFF,0xFF,0xFF,0xFF,0xFE,0x30,0x00,
    0x00,0x00,0x0F,0xFF,0xFF,0xFF,0xFF,0xFF,0xFF,0xFD,0x10,0x00,0x00,0x00,0xFF,0xFF,
    0xFF,0xF5,0xAF,0xFF,0xFF,0xFB,0x00,0x00,0x00,0x0F,0xFF,0xFF,0xF5,0x01,0xDF,0xFF,
    0xFF,0xF8,0x00,0x00,0x00,0xFF,0xFF,0xFF,0x10,0x02,0xEF,0xFF,0xFF,0xF5,0x00,0x00,
    0x0F,0xFF,0xFF,0xF1,0x00,0x05,0xFF,0xFF,0xFF,0xE2,0x00,0x00,0xFF,0xFF,0xFF,0x10,
    0x00,0x07,0xFF,0xFF,0xFF,0xC1,0x00,0x0F,0xFF,0xFF,0xF1,0x00,0x00,0x0A,0xFF,0xFF,
    0xFF,0xA0,0x00,0xBB,0xBB,0xBB,0x10,0x00,0xFF,0xFF,0xFF,0x10,0x00,0xFF,0xFF,0xFF,
    0x10,0x00,0xFF,0xFF,0xFF,0x10,0x00,0xFF,0xFF,0xFF,0x10,0x00,0xFF,0xFF,0xFF,0x10,
    0x00,0xFF,0xFF,0xFF,0x10,0x00,0xFF,0xFF,0xFF,0x10,0x00,0xFF,0xFF,0xFF,0x10,0x00,
    0xFF,0xFF,0xFF,0x10,0x00,0xFF,0xFF,0xFF,0x10,0x00,0xFF,0xFF,0xFF,0x10,0x00,0xFF,
    0xFF,0xFF,0x10,0x00,0xFF,0xFF,0xFF,0x10,0x00,0xFF,0xFF,0xFF,0x10,0x00,0xFF,0xFF,
    0xFF,0x10,0x00,0xFF,0xFF,0xFF,0x10,0x00,0xFF,0xFF,0xFF,0x10,0x00,0xFF,0xFF,0xFF,
    0x10,0x00,0xFF,0xFF,0xFF,0x10,0x00,0xFF,0xFF,0xFF,0x10,0x00,0xFF,0xFF,0xFF,0x10,
    0x00,0xFF,0xFF,0xFF,0x10,0x00,0xFF,0xFF,0xFF,0x10,0x00,0x55,0x55,0x54,0x00,0x37,
    0x99,0x73,0x00,0x00,0x01,0x68,0x98,0x61,0x00,0x00,0x00,0x0F,0xFF,0xFF,0xB3,0xCF,
    0xFF,0xFF,0xFB,0x20,0x09,0xFF,0xFF,0xFF,0xF9,0x00,0x00,0x00,0xFF,0xFF,0xFF,0xEF,
    0xFF,0xFF,0xFF,0xFE,0x3B,0xFF,0xFF,0xFF,0xFF,0xFB,0x00,0x00,0x0F,0xFF,0xFF,0xFF,
    0xFF,0xFF,0xFF,0xFF,0xFF,0xFF,0xFF,0xFF,0xFF,0xFF,0xF7,0x00,0x00,0xFF,0xFF,0xFF,
    0xFF,0xFF,0xFF,0xFF,0xFF,0xFF,0xFF,0xFF,0xFF,0xFF,0xFF,0xE0,0x00,0x0F,0xFF,0xFF,
    0xFF,0xE9,0x9E,0xFF,0xFF,0xFF,0xFF,0xD9,0xAF,0xFF,0xFF,0xFF,0x40,0x00,0xFF,0xFF,
    0xFF,0xD1,0x00,0x1D,0xFF,0xFF,0xFF,0xA0,0x00,0x3F,0xFF,0xFF,0xF6,0x00,0x0F,0xFF,
    0xFF,0xF5,0x00,0x00,0x7F,0xFF,0xFF,0xF2,0x00,0x00,0xBF,0xFF,0xFF,0x80,0x00,0xFF,
    0xFF,0xFF,0x20,0x00,0x05,0xFF,0xFF,0xFD,0x00,0x00,0x09,0xFF,0xFF,0xF8,0x00,0x0F,
    0xFF,0xFF,0xF1,0x00,0x00,0x4F,0xFF,0xFF,0xC0,0x00,0x00,0x8F,0xFF,0xFF,0x80,0x00,
    0xFF,0xFF,0xFF,0x10,0x00,0x04,0xFF,0xFF,0xFC,0x00,0x00,0x08,0xFF,0xFF,0xF8,0x00,
    0x0F,0xFF,0xFF,0xF1,0x00,0x00,0x4F,0xFF,0xFF,0xC0,0x00,0x00,0x8F,0xFF,0xFF,0x80,
    0x00,0xFF,0xFF,0xFF,0x10,0x00,0x04,0xFF,0xFF,0xFC,0x00,0x00,0x08,0xFF,0xFF,0xF8,
    0x00,0x0F,0xFF,0xFF,0xF1,0x00,0x00,0x4F,0xFF,0xFF,0xC0,0x00,0x00,0x8F,0xFF,0xFF,
    0x80,0x00,0xFF,0xFF,0xFF,0x10,0x00,0x04,0xFF,0xFF,0xFC,0x00,0x00,0x08,0xFF,0xFF,
    0xF8,0x00,0x0F,0xFF,0xFF,0xF1,0x00,0x00,0x4F,0xFF,0xFF,0xC0,0x00,0x00,0x8F,0xFF,
    0xFF,0x80,0x00,0xFF,0xFF,0xFF,0x10,0x00,0x04,0xFF,0xFF,0xFC,0x00,0x00,0x08,0xFF,
    0xFF,0xF8,0x00,0x0F,0xFF,0xFF,0xF1,0x00,0x00,0x4F,0xFF,0xFF,0xC0,0x00,0x00,0x8F,
    0xFF,0xFF,0x80,0x00,0x55,0x55,0x54,0x00,0x27,0x89,0x85,0x00,0x00,0x00,0x00,0xFF,
    0xFF,0xFB,0x2B,0xFF,0xFF,0xFF,0xE6,0x00,0x00,0x00,0xFF,0xFF,0xFE,0xEF,0xFF,0xFF,
    0xFF,0xFF,0x80,0x00,0x00,0xFF,0xFF,0xFF,0xFF,0xFF,0xFF,0xFF,0xFF,0xF5,0x00,0x00,
    0xFF,0xFF,0xFF,0xFF,0xFF,0xFF,0xFF,0xFF,0xFB,0x00,0x00,0xFF,0xFF,0xFF,0xFF,0xA9,
    0xBF,0xFF,0xFF,0xFF,0x20,0x00,0xFF,0xFF,0xFF,0xE2,0x00,0x06,0xFF,0xFF,0xFF,0x40,
    0x00,0xFF,0xFF,0xFF,0x60,0x00,0x00,0xDF,0xFF,0xFF,0x50,0x00,0xFF,0xFF,0xFF,0x20,
    0x00,0x00,0xBF,0xFF,0xFF,0x60,0x00,0xFF,0xFF,0xFF,0x10,0x00,0x00,0xAF,0xFF,0xFF,
    0x60,0x00,0xFF,0xFF,0xFF,0x10,0x00,0x00,0xAF,0xFF,0xFF,0x60,0x00,0xFF,0xFF,0xFF,
    0x10,0x00,0x00,0xAF,0xFF,0xFF,0x60,0x00,0xFF,0xFF,0xFF,0x10,0x00,0x00,0xAF,0xFF,
    0xFF,0x60,0x00,0xFF,0xFF,0xFF,0x10,0x00,0x00,0xAF,0xFF,0xFF,0x60,0x00,0xFF,0xFF,
    0xFF,0x10,0x00,0x00,0xAF,0xFF,0xFF,0x60,0x00,0xFF,0xFF,0xFF,0x10,0x00,0x00,0xAF,
    0xFF,0xFF,0x60,0x00,0xFF,0xFF,0xFF,0x10,0x00,0x00,0xAF,0xFF,0xFF,0x60,0x00,0xFF,
    0xFF,0xFF,0x10,0x00,0x00,0xAF,0xFF,0xFF,0x60,0x00,0x00,0x00,0x03,0x79,0x99,0x75,
    0x10,0x00,0x00,0x00,0x00,0x00,0x6D,0xFF,0xFF,0xFF,0xFE,0x91,0x00,0x00,0x00,0x02,
    0xBF,0xFF,0xFF,0xFF,0xFF,0xFF,0xD4,0x00,0x00,0x01,0xDF,0xFF,0xFF,0xFF,0xFF,0xFF,
    0xFF,0xF4,0x00,0x00,0xBF,0xFF,0xFF,0xFF,0xFF,0xFF,0xFF,0xFF,0xE2,0x00,0x5F,0xFF,
    0xFF,0xFD,0x64,0x5B,0xFF,0xFF,0xFF,0x90,0x0B,0xFF,0xFF,0xFD,0x10,0x00,0x09,0xFF,
    0xFF,0xFF,0x10,0xEF,0xFF,0xFF,0x50,0x00,0x00,0x1F,0xFF,0xFF,0xF4,0x1F,0xFF,0xFF,
    0xF1,0x00,0x00,0x00,0xCF,0xFF,0xFF,0x62,0xFF,0xFF,0xFF,0x10,0x00,0x00,0x0B,0xFF,
    0xFF,0xF7,0x1F,0xFF,0xFF,0xF2,0x00,0x00,0x00,0xDF,0xFF,0xFF,0x60,0xDF,0xFF,0xFF,
    0x80,0x00,0x00,0x3F,0xFF,0xFF,0xF3,0x09,0xFF,0xFF,0xFF,0x40,0x00,0x2D,0xFF,0xFF,
    0xFD,0x00,0x2F,0xFF,0xFF,0xFF,0xC9,0xAE,0xFF,0xFF,0xFF,0x70,0x00,0x6F,0xFF,0xFF,
    0xFF,0xFF,0xFF,0xFF,0xFF,0xB0,0x00,0x00,0x9F,0xFF,0xFF,0xFF,0xFF,0xFF,0xFF,0xD1,
    0x00,0x00,0x00,0x5E,0xFF,0xFF,0xFF,0xFF,0xFF,0x91,0x00,0x00,0x00,0x00,0x18,0xDF,
    0xFF,0xFF,0xEA,0x30,0x00,0x00,0x00,0x00,0x00,0x00,0x13,0x44,0x20,0x00,0x00,0x00,
    0x00,0x00,0x55,0x55,0x54,0x00,0x47,0x99,0x73,0x00,0x00,0x00,0x00,0xFF,0xFF,0xFB,
    0x5D,0xFF,0xFF,0xFF,0xD4,0x00,0x00,0x00,0xFF,0xFF,0xFF,0xFF,0xFF,0xFF,0xFF,0xFF,
    0x80,0x00,0x00,0xFF,0xFF,0xFF,0xFF,0xFF,0xFF,0xFF,0xFF,0xF6,0x00,0x00,0xFF,0xFF,
    0xFF,0xFF,0xFF,0xFF,0xFF,0xFF,0xFF,0x30,0x00,0xFF,0xFF,0xFF,0xFD,0x64,0x5C,0xFF,
    0xFF,0xFF,0xA0,0x00,0xFF,0xFF,0xFF,0xC1,0x00,0x00,0xAF,0xFF,0xFF,0xE1,0x00,0xFF,
    0xFF,0xFF,0x40,0x00,0x00,0x2F,0xFF,0xFF,0xF3,0x00,0xFF,0xFF,0xFF,0x00,0x00,0x00,
    0x0D,0xFF,0xFF,0xF5,0x00,0xFF,0xFF,0xFF,0x00,0x00,0x00,0x0C,0xFF,0xFF,0xF5,0x00,
    0xFF,0xFF,0xFF,0x10,0x00,0x00,0x0E,0xFF,0xFF,0xF5,0x00,0xFF,0xFF,0xFF,0x60,0x00,
    0x00,0x4F,0xFF,0xFF,0xF2,0x00,0xFF,0xFF,0xFF,0xE4,0x00,0x02,0xDF,0xFF,0xFF,0xD0,
    0x00,0xFF,0xFF,0xFF,0xFF,0xB9,0xBF,0xFF,0xFF,0xFF,0x80,0x00,0xFF,0xFF,0xFF,0xFF,
    0xFF,0xFF,0xFF,0xFF,0xFD,0x10,0x00,0xFF,0xFF,0xFF,0xFF,0xFF,0xFF,0xFF,0xFF,0xF3,
    0x00,0x00,0xFF,0xFF,0xFF,0xCF,0xFF,0xFF,0xFF,0xFD,0x30,0x00,0x00,0xFF,0xFF,0xFF,
    0x17,0xDF,0xFF,0xFD,0x81,0x00,0x00,0x00,0xFF,0xFF,0xFF,0x10,0x02,0x44,0x20,0x00,
    0x00,0x00,0x00,0xFF,0xFF,0xFF,0x10,0x00,0x00,0x00,0x00,0x00,0x00,0x00,0xFF,0xFF,
    0xFF,0x10,0x00,0x00,0x00,0x00,0x00,0x00,0x00,0xFF,0xFF,0xFF,0x10,0x00,0x00,0x00,
    0x00,0x00,0x00,0x00,0xFF,0xFF,0xFF,0x10,0x00,0x00,0x00,0x00,0x00,0x00,0x00,0xFF,
    0xFF,0xFF,0x10,0x00,0x00,0x00,0x00,0x00,0x00,0x00,0x33,0x33,0x33,0x00,0x00,0x00,
    0x00,0x00,0x00,0x00,0x00,0x00,0x00,0x26,0x99,0x85,0x10,0x35,0x55,0x55,0x10,0x00,
    0x00,0x2B,0xFF,0xFF,0xFF,0xE7,0x8F,0xFF,0xFF,0x40,0x00,0x05,0xEF,0xFF,0xFF,0xFF,
    0xFF,0xFF,0xFF,0xFF,0x40,0x00,0x3F,0xFF,0xFF,0xFF,0xFF,0xFF,0xFF,0xFF,0xFF,0x40,
    0x01,0xDF,0xFF,0xFF,0xFF,0xFF,0xFF,0xFF,0xFF,0xFF,0x40,0x06,0xFF,0xFF,0xFF,0xD6,
    0x45,0xBF,0xFF,0xFF,0xFF,0x40,0x0C,0xFF,0xFF,0xFD,0x10,0x00,0x09,0xFF,0xFF,0xFF,
    0x40,0x0F,0xFF,0xFF,0xF5,0x00,0x00,0x01,0xFF,0xFF,0xFF,0x40,0x1F,0xFF,0xFF,0xF1,
    0x00,0x00,0x00,0xFF,0xFF,0xFF,0x40,0x2F,0xFF,0xFF,0xF1,0x00,0x00,0x00,0xFF,0xFF,
    0xFF,0x40,0x1F,0xFF,0xFF,0xF2,0x00,0x00,0x00,0xFF,0xFF,0xFF,0x40,0x0E,0xFF,0xFF,
    0xF8,0x00,0x00,0x03,0xFF,0xFF,0xFF,0x40,0x0A,0xFF,0xFF,0xFF,0x40,0x00,0x2D,0xFF,
    0xFF,0xFF,0x40,0x04,0xFF,0xFF,0xFF,0xFC,0x9A,0xEF,0xFF,0xFF,0xFF,0x40,0x00,0xBF,
    0xFF,0xFF,0xFF,0xFF,0xFF,0xFF,0xFF,0xFF,0x40,0x00,0x1D,0xFF,0xFF,0xFF,0xFF,0xFF,
    0xFF,0xFF,0xFF,0x40,0x00,0x01,0xBF,0xFF,0xFF,0xFF,0xFD,0xFF,0xFF,0xFF,0x40,0x00,
    0x00,0x06,0xCF,0xFF,0xFE,0x92,0xCF,0xFF,0xFF,0x40,0x00,0x00,0x00,0x01,0x34,0x20,
    0x00,0xCF,0xFF,0xFF,0x40,0x00,0x00,0x00,0x00,0x00,0x00,0x00,0xCF,0xFF,0xFF,0x40,
    0x00,0x00,0x00,0x00,0x00,0x00,0x00,0xCF,0xFF,0xFF,0x40,0x00,0x00,0x00,0x00,0x00,
    0x00,0x00,0xCF,0xFF,0xFF,0x40,0x00,0x00,0x00,0x00,0x00,0x00,0x00,0xCF,0xFF,0xFF,
    0x40,0x00,0x00,0x00,0x00,0x00,0x00,0x00,0xCF,0xFF,0xFF,0x40,0x00,0x00,0x00,0x00,
    0x00,0x00,0x00,0x23,0x33,0x33,0x10,0x00,0x55,0x55,0x54,0x00,0x26,0x85,0x00,0xFF,
    0xFF,0xFB,0x1A,0xFF,0xF8,0x00,0xFF,0xFF,0xFD,0xDF,0xFF,0xF8,0x00,0xFF,0xFF,0xFF,
    0xFF,0xFF,0xF8,0x00,0xFF,0xFF,0xFF,0xFF,0xFF,0xF8,0x00,0xFF,0xFF,0xFF,0xFF,0xFC,
    0xB7,0x00,0xFF,0xFF,0xFF,0xF8,0x10,0x00,0x00,0xFF,0xFF,0xFF,0x90,0x00,0x00,0x00,
    0xFF,0xFF,0xFF,0x30,0x00,0x00,0x00,0xFF,0xFF,0xFF,0x10,0x00,0x00,0x00,0xFF,0xFF,
    0xFF,0x10,0x00,0x00,0x00,0xFF,0xFF,0xFF,0x10,0x00,0x00,0x00,0xFF,0xFF,0xFF,0x10,
    0x00,0x00,0x00,0xFF,0xFF,0xFF,0x10,0x00,0x00,0x00,0xFF,0xFF,0xFF,0x10,0x00,0x00,
    0x00,0xFF,0xFF,0xFF,0x10,0x00,0x00,0x00,0xFF,0xFF,0xFF,0x10,0x00,0x00,0x00,0xFF,
    0xFF,0xFF,0x10,0x00,0x00,0x00,0x00,0x01,0x57,0x99,0x98,0x52,0x00,0x00,0x00,0x03,
    0xBF,0xFF,0xFF,0xFF,0xFF,0xD7,0x10,0x00,0x6F,0xFF,0xFF,0xFF,0xFF,0xFF,0xFE,0x00,
    0x04,0xFF,0xFF,0xFF,0xFF,0xFF,0xFF,0xF7,0x00,0x0C,0xFF,0xFF,0xFE,0xCB,0xCE,0xFF,
    0xF1,0x00,0x0F,0xFF,0xFF,0xC1,0x00,0x00,0x38,0x90,0x00,0x1F,0xFF,0xFF,0xD3,0x00,
    0x00,0x00,0x00,0x00,0x0E,0xFF,0xFF,0xFF,0xEC,0x96,0x30,0x00,0x00,0x08,0xFF,0xFF,
    0xFF,0xFF,0xFF,0xFD,0x70,0x00,0x00,0xBF,0xFF,0xFF,0xFF,0xFF,0xFF,0xFB,0x00,0x00,
    0x05,0xBF,0xFF,0xFF,0xFF,0xFF,0xFF,0x60,0x00,0x00,0x01,0x36,0x8A,0xEF,0xFF,0xFF,
    0xB0,0x00,0x62,0x00,0x00,0x00,0x1E,0xFF,0xFF,0xC0,0x02,0xFF,0xB7,0x32,0x12,0x6F,
    0xFF,0xFF,0xA0,0x08,0xFF,0xFF,0xFF,0xFF,0xFF,0xFF,0xFF,0x60,0x1E,0xFF,0xFF,0xFF,
    0xFF,0xFF,0xFF,0xFB,0x00,0x3E,0xFF,0xFF,0xFF,0xFF,0xFF,0xFF,0xA1,0x00,0x00,0x5A,
    0xDF,0xFF,0xFF,0xFE,0xA4,0x00,0x00,0x00,0x00,0x01,0x34,0x43,0x20,0x00,0x00,0x00,
    0x00,0x14,0x44,0x44,0x30,0x00,0x00,0x00,0x5F,0xFF,0xFF,0xB0,0x00,0x00,0x00,0x5F,
    0xFF,0xFF,0xB0,0x00,0x00,0x00,0x5F,0xFF,0xFF,0xB0,0x00,0x00,0x55,0xAF,0xFF,0xFF,
    0xF5,0x55,0x40,0xDF,0xFF,0xFF,0xFF,0xFF,0xFF,0xA0,0xDF,0xFF,0xFF,0xFF,0xFF,0xFF,
    0xA0,0xDF,0xFF,0xFF,0xFF,0xFF,0xFF,0xA0,0xDF,0xFF,0xFF,0xFF,0xFF,0xFF,0xA0,0x23,
    0x8F,0xFF,0xFF,0xE3,0x33,0x20,0x00,0x5F,0xFF,0xFF,0xB0,0x00,0x00,0x00,0x5F,0xFF,
    0xFF,0xB0,0x00,0x00,0x00,0x5F,0xFF,0xFF,0xB0,0x00,0x00,0x00,0x5F,0xFF,0xFF,0xB0,
    0x00,0x00,0x00,0x5F,0xFF,0xFF,0xB0,0x00,0x00,0x00,0x5F,0xFF,0xFF,0xB0,0x00,0x00,
    0x00,0x4F,0xFF,0xFF,0xE1,0x00,0x00,0x00,0x2F,0xFF,0xFF,0xFB,0x79,0x80,0x00,0x0D,
    0xFF,0xFF,0xFF,0xFF,0xE0,0x00,0x06,0xFF,0xFF,0xFF,0xFF,0xF4,0x00,0x00,0x9F,0xFF,
    0xFF,0xFF,0xFA,0x00,0x00,0x05,0xCF,0xFF,0xFF,0xD7,0x00,0x00,0x00,0x01,0x34,0x32,
    0x00,0x01,0x55,0x55,0x55,0x00,0x00,0x00,0x55,0x55,0x55,0x10,0x02,0xFF,0xFF,0xFE,
    0x00,0x00,0x00,0xEF,0xFF,0xFF,0x30,0x02,0xFF,0xFF,0xFE,0x00,0x00,0x00,0xEF,0xFF,
    0xFF,0x30,0x02,0xFF,0xFF,0xFE,0x00,0x00,0x00,0xEF,0xFF,0xFF,0x30,0x02,0xFF,0xFF,
    0xFE,0x00,0x00,0x00,0xEF,0xFF,0xFF,0x30,0x02,0xFF,0xFF,0xFE,0x00,0x00,0x00,0xEF,
    0xFF,0xFF,0x30,0x02,0xFF,0xFF,0xFE,0x00,0x00,0x00,0xEF,0xFF,0xFF,0x30,0x02,0xFF,
    0xFF,0xFE,0x00,0x00,0x00,0xEF,0xFF,0xFF,0x30,0x02,0xFF,0xFF,0xFE,0x00,0x00,0x00,
    0xEF,0xFF,0xFF,0x30,0x02,0xFF,0xFF,0xFE,0x00,0x00,0x00,0xEF,0xFF,0xFF,0x30,0x02,
    0xFF,0xFF,0xFF,0x10,0x00,0x01,0xFF,0xFF,0xFF,0x30,0x00,0xFF,0xFF,0xFF,0x50,0x00,
    0x07,0xFF,0xFF,0xFF,0x30,0x00,0xEF,0xFF,0xFF,0xD4,0x00,0x5E,0xFF,0xFF,0xFF,0x30,
    0x00,0xAF,0xFF,0xFF,0xFF,0xEE,0xFF,0xFF,0xFF,0xFF,0x30,0x00,0x4F,0xFF,0xFF,0xFF,
    0xFF,0xFF,0xFF,0xFF,0xFF,0x30,0x00,0x0A,0xFF,0xFF,0xFF,0xFF,0xFF,0xFF,0xFF,0xFF,
    0x30,0x00,0x01,0xBF,0xFF,0xFF,0xFF,0xFD,0xBF,0xFF,0xFF,0x30,0x00,0x00,0x06,0xCF,
    0xFF,0xFD,0x81,0x9F,0xFF,0xFF,0x30,0x00,0x00,0x00,0x01,0x34,0x20,0x00,0x00,0x00,
    0x00,0x00,0x25,0x55,0x55,0x50,0x00,0x00,0x00,0x04,0x55,0x55,0x51,0x1E,0xFF,0xFF,
    0xF3,0x00,0x00,0x00,0x0E,0xFF,0xFF,0xD0,0x09,0xFF,0xFF,0xF9,0x00,0x00,0x00,0x5F,
    0xFF,0xFF,0x70,0x03,0xFF,0xFF,0xFE,0x10,0x00,0x00,0xBF,0xFF,0xFF,0x10,0x00,0xCF,
    0xFF,0xFF,0x60,0x00,0x03,0xFF,0xFF,0xF9,0x00,0x00,0x5F,0xFF,0xFF,0xC0,0x00,0x09,
    0xFF,0xFF,0xF3,0x00,0x00,0x0E,0xFF,0xFF,0xF3,0x00,0x1E,0xFF,0xFF,0xC0,0x00,0x00,
    0x08,0xFF,0xFF,0xF9,0x00,0x6F,0xFF,0xFF,0x60,0x00,0x00,0x02,0xFF,0xFF,0xFE,0x00,
    0xCF,0xFF,0xFE,0x10,0x00,0x00,0x00,0xBF,0xFF,0xFF,0x53,0xFF,0xFF,0xF8,0x00,0x00,
    0x00,0x00,0x5F,0xFF,0xFF,0xBA,0xFF,0xFF,0xF2,0x00,0x00,0x00,0x00,0x0D,0xFF,0xFF,
    0xFF,0xFF,0xFF,0xB0,0x00,0x00,0x00,0x00,0x07,0xFF,0xFF,0xFF,0xFF,0xFF,0x50,0x00,
    0x00,0x00,0x00,0x01,0xFF,0xFF,0xFF,0xFF,0xFE,0x00,0x00,0x00,0x00,0x00,0x00,0xAF,
    0xFF,0xFF,0xFF,0xF8,0x00,0x00,0x00,0x00,0x00,0x00,0x4F,0xFF,0xFF,0xFF,0xF2,0x00,
    0x00,0x00,0x00,0x00,0x00,0x0D,0xFF,0xFF,0xFF,0xA0,0x00,0x00,0x00,0x00,0x00,0x00,
    0x06,0xFF,0xFF,0xFF,0x40,0x00,0x00,0x00,0x05,0x55,0x55,0x40,0x00,0x00,0x01,0x55,
    0x55,0x51,0x00,0x00,0x00,0x45,0x55,0x53,0x0C,0xFF,0xFF,0xE0,0x00,0x00,0x06,0xFF,
    0xFF,0xF5,0x00,0x00,0x00,0xEF,0xFF,0xF6,0x06,0xFF,0xFF,0xF4,0x00,0x00,0x0B,0xFF,
    0xFF,0xFA,0x00,0x00,0x05,0xFF,0xFF,0xF1,0x01,0xFF,0xFF,0xFA,0x00,0x00,0x2F,0xFF,
    0xFF,0xFF,0x10,0x00,0x0A,0xFF,0xFF,0xA0,0x00,0xBF,0xFF,0xFE,0x00,0x00,0x7F,0xFF,
    0xFF,0xFF,0x60,0x00,0x1E,0xFF,0xFF,0x50,0x00,0x5F,0xFF,0xFF,0x50,0x00,0xCF,0xFF,
    0xFF,0xFF,0xB0,0x00,0x5F,0xFF,0xFE,0x00,0x00,0x1E,0xFF,0xFF,0xA0,0x02,0xFF,0xFF,
    0xFF,0xFF,0xF1,0x00,0xAF,0xFF,0xF9,0x00,0x00,0x0A,0xFF,0xFF,0xE0,0x08,0xFF,0xFF,
    0xFF,0xFF,0xF6,0x01,0xFF,0xFF,0xF4,0x00,0x00,0x05,0xFF,0xFF,0xF5,0x0D,0xFF,0xFF,
    0xFF,0xFF,0xFB,0x06,0xFF,0xFF,0xD0,0x00,0x00,0x00,0xEF,0xFF,0xFA,0x3F,0xFF,0xFE,
    0x5F,0xFF,0xFF,0x1B,0xFF,0xFF,0x80,0x00,0x00,0x00,0x9F,0xFF,0xFE,0x9F,0xFF,0xFA,
    0x0E,0xFF,0xFF,0x8F,0xFF,0xFF,0x30,0x00,0x00,0x00,0x4F,0xFF,0xFF,0xFF,0xFF,0xF4,
    0x09,0xFF,0xFF,0xFF,0xFF,0xFC,0x00,0x00,0x00,0x00,0x0D,0xFF,0xFF,0xFF,0xFF,0xE0,
    0x04,0xFF,0xFF,0xFF,0xFF,0xF7,0x00,0x00,0x00,0x00,0x08,0xFF,0xFF,0xFF,0xFF,0x90,
    0x00,0xEF,0xFF,0xFF,0xFF,0xF2,0x00,0x00,0x00,0x00,0x03,0xFF,0xFF,0xFF,0xFF,0x30,
    0x00,0x9F,0xFF,0xFF,0xFF,0xB0,0x00,0x00,0x00,0x00,0x00,0xCF,0xFF,0xFF,0xFD,0x00,
    0x00,0x4F,0xFF,0xFF,0xFF,0x60,0x00,0x00,0x00,0x00,0x00,0x7F,0xFF,0xFF,0xF8,0x00,
    0x00,0x0D,0xFF,0xFF,0xFF,0x10,0x00,0x00,0x00,0x00,0x00,0x2F,0xFF,0xFF,0xF2,0x00,
    0x00,0x08,0xFF,0xFF,0xFA,0x00,0x00,0x00,0x04,0x55,0x55,0x55,0x10,0x00,0x00,0x55,
    0x55,0x55,0x30,0x4F,0xFF,0xFF,0xF9,0x00,0x00,0x5F,0xFF,0xFF,0xE2,0x00,0x7F,0xFF,
    0xFF,0xF4,0x00,0x2E,0xFF,0xFF,0xF4,0x00,0x00,0xBF,0xFF,0xFF,0xE1,0x0C,0xFF,0xFF,
    0xF8,0x00,0x00,0x01,0xEF,0xFF,0xFF,0xA8,0xFF,0xFF,0xFB,0x00,0x00,0x00,0x04,0xFF,
    0xFF,0xFF,0xFF,0xFF,0xFE,0x10,0x00,0x00,0x00,0x08,0xFF,0xFF,0xFF,0xFF,0xFF,0x40,
    0x00,0x00,0x00,0x00,0x0C,0xFF,0xFF,0xFF,0xFF,0x70,0x00,0x00,0x00,0x00,0x00,0x2F,
    0xFF,0xFF,0xFF,0xB0,0x00,0x00,0x00,0x00,0x00,0x00,0xEF,0xFF,0xFF,0xFA,0x00,0x00,
    0x00,0x00,0x00,0x00,0x5F,0xFF,0xFF,0xFF,0xF5,0x00,0x00,0x00,0x00,0x00,0x2E,0xFF,
    0xFF,0xFF,0xFF,0xE2,0x00,0x00,0x00,0x00,0x1D,0xFF,0xFF,0xFF,0xFF,0xFF,0xC0,0x00,
    0x00,0x00,0x0A,0xFF,0xFF,0xFF,0xFF,0xFF,0xFF,0x80,0x00,0x00,0x06,0xFF,0xFF,0xFE,
    0x27,0xFF,0xFF,0xFF,0x40,0x00,0x03,0xFF,0xFF,0xFF,0x60,0x0B,0xFF,0xFF,0xFE,0x20,
    0x01,0xDF,0xFF,0xFF,0xA0,0x00,0x2E,0xFF,0xFF,0xFB,0x00,0xAF,0xFF,0xFF,0xD1,0x00,
    0x00,0x6F,0xFF,0xFF,0xF8,0x25,0x55,0x55,0x50,0x00,0x00,0x00,0x04,0x55,0x55,0x51,
    0x1E,0xFF,0xFF,0xF3,0x00,0x00,0x00,0x0E,0xFF,0xFF,0xD0,0x09,0xFF,0xFF,0xFA,0x00,
    0x00,0x00,0x5F,0xFF,0xFF,0x70,0x02,0xFF,0xFF,0xFF,0x10,0x00,0x00,0xBF,0xFF,0xFE,
    0x10,0x00,0xBF,0xFF,0xFF,0x60,0x00,0x02,0xFF,0xFF,0xF9,0x00,0x00,0x5F,0xFF,0xFF,
    0xC0,0x00,0x08,0xFF,0xFF,0xF3,0x00,0x00,0x0D,0xFF,0xFF,0xF3,0x00,0x0E,0xFF,0xFF,
    0xC0,0x00,0x00,0x07,0xFF,0xFF,0xF9,0x00,0x5F,0xFF,0xFF,0x60,0x00,0x00,0x01,0xFF,
    0xFF,0xFE,0x10,0xBF,0xFF,0xFE,0x00,0x00,0x00,0x00,0x9F,0xFF,0xFF,0x62,0xFF,0xFF,
    0xF8,0x00,0x00,0x00,0x00,0x3F,0xFF,0xFF,0xC8,0xFF,0xFF,0xF2,0x00,0x00,0x00,0x00,
    0x0C,0xFF,0xFF,0xFF,0xFF,0xFF,0xB0,0x00,0x00,0x00,0x00,0x05,0xFF,0xFF,0xFF,0xFF,
    0xFF,0x40,0x00,0x00,0x00,0x00,0x00,0xEF,0xFF,0xFF,0xFF,0xFD,0x00,0x00,0x00,0x00,
    0x00,0x00,0x8F,0xFF,0xFF,0xFF,0xF7,0x00,0x00,0x00,0x00,0x00,0x00,0x2F,0xFF,0xFF,
    0xFF,0xF1,0x00,0x00,0x00,0x00,0x00,0x00,0x0A,0xFF,0xFF,0xFF,0xA0,0x00,0x00,0x00,
    0x00,0x00,0x00,0x04,0xFF,0xFF,0xFF,0x30,0x00,0x00,0x00,0x00,0x01,0x00,0x02,0xFF,
    0xFF,0xFC,0x00,0x00,0x00,0x00,0x00,0x6E,0x85,0x6D,0xFF,0xFF,0xF5,0x00,0x00,0x00,
    0x00,0x00,0xDF,0xFF,0xFF,0xFF,0xFF,0xD0,0x00,0x00,0x00,0x00,0x06,0xFF,0xFF,0xFF,
    0xFF,0xFF,0x30,0x00,0x00,0x00,0x00,0x0D,0xFF,0xFF,0xFF,0xFF,0xF5,0x00,0x00,0x00,
    0x00,0x00,0x05,0xCF,0xFF,0xFF,0xFC,0x30,0x00,0x00,0x00,0x00,0x00,0x00,0x02,0x57,
    0x75,0x20,0x00,0x00,0x00,0x00,0x00,0x00,0x04,0x55,0x55,0x55,0x55,0x55,0x55,0x55,
    0x40,0x0B,0xFF,0xFF,0xFF,0xFF,0xFF,0xFF,0xFF,0xB0,0x0B,0xFF,0xFF,0xFF,0xFF,0xFF,
    0xFF,0xFF,0xB0,0x0B,0xFF,0xFF,0xFF,0xFF,0xFF,0xFF,0xFF,0xB0,0x0B,0xFF,0xFF,0xFF,
    0xFF,0xFF,0xFF,0xFF,0x70,0x02,0x33,0x33,0x33,0x6F,0xFF,0xFF,0xF9,0x00,0x00,0x00,
    0x00,0x02,0xEF,0xFF,0xFF,0xB0,0x00,0x00,0x00,0x00,0x1D,0xFF,0xFF,0xFC,0x10,0x00,
    0x00,0x00,0x00,0xCF,0xFF,0xFF,0xE2,0x00,0x00,0x00,0x00,0x0A,0xFF,0xFF,0xFE,0x30,
    0x00,0x00,0x00,0x00,0x8F,0xFF,0xFF,0xF4,0x00,0x00,0x00,0x00,0x06,0xFF,0xFF,0xFF,
    0x60,0x00,0x00,0x00,0x00,0x4F,0xFF,0xFF,0xF8,0x00,0x00,0x00,0x00,0x03,0xEF,0xFF,
    0xFF,0xF8,0x88,0x88,0x88,0x80,0x0D,0xFF,0xFF,0xFF,0xFF,0xFF,0xFF,0xFF,0xF1,0x0E,
    0xFF,0xFF,0xFF,0xFF,0xFF,0xFF,0xFF,0xF1,0x0E,0xFF,0xFF,0xFF,0xFF,0xFF,0xFF,0xFF,
    0xF1,0x0E,0xFF,0xFF,0xFF,0xFF,0xFF,0xFF,0xFF,0xF1,0x00,0x00,0x00,0x03,0x7A,0xBB,
    0xA0,0x00,0x00,0x1A,0xFF,0xFF,0xFD,0x00,0x00,0x0C,0xFF,0xFF,0xFF,0xD0,0x00,0x06,
    0xFF,0xFF,0xFF,0xFD,0x00,0x00,0xBF,0xFF,0xFF,0xFF,0xC0,0x00,0x0E,0xFF,0xFF,0xFB,
    0x10,0x00,0x00,0xFF,0xFF,0xFF,0x30,0x00,0x00,0x0F,0xFF,0xFF,0xF1,0x00,0x00,0x00,
    0xFF,0xFF,0xFF,0x10,0x00,0x00,0x0F,0xFF,0xFF,0xF1,0x00,0x00,0x00,0xFF,0xFF,0xFF,
    0x10,0x00,0x00,0x0F,0xFF,0xFF,0xF1,0x00,0x01,0x27,0xFF,0xFF,0xFF,0x00,0x00,0x7F,
    0xFF,0xFF,0xFF,0xB0,0x00,0x07,0xFF,0xFF,0xFF,0xD2,0x00,0x00,0x7F,0xFF,0xFF,0xF6,
    0x00,0x00,0x07,0xFF,0xFF,0xFF,0xF7,0x00,0x00,0x49,0xCF,0xFF,0xFF,0xD0,0x00,0x00,
    0x01,0xFF,0xFF,0xFF,0x10,0x00,0x00,0x0F,0xFF,0xFF,0xF1,0x00,0x00,0x00,0xFF,0xFF,
    0xFF,0x10,0x00,0x00,0x0F,0xFF,0xFF,0xF1,0x00,0x00,0x00,0xFF,0xFF,0xFF,0x10,0x00,
    0x00,0x0F,0xFF,0xFF,0xF2,0x00,0x00,0x00,0xEF,0xFF,0xFF,0x60,0x00,0x00,0x0D,0xFF,
    0xFF,0xFF,0x96,0x00,0x00,0x9F,0xFF,0xFF,0xFF,0xD0,0x00,0x02,0xFF,0xFF,0xFF,0xFD,
    0x00,0x00,0x05,0xFF,0xFF,0xFF,0xD0,0x00,0x00,0x03,0xAE,0xFF,0xFD,0x00,0x00,0x00,
    0x00,0x02,0x33,0x30,0x00,0x8B,0xBB,0xB9,0x00,0x00,0xBF,0xFF,0xFC,0x00,0x00,0xBF,
    0xFF,0xFC,0x00,0x00,0xBF,0xFF,0xFC,0x00,0x00,0xBF,0xFF,0xFC,0x00,0x00,0xBF,0xFF,
    0xFC,0x00,0x00,0xBF,0xFF,0xFC,0x00,0x00,0xBF,0xFF,0xFC,0x00,0x00,0xBF,0xFF,0xFC,
    0x00,0x00,0xBF,0xFF,0xFC,0x00,0x00,0xBF,0xFF,0xFC,0x00,0x00,0xBF,0xFF,0xFC,0x00,
    0x00,0xBF,0xFF,0xFC,0x00,0x00,0xBF,0xFF,0xFC,0x00,0x00,0xBF,0xFF,0xFC,0x00,0x00,
    0xBF,0xFF,0xFC,0x00,0x00,0xBF,0xFF,0xFC,0x00,0x00,0xBF,0xFF,0xFC,0x00,0x00,0xBF,
    0xFF,0xFC,0x00,0x00,0xBF,0xFF,0xFC,0x00,0x00,0xBF,0xFF,0xFC,0x00,0x00,0xBF,0xFF,
    0xFC,0x00,0x00,0xBF,0xFF,0xFC,0x00,0x00,0xBF,0xFF,0xFC,0x00,0x00,0xBF,0xFF,0xFC,
    0x00,0x00,0xBF,0xFF,0xFC,0x00,0x00,0xBF,0xFF,0xFC,0x00,0x00,0xBF,0xFF,0xFC,0x00,
    0x00,0xBF,0xFF,0xFC,0x00,0x00,0xBF,0xFF,0xFC,0x00,0x00,0x23,0x33,0x32,0x00,0x7B,
    0xBA,0x84,0x00,0x00,0x00,0x09,0xFF,0xFF,0xFD,0x30,0x00,0x00,0x9F,0xFF,0xFF,0xFE,
    0x20,0x00,0x09,0xFF,0xFF,0xFF,0xFA,0x00,0x00,0x8F,0xFF,0xFF,0xFF,0xE0,0x00,0x00,
    0x08,0xFF,0xFF,0xFF,0x20,0x00,0x00,0x0E,0xFF,0xFF,0xF3,0x00,0x00,0x00,0xDF,0xFF,
    0xFF,0x40,0x00,0x00,0x0D,0xFF,0xFF,0xF4,0x00,0x00,0x00,0xDF,0xFF,0xFF,0x40,0x00,
    0x00,0x0D,0xFF,0xFF,0xF4,0x00,0x00,0x00,0xCF,0xFF,0xFF,0x40,0x00,0x00,0x0B,0xFF,
    0xFF,0xFA,0x21,0x00,0x00,0x7F,0xFF,0xFF,0xFF,0xA0,0x00,0x00,0xBF,0xFF,0xFF,0xFA,
    0x00,0x00,0x04,0xEF,0xFF,0xFF,0xA0,0x00,0x03,0xFF,0xFF,0xFF,0xFA,0x00,0x00,0xAF,
    0xFF,0xFF,0xE9,0x60,0x00,0x0C,0xFF,0xFF,0xF5,0x00,0x00,0x00,0xDF,0xFF,0xFF,0x40,
    0x00,0x00,0x0D,0xFF,0xFF,0xF4,0x00,0x00,0x00,0xDF,0xFF,0xFF,0x40,0x00,0x00,0x0D,
    0xFF,0xFF,0xF4,0x00,0x00,0x00,0xDF,0xFF,0xFF,0x30,0x00,0x00,0x2F,0xFF,0xFF,0xF3,
    0x00,0x04,0x8E,0xFF,0xFF,0xFF,0x10,0x00,0x9F,0xFF,0xFF,0xFF,0xC0,0x00,0x09,0xFF,
    0xFF,0xFF,0xF5,0x00,0x00,0x9F,0xFF,0xFF,0xF8,0x00,0x00,0x09,0xFF,0xFF,0xB5,0x00,
    0x00,0x00,0x23,0x32,0x00,0x00,0x00,0x00,0x00,0x00,0x00,0x38,0xA9,0x40,0x00,0x00,
    0x45,0x55,0x00,0x00,0x08,0xFF,0xFF,0xFB,0x20,0x00,0xDF,0xFF,0x00,0x00,0x6F,0xFF,
    0xFF,0xFF,0xE6,0x27,0xFF,0xFD,0x00,0x00,0xEF,0xFF,0xFF,0xFF,0xFF,0xFF,0xFF,0xF9,
    0x00,0x04,0xFF,0xFF,0xBB,0xFF,0xFF,0xFF,0xFF,0xF3,0x00,0x07,0xFF,0xF9,0x00,0x4D,
    0xFF,0xFF,0xFF,0x80,0x00,0x07,0xDD,0xD3,0x00,0x01,0x8E,0xFF,0xE7,0x00,0x00,0x00,
    0x00,0x00,0x00,0x00,0x01,0x32,0x00,0x00,0x00,0x00,0x00,0x00,0x00,0x00,0x00,0x00,
    0x00,0x00,0x00,0x00,0x00,0x00,0x00,0x00,0x00,0x00,0x00,0x00,0x00,0x00,0x00,0x00,
    0x00,0x00,0x00,0x00,0x00,0x00,0x00,0x00,0x00,0x00,0x00,0x00,0x00,0x00,0x00,0x00,
    0x00,0x00,0x00,0x00,0x00,0x00,0x00,0x00,0x00,0x00,0x00,0x00,0x00,0x00,0x00,0x00,
    0x00,0x00,0x00,0x00,0x00,0x00,0x00,0x00,0x00,0x00,0x00,0x00,0x00,0x00,0x00,0x00,
    0x00,0x49,0xA9,0x61,0x00,0x00,0x02,0xCF,0xFF,0xFF,0xE4,0x00,0x01,0xDF,0xFF,0xFF,
    0xFF,0xF4,0x00,0x8F,0xFF,0x73,0x5D,0xFF,0xD0,0x0E,0xFF,0x60,0x00,0x1E,0xFF,0x41,
    0xFF,0xF0,0x00,0x00,0xAF,0xF6,0x1F,0xFF,0x10,0x00,0x0B,0xFF,0x60,0xDF,0xF8,0x00,
    0x03,0xFF,0xF3,0x07,0xFF,0xFA,0x67,0xEF,0xFC,0x00,0x0B,0xFF,0xFF,0xFF,0xFE,0x20,
    0x00,0x19,0xFF,0xFF,0xFC,0x30,0x00,0x00,0x02,0x68,0x74,0x00,0x00,0x00,0x00,0x00,
    0x00,0x00,0x00,0x00,0x00,0x00,0x00,0x00,0x00,0x00,0x00,0x00,0x00,0x00,0x00,0x00,
    0x00,0x00,0x00,0x00,0x00,0x00,0x00,0x00,0x00,0x00,0x00,0x00,0x00,0x00,0x00,0x00,
    0x00,0x00,0x00,0x00,0x00,0x00,0x00,0x00,0x00,0x00,0x00,0x00,0x00,0x00,0x00,0x00,
    0x00,0x00,0x00,0x00,0x00,0x00,0x00,0x00,0x00,0x00,0x00,0x00,0x00,0x00,0x00,0x00,
    0x00,0x00,0x00,0x00,0x00,
};

static const lv_font_fmt_txt_glyph_dsc_t glyph_dsc[] = {
    {.bitmap_index = 0, .adv_w = 0, .box_w = 0, .box_h = 0, .ofs_x = 0, .ofs_y = 0},
    {.bitmap_index = 0, .adv_w = 144, .box_w = 0, .box_h = 0, .ofs_x = 0, .ofs_y = 0},
    {.bitmap_index = 0, .adv_w = 160, .box_w = 10, .box_h = 24, .ofs_x = 0, .ofs_y = -1},
    {.bitmap_index = 120, .adv_w = 240, .box_w = 15, .box_h = 23, .ofs_x = 0, .ofs_y = 0},
    {.bitmap_index = 293, .adv_w = 368, .box_w = 23, .box_h = 23, .ofs_x = 0, .ofs_y = 0},
    {.bitmap_index = 558, .adv_w = 336, .box_w = 21, .box_h = 31, .ofs_x = 0, .ofs_y = -4},
    {.bitmap_index = 884, .adv_w = 464, .box_w = 29, .box_h = 24, .ofs_x = 0, .ofs_y = -1},
    {.bitmap_index = 1232, .adv_w = 384, .box_w = 24, .box_h = 24, .ofs_x = 0, .ofs_y = -1},
    {.bitmap_index = 1520, .adv_w = 128, .box_w = 8, .box_h = 23, .ofs_x = 0, .ofs_y = 0},
    {.bitmap_index = 1612, .adv_w = 192, .box_w = 12, .box_h = 31, .ofs_x = 0, .ofs_y = -7},
    {.bitmap_index = 1798, .adv_w = 192, .box_w = 13, .box_h = 31, .ofs_x = -1, .ofs_y = -7},
    {.bitmap_index = 2000, .adv_w = 224, .box_w = 15, .box_h = 24, .ofs_x = 0, .ofs_y = 0},
    {.bitmap_index = 2180, .adv_w = 320, .box_w = 20, .box_h = 19, .ofs_x = 0, .ofs_y = 0},
    {.bitmap_index = 2370, .adv_w = 144, .box_w = 9, .box_h = 13, .ofs_x = 0, .ofs_y = -6},
    {.bitmap_index = 2429, .adv_w = 192, .box_w = 12, .box_h = 12, .ofs_x = 0, .ofs_y = 0},
    {.bitmap_index = 2501, .adv_w = 144, .box_w = 9, .box_h = 8, .ofs_x = 0, .ofs_y = -1},
    {.bitmap_index = 2537, .adv_w = 208, .box_w = 17, .box_h = 31, .ofs_x = -2, .ofs_y = -4},
    {.bitmap_index = 2801, .adv_w = 352, .box_w = 22, .box_h = 24, .ofs_x = 0, .ofs_y = -1},
    {.bitmap_index = 3065, .adv_w = 208, .box_w = 13, .box_h = 23, .ofs_x = 0, .ofs_y = 0},
    {.bitmap_index = 3215, .adv_w = 304, .box_w = 20, .box_h = 23, .ofs_x = -1, .ofs_y = 0},
    {.bitmap_index = 3445, .adv_w = 304, .box_w = 20, .box_h = 24, .ofs_x = -1, .ofs_y = -1},
    {.bitmap_index = 3685, .adv_w = 352, .box_w = 23, .box_h = 23, .ofs_x = 0, .ofs_y = 0},
    {.bitmap_index = 3950, .adv_w = 304, .box_w = 19, .box_h = 24, .ofs_x = 0, .ofs_y = -1},
    {.bitmap_index = 4178, .adv_w = 336, .box_w = 21, .box_h = 24, .ofs_x = 0, .ofs_y = -1},
    {.bitmap_index = 4430, .adv_w = 320, .box_w = 20, .box_h = 23, .ofs_x = 0, .ofs_y = 0},
    {.bitmap_index = 4660, .adv_w = 336, .box_w = 21, .box_h = 24, .ofs_x = 0, .ofs_y = -1},
    {.bitmap_index = 4912, .adv_w = 336, .box_w = 21, .box_h = 24, .ofs_x = 0, .ofs_y = -1},
    {.bitmap_index = 5164, .adv_w = 144, .box_w = 9, .box_h = 19, .ofs_x = 0, .ofs_y = -1},
    {.bitmap_index = 5250, .adv_w = 144, .box_w = 9, .box_h = 24, .ofs_x = 0, .ofs_y = -6},
    {.bitmap_index = 5358, .adv_w = 320, .box_w = 20, .box_h = 20, .ofs_x = 0, .ofs_y = 0},
    {.bitmap_index = 5558, .adv_w = 320, .box_w = 20, .box_h = 18, .ofs_x = 0, .ofs_y = 0},
    {.bitmap_index = 5738, .adv_w = 320, .box_w = 20, .box_h = 20, .ofs_x = 0, .ofs_y = 0},
    {.bitmap_index = 5938, .adv_w = 304, .box_w = 20, .box_h = 24, .ofs_x = -1, .ofs_y = -1},
    {.bitmap_index = 6178, .adv_w = 528, .box_w = 33, .box_h = 30, .ofs_x = 0, .ofs_y = -7},
    {.bitmap_index = 6673, .adv_w = 400, .box_w = 27, .box_h = 23, .ofs_x = -1, .ofs_y = 0},
    {.bitmap_index = 6984, .adv_w = 400, .box_w = 25, .box_h = 23, .ofs_x = 0, .ofs_y = 0},
    {.bitmap_index = 7272, .adv_w = 368, .box_w = 24, .box_h = 24, .ofs_x = 0, .ofs_y = -1},
    {.bitmap_index = 7560, .adv_w = 416, .box_w = 26, .box_h = 23, .ofs_x = 0, .ofs_y = 0},
    {.bitmap_index = 7859, .adv_w = 352, .box_w = 22, .box_h = 23, .ofs_x = 0, .ofs_y = 0},
    {.bitmap_index = 8112, .adv_w = 336, .box_w = 21, .box_h = 23, .ofs_x = 0, .ofs_y = 0},
    {.bitmap_index = 8354, .adv_w = 400, .box_w = 25, .box_h = 24, .ofs_x = 0, .ofs_y = -1},
    {.bitmap_index = 8654, .adv_w = 416, .box_w = 26, .box_h = 23, .ofs_x = 0, .ofs_y = 0},
    {.bitmap_index = 8953, .adv_w = 176, .box_w = 11, .box_h = 23, .ofs_x = 0, .ofs_y = 0},
    {.bitmap_index = 9080, .adv_w = 288, .box_w = 19, .box_h = 24, .ofs_x = -1, .ofs_y = -1},
    {.bitmap_index = 9308, .adv_w = 384, .box_w = 25, .box_h = 23, .ofs_x = 0, .ofs_y = 0},
    {.bitmap_index = 9596, .adv_w = 320, .box_w = 20, .box_h = 23, .ofs_x = 0, .ofs_y = 0},
    {.bitmap_index = 9826, .adv_w = 496, .box_w = 31, .box_h = 23, .ofs_x = 0, .ofs_y = 0},
    {.bitmap_index = 10183, .adv_w = 416, .box_w = 26, .box_h = 23, .ofs_x = 0, .ofs_y = 0},
    {.bitmap_index = 10482, .adv_w = 432, .box_w = 27, .box_h = 24, .ofs_x = 0, .ofs_y = -1},
    {.bitmap_index = 10806, .adv_w = 384, .box_w = 24, .box_h = 23, .ofs_x = 0, .ofs_y = 0},
    {.bitmap_index = 11082, .adv_w = 432, .box_w = 28, .box_h = 29, .ofs_x = 0, .ofs_y = -6},
    {.bitmap_index = 11488, .adv_w = 384, .box_w = 24, .box_h = 23, .ofs_x = 0, .ofs_y = 0},
    {.bitmap_index = 11764, .adv_w = 336, .box_w = 21, .box_h = 24, .ofs_x = 0, .ofs_y = -1},
    {.bitmap_index = 12016, .adv_w = 320, .box_w = 21, .box_h = 23, .ofs_x = 0, .ofs_y = 0},
    {.bitmap_index = 12258, .adv_w = 400, .box_w = 25, .box_h = 24, .ofs_x = 0, .ofs_y = -1},
    {.bitmap_index = 12558, .adv_w = 400, .box_w = 26, .box_h = 23, .ofs_x = -1, .ofs_y = 0},
    {.bitmap_index = 12857, .adv_w = 608, .box_w = 38, .box_h = 23, .ofs_x = 0, .ofs_y = 0},
    {.bitmap_index = 13294, .adv_w = 384, .box_w = 25, .box_h = 23, .ofs_x = -1, .ofs_y = 0},
    {.bitmap_index = 13582, .adv_w = 352, .box_w = 24, .box_h = 23, .ofs_x = -1, .ofs_y = 0},
    {.bitmap_index = 13858, .adv_w = 352, .box_w = 22, .box_h = 23, .ofs_x = 0, .ofs_y = 0},
    {.bitmap_index = 14111, .adv_w = 192, .box_w = 13, .box_h = 31, .ofs_x = 0, .ofs_y = -7},
    {.bitmap_index = 14313, .adv_w = 208, .box_w = 17, .box_h = 31, .ofs_x = -2, .ofs_y = -4},
    {.bitmap_index = 14577, .adv_w = 192, .box_w = 12, .box_h = 31, .ofs_x = 0, .ofs_y = -7},
    {.bitmap_index = 14763, .adv_w = 320, .box_w = 20, .box_h = 18, .ofs_x = 0, .ofs_y = 0},
    {.bitmap_index = 14943, .adv_w = 256, .box_w = 16, .box_h = 4, .ofs_x = 0, .ofs_y = -4},
    {.bitmap_index = 14975, .adv_w = 304, .box_w = 19, .box_h = 25, .ofs_x = 0, .ofs_y = 0},
    {.bitmap_index = 15213, .adv_w = 320, .box_w = 20, .box_h = 19, .ofs_x = 0, .ofs_y = -1},
    {.bitmap_index = 15403, .adv_w = 352, .box_w = 22, .box_h = 25, .ofs_x = 0, .ofs_y = -1},
    {.bitmap_index = 15678, .adv_w = 304, .box_w = 19, .box_h = 19, .ofs_x = 0, .ofs_y = -1},
    {.bitmap_index = 15859, .adv_w = 352, .box_w = 22, .box_h = 25, .ofs_x = 0, .ofs_y = -1},
    {.bitmap_index = 16134, .adv_w = 336, .box_w = 21, .box_h = 19, .ofs_x = 0, .ofs_y = -1},
    {.bitmap_index = 16334, .adv_w = 208, .box_w = 14, .box_h = 25, .ofs_x = 0, .ofs_y = 0},
    {.bitmap_index = 16509, .adv_w = 368, .box_w = 23, .box_h = 25, .ofs_x = 0, .ofs_y = -7},
    {.bitmap_index = 16797, .adv_w = 352, .box_w = 22, .box_h = 24, .ofs_x = 0, .ofs_y = 0},
    {.bitmap_index = 17061, .adv_w = 160, .box_w = 10, .box_h = 26, .ofs_x = 0, .ofs_y = 0},
    {.bitmap_index = 17191, .adv_w = 160, .box_w = 13, .box_h = 33, .ofs_x = -3, .ofs_y = -7},
    {.bitmap_index = 17406, .adv_w = 352, .box_w = 23, .box_h = 24, .ofs_x = 0, .ofs_y = 0},
    {.bitmap_index = 17682, .adv_w = 160, .box_w = 10, .box_h = 24, .ofs_x = 0, .ofs_y = 0},
    {.bitmap_index = 17802, .adv_w = 528, .box_w = 33, .box_h = 18, .ofs_x = 0, .ofs_y = 0},
    {.bitmap_index = 18099, .adv_w = 352, .box_w = 22, .box_h = 18, .ofs_x = 0, .ofs_y = 0},
    {.bitmap_index = 18297, .adv_w = 336, .box_w = 21, .box_h = 19, .ofs_x = 0, .ofs_y = -1},
    {.bitmap_index = 18497, .adv_w = 352, .box_w = 22, .box_h = 25, .ofs_x = 0, .ofs_y = -7},
    {.bitmap_index = 18772, .adv_w = 352, .box_w = 22, .box_h = 25, .ofs_x = 0, .ofs_y = -7},
    {.bitmap_index = 19047, .adv_w = 224, .box_w = 14, .box_h = 18, .ofs_x = 0, .ofs_y = 0},
    {.bitmap_index = 19173, .adv_w = 288, .box_w = 18, .box_h = 19, .ofs_x = 0, .ofs_y = -1},
    {.bitmap_index = 19344, .adv_w = 224, .box_w = 14, .box_h = 23, .ofs_x = 0, .ofs_y = -1},
    {.bitmap_index = 19505, .adv_w = 352, .box_w = 22, .box_h = 19, .ofs_x = 0, .ofs_y = -1},
    {.bitmap_index = 19714, .adv_w = 320, .box_w = 22, .box_h = 18, .ofs_x = -1, .ofs_y = 0},
    {.bitmap_index = 19912, .adv_w = 496, .box_w = 32, .box_h = 18, .ofs_x = -1, .ofs_y = 0},
    {.bitmap_index = 20200, .adv_w = 320, .box_w = 21, .box_h = 18, .ofs_x = -1, .ofs_y = 0},
    {.bitmap_index = 20389, .adv_w = 320, .box_w = 22, .box_h = 25, .ofs_x = -1, .ofs_y = -7},
    {.bitmap_index = 20664, .adv_w = 288, .box_w = 18, .box_h = 18, .ofs_x = 0, .ofs_y = 0},
    {.bitmap_index = 20826, .adv_w = 208, .box_w = 13, .box_h = 31, .ofs_x = 0, .ofs_y = -7},
    {.bitmap_index = 21028, .adv_w = 160, .box_w = 10, .box_h = 31, .ofs_x = 0, .ofs_y = -7},
    {.bitmap_index = 21183, .adv_w = 208, .box_w = 13, .box_h = 31, .ofs_x = 0, .ofs_y = -7},
    {.bitmap_index = 21385, .adv_w = 320, .box_w = 20, .box_h = 15, .ofs_x = 0, .ofs_y = 0},
    {.bitmap_index = 21535, .adv_w = 208, .box_w = 13, .box_h = 23, .ofs_x = 0, .ofs_y = 0},
};

static const lv_font_fmt_txt_cmap_t cmaps[] = {
    {
        .range_start = 0x20, .range_length = 95,
        .glyph_id_start = 1,
        .unicode_list = NULL, .glyph_id_ofs_list = NULL, .list_length = 0,
        .type = LV_FONT_FMT_TXT_CMAP_FORMAT0_TINY
    },
    {
        .range_start = 0xB0, .range_length = 1,
        .glyph_id_start = 96,
        .unicode_list = NULL, .glyph_id_ofs_list = NULL, .list_length = 0,
        .type = LV_FONT_FMT_TXT_CMAP_FORMAT0_TINY
    }
};

static lv_font_fmt_txt_glyph_cache_t cache;

static const lv_font_fmt_txt_dsc_t font_dsc = {
    .glyph_bitmap = glyph_bitmap,
    .glyph_dsc = glyph_dsc,
    .cmaps = cmaps,
    .kern_dsc = NULL,
    .kern_scale = 0,
    .cmap_num = 2,
    .bpp = 4,
    .kern_classes = 0,
    .bitmap_format = 0,
    .cache = &cache
};

const lv_font_t font_montserrat_extrabold_32 = {
    .get_glyph_dsc = lv_font_get_glyph_dsc_fmt_txt,
    .get_glyph_bitmap = lv_font_get_bitmap_fmt_txt,
    .line_height = 40,
    .base_line = 9,
    .subpx = LV_FONT_SUBPX_NONE,
    .underline_position = -1,
    .underline_thickness = 1,
    .dsc = &font_dsc,
    .fallback = &lv_font_montserrat_32
};
